cath	4 36 21 59
afal	4 21 6 40 20 45
mynydd	4 47 30 6 49 32 39
ceffyl	4 36 23 6 41 32 45
ysgrifennu	30 56 6 36 54 24 6 4 40 22 6 49 32
gwyn	4 42 73 49
siop	4 57 26 53
chwaraeon	37 64 20 6 4 54 70 6 26 49
gwlad	4 42 28 6 45 20 38
nghalon	4 52 20 6 45 26 49
sgrwtlaniog	56 36 54 28 58 6 4 45 20 49 6 63 26 42
blipnwg	4 35 45 24 53 6 49 28 42
chwimplyn	4 37 64 24 47 6 53 45 32 49
'ail	4 65 45
'di'r	4 38 24 54
'nes	4 49 23 56
'r	4 54
'w	4 29
a'm	4 20 47
ab	4 21 35
abercraf	20 6 4 35 22 54 6 36 54 20 40
aberfan	20 6 4 35 22 54 6 40 20 49
aberlleiniog	20 6 35 22 54 6 4 46 66 49 6 63 26 42
aberteifi	20 6 35 22 54 6 4 58 66 6 40 24
abl	4 20 35 45
ac	4 20 36
access	4 20 6 36 22 56
acha	4 21 6 37 20
achosion	20 6 4 37 26 6 57 26 49
achubodd	20 6 4 37 33 6 35 26 39
achwynwyr	20 6 4 37 73 6 49 73 54
act	4 20 36 58
actol	4 20 36 6 58 26 45
adargraffiad	20 6 38 20 54 6 4 42 54 20 41 6 63 20 38
addasa	20 6 4 39 21 6 56 20
addaswyd	20 6 4 39 21 6 56 73 38
addewidion	20 6 39 67 6 4 24 38 6 63 26 49
addolgar	20 6 4 39 26 45 6 42 20 54
addurn	4 21 6 39 32 54 49
addysg	4 21 6 39 32 56 36
addysgwyr	20 6 4 39 30 56 6 36 73 54
adeiladol	20 6 38 66 6 4 45 21 6 38 26 45
adeiladydd	20 6 38 66 6 4 45 21 6 38 32 39
adennill	20 6 4 38 22 6 49 24 46
adfeilion	20 38 6 4 40 66 45 6 63 26 49
adfyfyriol	20 38 6 40 30 6 4 40 30 54 6 63 26 45
adlamu	20 38 6 4 45 20 6 47 32
adlewyrchir	20 38 6 45 67 6 4 30 54 6 37 24 54
adloniant	20 38 6 4 45 26 49 6 63 20 49 58
adnabyddiaeth	20 38 6 49 20 6 4 35 30 39 6 63 70 59
adnewyddiad	20 38 6 49 67 6 4 30 39 6 63 20 38
adobe	20 6 4 38 27 6 35 22
adran	4 20 38 6 54 20 49
adrenalin	20 38 6 54 22 6 4 49 20 6 45 24 49
adroddodd	20 38 6 4 54 27 6 39 26 39
adwaith	4 20 38 6 64 65 59
adwythig	20 6 4 38 73 6 59 24 42
aeddfedu	70 39 6 4 40 23 6 38 32
aelwyd	4 70 6 45 73 38
aerwy	4 70 6 54 73
af	4 21 40
afanc	4 21 6 40 20 51 36
affrig	4 20 41 6 54 24 42
aflafar	20 40 6 4 45 21 6 40 20 54
aflonyddu	20 40 6 45 26 6 4 49 30 6 39 32
afradlonedd	20 40 6 54 20 38 6 4 45 26 6 49 22 39
afrosgo	20 40 6 4 54 26 56 6 36 26
agenda'r	20 6 4 42 22 49 6 38 20 54
agorais	20 6 4 42 26 6 54 65 56
agorodd	20 6 4 42 26 6 54 26 39
agosaf	20 6 4 42 27 6 56 20 40
ai'n	4 65 49
ailadeiladwyd	65 6 45 20 6 38 66 6 4 45 21 6 38 73 38
ailargraffwyd	65 6 45 20 54 6 4 42 54 21 6 41 73 38
ailddechrau	65 45 6 4 39 22 37 6 54 69
ailenwyd	65 6 4 45 22 6 49 73 38
ailgychwyn	65 45 6 4 42 30 6 37 73 49
ailgynhesu	65 45 6 42 30 6 4 50 23 6 56 32
ailsefydlu	65 45 6 56 22 6 4 40 30 38 6 45 32
ailystyried	65 6 45 30 56 6 4 58 30 54 6 63 22 38
alarch	4 20 6 45 20 54 37
albanwyr	20 45 6 4 35 20 6 49 73 54
alcemi	20 45 6 4 36 22 6 47 24
alergaidd	20 6 4 45 22 54 6 42 65 39
all	4 20 46
allanfeydd	20 6 4 46 20 49 6 40 71 39
allem	4 20 6 46 22 47
allgyrsiol	20 46 6 4 42 30 54 6 57 26 45
alltudiaeth	20 46 6 4 58 32 38 6 63 70 59
allu	4 20 6 46 32
allweddau	20 46 6 4 64 23 6 39 69
allyrru	20 6 4 46 30 6 54 32
aloma	20 6 4 45 26 6 47 20
alwad	4 20 45 6 64 20 38
alwodd	4 20 45 6 64 26 39
amaethdy	20 6 4 47 70 59 6 38 32
amaon	20 6 4 47 21 6 26 49
ambell	4 20 47 6 35 22 46
amcangyfrifon	20 47 6 36 20 6 51 30 40 6 4 54 25 6 40 26 49
amdanat	20 47 6 4 38 20 6 49 20 58
amdanynt	20 47 6 4 38 20 6 49 32 49 58
amddiffyniad	20 47 6 39 24 6 4 41 30 49 6 63 20 38
amdo	4 20 47 6 38 26
amerig	20 6 4 47 22 6 54 24 42
amgenach	20 47 6 4 42 22 6 49 20 37
amgylch	4 20 47 6 42 32 45 37
amgylchu'r	20 47 6 4 42 30 45 6 37 32 54
amharodrwydd	20 6 48 20 6 4 54 26 38 6 54 73 39
amherthnasol	20 6 48 22 54 6 4 59 49 21 6 56 26 45
amheuwn	20 6 4 48 71 6 28 49
amhosibl	20 6 4 48 27 6 56 24 35 45
aml	4 20 47 45
amlddewis	20 47 6 4 45 39 67 6 24 56
amlgellog	20 47 6 4 45 42 22 6 46 26 42
amlinelliad	20 47 6 45 24 6 4 49 22 46 6 63 20 38
amlochrog	20 47 6 4 45 26 37 6 54 26 42
amlygid	20 47 6 4 45 30 6 42 24 38
amnewid	20 47 6 4 49 67 6 24 38
amrannau	20 47 6 4 54 20 6 49 69
amryfal	20 47 6 4 54 30 6 40 20 45
amrywiaeth	20 47 6 54 76 6 4 25 6 70 59
amserwch	20 47 6 4 56 22 6 54 28 37
amynedd	20 6 4 47 30 6 49 22 39
anaddas	20 6 4 49 21 6 39 20 56
anadlwn	20 6 4 49 20 38 6 45 28 49
anaerobig	20 6 49 70 6 4 54 27 6 35 24 42
analluog	20 6 49 20 6 4 46 33 6 26 42
anawdurdodedig	20 6 49 77 6 38 32 54 6 38 26 6 4 38 23 6 38 24 42
andwyo	20 49 6 4 38 73 6 26
aneffeithlon	20 6 49 22 6 4 41 66 59 6 45 26 49
anelwn	20 6 4 49 22 6 45 28 49
anesmwyth	20 6 4 49 22 56 6 47 73 59
anfanteisiol	20 49 6 40 20 49 6 4 58 66 6 57 26 45
anfeidraidd	20 49 6 4 40 66 38 6 54 65 39
anffawd	4 20 49 6 41 77 38
anffyddlondeb	20 49 6 41 30 39 6 4 45 26 49 6 38 22 35
anfoesgar	20 49 6 4 40 72 56 6 36 20 54
anfonid	20 49 6 4 40 26 6 49 24 38
anfwriadol	20 49 6 40 28 54 6 4 63 21 6 38 26 45
angenrheidiol	20 6 51 22 49 6 4 55 66 38 6 63 26 45
anghenraid	20 6 4 52 22 49 6 54 65 38
anghofiedig	20 6 52 26 40 6 4 63 23 6 38 24 42
anghofiwyd	20 6 4 52 26 40 6 63 73 38
anghrefydd	20 52 6 4 54 23 6 40 32 39
anghydweld	20 6 4 52 30 38 6 64 22 45 38
anghyffyrddus	20 6 52 30 6 4 41 30 54 6 39 32 56
anghyfreithlon	20 6 52 30 40 6 4 54 66 59 6 45 26 49
anghymodlon	20 6 52 30 6 4 47 26 38 6 45 26 49
anghysondebau	20 6 52 30 6 56 26 49 6 4 38 23 6 35 69
anghytuno	20 6 52 30 6 4 58 32 6 49 26
anglicanaidd	20 51 6 45 24 6 4 36 20 6 49 65 39
angorwyd	20 6 4 51 26 6 54 73 38
anheddiad	20 6 4 50 22 39 6 63 20 38
anhrugarog	20 50 6 54 32 6 4 42 20 6 54 26 42
anhyddysg	20 6 4 50 30 6 39 32 56 36
anial	4 20 49 6 63 20 45
anifeiliaid	20 6 49 24 6 4 40 66 45 6 63 65 38
anlwcus	20 49 6 4 45 28 6 36 32 56
annedd	4 20 6 49 22 39
annheg	4 20 49 6 50 22 42
annibynnol	20 6 49 24 6 4 35 30 6 49 26 45
annigonol	20 6 49 24 6 4 42 26 6 49 26 45
annisgwyl	20 6 4 49 24 56 6 36 73 45
annormal	20 6 4 49 26 54 6 47 20 45
anobeithio	20 6 49 26 6 4 35 66 59 6 63 26
anogai	20 6 4 49 27 6 42 65
anorecsia'n	20 6 49 26 6 4 54 22 36 6 57 20 49
anrhegur	20 49 6 4 55 23 6 42 32 54
anrhywiol	20 49 6 55 76 6 4 25 6 26 45
ansiofi	20 49 6 4 57 27 6 40 24
ansylweddol	20 49 6 56 30 45 6 4 64 23 6 39 26 45
anticlin	20 49 6 4 58 24 36 6 45 24 49
anturus	20 49 6 4 58 32 6 54 32 56
anwadalwch	20 49 6 64 20 6 4 38 20 6 45 28 37
anweddol	20 49 6 4 64 23 6 39 26 45
anwesais	20 49 6 4 64 23 6 56 65 56
anwybodus	20 6 49 73 6 4 35 27 6 38 32 56
anwyldeb	20 6 4 49 73 45 6 38 22 35
anystwythder	20 6 49 30 56 6 4 58 73 59 6 38 22 54
apeliai	20 6 4 53 22 45 6 63 65
apothecari	20 6 53 26 6 59 22 6 4 36 20 6 54 24
arabiaid	20 6 4 54 20 35 6 63 65 38
arafu	20 6 4 54 21 6 40 32
aran	4 20 6 54 20 49
arbenigedd	20 54 6 35 22 6 4 49 25 6 42 22 39
arberth	4 20 54 6 35 22 54 59
arcêd	4 20 54 6 36 23 38
archebir	20 54 6 4 37 23 6 35 24 54
archfarchnad	20 54 6 4 37 40 20 54 6 37 49 20 38
archodd	4 20 54 6 37 26 39
archwilio	20 54 6 4 37 64 24 45 6 63 26
archwilydd	20 54 6 4 37 64 24 6 45 32 39
arddangosfa	20 54 6 39 20 6 4 51 26 56 6 40 20
arddel	4 20 54 6 39 22 45
arddu	4 20 54 6 39 32
ardraws	4 20 54 6 38 54 77 56
areithwyr	20 6 4 54 66 6 59 73 54
arestio	20 6 4 54 22 56 6 58 63 26
arfarnu	20 54 6 4 40 20 54 6 49 32
arferedig	20 54 6 40 22 6 4 54 23 6 38 24 42
arferwyd	20 54 6 4 40 22 6 54 73 38
argaeau	20 54 6 4 42 70 6 69
arglwyddiaethau	20 54 6 42 45 73 39 6 4 63 70 6 59 69
argraff	4 20 54 6 42 54 20 41
argraffur	20 54 6 4 42 54 21 6 41 32 54
argyfyngau	20 54 6 42 30 6 4 40 30 6 51 69
argyhoeddir	20 54 6 42 30 6 4 43 72 6 39 24 54
argymhellwyd	20 54 6 42 30 6 4 48 22 6 46 73 38
arhosai	20 6 4 55 27 6 56 65
arhoswn	20 6 4 55 27 6 56 28 49
ariannol	20 54 6 4 63 20 6 49 26 45
aristocrataidd	20 6 54 24 56 6 58 26 36 6 4 54 20 6 58 65 39
arloesi	20 54 6 4 45 72 6 56 24
arlunydd	20 54 6 4 45 32 6 49 32 39
armada	20 54 6 4 47 21 6 38 20
arni	4 20 54 6 49 24
arnon	4 20 54 6 49 26 49
arogleuon	20 6 54 26 42 6 4 45 71 6 26 49
arolygir	20 6 54 26 6 4 45 30 6 42 24 54
arosasant	20 6 54 26 6 4 56 21 6 56 20 49 58
arsyllfa	20 54 6 4 56 30 46 6 40 20
arthrol	4 20 54 6 59 54 26 45
aruthr	4 20 6 54 32 59 54
arweiniad	20 54 6 4 64 66 49 6 63 20 38
arweinlyfr	20 54 6 4 64 66 49 6 45 32 40 54
arwerthwyr	20 54 6 4 64 22 54 6 59 73 54
arwyddair	20 6 4 54 73 6 39 65 54
arwyddwyd	20 6 4 54 73 6 39 73 38
arysgrif	20 6 4 54 30 56 6 36 54 24 40
asedau	20 6 4 56 23 6 38 69
asesiadau	20 6 56 22 6 4 57 21 6 38 69
asffalt	4 20 56 6 41 20 45 58
asiantaethau	20 6 57 20 49 6 4 58 70 6 59 69
asthma	4 20 56 6 59 47 20
astudio'r	20 56 6 4 58 32 38 6 63 26 54
at	4 20 58
atalnodi	20 6 58 20 45 6 4 49 27 6 38 24
atebir	20 6 4 58 23 6 35 24 54
ategais	20 6 4 58 23 6 42 65 56
atelir	20 6 4 58 22 6 45 24 54
atgoffodd	20 58 6 4 42 27 6 41 26 39
atgyfnerthir	20 58 6 42 30 40 6 4 49 22 54 6 59 24 54
atgynhyrchwyd	20 58 6 42 30 6 4 50 30 54 6 37 73 38
athletaidd	20 59 6 4 45 22 6 58 65 39
athrawiaethau	20 59 6 54 77 6 24 6 4 70 6 59 69
athronwyr	20 59 6 4 54 26 6 49 73 54
atie	4 20 58 6 63 22
atodi	20 6 4 58 27 6 38 24
atomau	20 6 4 58 26 6 47 69
atyn	4 20 6 58 32 49
aubrey	4 69 35 6 54 71
awdl	4 77 38 45
awdurdodi	77 6 38 32 54 6 4 38 27 6 38 24
awelon	77 6 4 22 6 45 26 49
awgrymai	77 42 6 4 54 30 6 47 65
awgrymir	77 42 6 4 54 30 6 47 24 54
awron	4 77 6 54 26 49
awydd	4 77 6 32 39
awyriad	77 6 4 30 54 6 63 20 38
babandod	35 20 6 4 35 20 49 6 38 26 38
bach	4 35 21 37
bachodd	4 35 21 6 37 26 39
baco	4 35 20 6 36 26
badell	4 35 21 6 38 22 46
baen	4 35 70 49
baganiaid	35 20 6 4 42 20 49 6 63 65 38
baglau	4 35 20 42 6 45 69
bair	4 35 65 54
balchder	4 35 20 45 6 37 38 22 54
balmant	4 35 20 45 6 47 20 49 58
banadl	4 35 20 6 49 20 38 45
bancwr	4 35 20 51 6 36 28 54
baneli	35 20 6 4 49 22 6 45 24
bannu	4 35 20 6 49 32
bar	4 35 20 54
barasiwt	35 20 6 4 54 20 6 57 28 58
barbariaid	35 20 54 6 4 35 20 54 6 63 65 38
barchu	4 35 20 54 6 37 32
barddas	4 35 20 54 6 39 20 56
barfog	4 35 20 54 6 40 26 42
barhaodd	35 20 6 4 55 21 6 26 39
baris	4 35 20 6 54 24 56
barnwr	4 35 20 54 6 49 28 54
barrau	4 35 20 6 54 69
barthau	4 35 20 54 6 59 69
baru	4 35 20 6 54 32
base	4 35 21 6 56 22
basgeg	4 35 20 56 6 36 22 42
basn	4 35 20 56 49
bath	4 35 21 59
baton	4 35 20 6 58 26 49
bawd	4 35 77 38
bechan	4 35 23 6 37 20 49
becynnau	35 22 6 4 36 30 6 49 69
beddrod	4 35 22 39 6 54 26 38
bedwaredd	35 22 38 6 4 64 20 6 54 22 39
bedyddio	35 22 6 4 38 30 39 6 63 26
beiau	4 35 66 6 69
beichiogrwydd	35 66 37 6 4 63 26 42 6 54 73 39
beiddio	4 35 66 39 6 63 26
beintior	4 35 66 49 6 58 63 26 54
beirniad	4 35 66 54 6 49 63 20 38
beirniadur	35 66 54 6 4 49 63 21 6 38 32 54
bêl	4 35 23 45
bellaf	4 35 22 6 46 20 40
benawdau	35 22 6 4 49 77 6 38 69
bencampwr	35 22 51 6 4 36 20 47 6 53 28 54
benderfynodd	35 22 49 6 38 22 54 6 4 40 30 6 49 26 39
bendithio	35 22 49 6 4 38 24 59 6 63 26
bengal	4 35 22 6 51 20 45
benllanw	35 22 49 6 4 46 20 6 49 28
bennawd	4 35 22 6 49 77 38
benodedig	35 22 6 49 26 6 4 38 23 6 38 24 42
benodwyd	35 22 6 4 49 27 6 38 73 38
benthyciad	35 22 49 6 4 59 30 36 6 63 20 38
bentyrrau	35 22 49 6 4 58 30 6 54 69
benyw	4 35 22 6 49 76
berchenogion	35 22 54 6 37 22 6 4 49 26 42 6 63 26 49
berfau	4 35 22 54 6 40 69
beristalsis	35 22 6 54 24 56 6 4 58 20 45 6 56 24 56
berpendicwlar	35 22 54 6 53 22 49 6 38 24 6 4 36 28 6 45 20 54
berswadio	35 22 54 6 4 56 64 20 38 6 63 26
berthynol	35 22 54 6 4 59 30 6 49 26 45
berwid	4 35 22 54 6 64 24 38
beryglon	35 22 6 4 54 30 42 6 45 26 49
betalau	35 22 6 4 58 20 6 45 69
bether	4 35 23 6 59 22 54
betryal	35 22 58 6 4 54 30 6 20 45
beulah	4 35 71 6 45 20 43
biau'r	4 35 63 69 54
bidio	4 35 24 38 6 63 26
bihafio	35 24 6 4 43 20 40 6 63 26
biliynau	35 24 45 6 4 63 30 6 49 69
bîns	4 35 25 49 56
biotechnoleg	35 63 26 6 58 22 37 6 4 49 26 6 45 22 42
bitsh	4 35 24 58 56 43
biwrocratiaid	35 63 28 6 54 26 36 6 4 54 20 58 6 63 65 38
blaengar	4 35 45 70 6 51 20 54
blaenoriaeth	35 45 70 6 4 49 26 54 6 63 70 59
blaguro	35 45 20 6 4 42 32 6 54 26
blanhigfa	35 45 20 6 4 50 24 42 6 40 20
blastig	4 35 45 20 56 6 58 24 42
blât	4 35 45 21 58
bleddyn	4 35 45 23 6 39 32 49
bleidleisiai	35 45 66 38 6 4 45 66 6 57 65
blêr	4 35 45 23 54
bletio	4 35 45 22 58 6 63 26
blinder	4 35 45 24 49 6 38 22 54
blismon	4 35 45 24 56 6 47 26 49
blodau'n	4 35 45 27 6 38 69 49
blodeuo	35 45 26 6 4 38 71 6 26
blodyn	4 35 45 27 6 38 32 49
blues	4 35 45 33 6 22 56
blwyf	4 35 45 73 40
blys	4 35 45 33 56
boblogaidd	35 26 35 6 4 45 27 6 42 65 39
bochlwyd	4 35 26 37 6 45 73 38
bodau	4 35 27 6 38 69
boddi	4 35 27 6 39 24
bodlon	4 35 26 38 6 45 26 49
bodlonwn	35 26 38 6 4 45 26 6 49 28 49
boen	4 35 72 49
bogel	4 35 27 6 42 22 45
boliog	4 35 26 45 6 63 26 42
bolynomial	35 26 6 45 30 6 4 49 26 47 6 63 20 45
boncyff	4 35 26 51 6 36 32 41
boneddigeiddrwydd	35 26 6 49 22 6 39 24 6 4 42 66 39 6 54 73 39
bonion	4 35 26 49 6 63 26 49
bontnewydd	35 26 49 6 4 58 49 67 6 32 39
bopeth	4 35 26 6 53 22 59
borderi	35 26 54 6 4 38 22 6 54 24
bori	4 35 26 6 54 24
borthmadog	35 26 54 6 4 59 47 21 6 38 26 42
bosibiliadau	35 26 6 56 24 6 35 24 45 6 4 63 21 6 38 69
bostfeistr	4 35 26 56 6 58 40 66 56 58 54
botes	4 35 26 6 58 22 56
bowel	4 35 75 6 22 45
brac	4 35 54 20 36
bradwyr	4 35 54 21 6 38 73 54
bragod	4 35 54 21 6 42 26 38
bram	4 35 54 20 47
bras	4 35 54 21 56
brat	4 35 54 20 58
bratiau	4 35 54 20 58 6 63 69
brawdlys	4 35 54 77 38 6 45 32 56
brech	4 35 54 23 37
brefu	4 35 54 23 6 40 32
breichled	4 35 54 66 37 6 45 22 38
breintiau	4 35 54 66 49 6 58 63 69
brenhinoedd	35 54 22 6 4 50 24 6 49 72 39
brentford	4 35 54 22 49 6 58 40 26 54 38
bresgripsiwn	35 54 22 56 6 4 36 54 24 53 6 57 28 49
brethynnau	35 54 22 6 4 59 30 6 49 69
breuddwydiol	35 54 71 6 4 39 73 38 6 63 26 45
bricsen	4 35 54 24 36 6 56 22 49
bridwerth	4 35 54 24 38 6 64 22 54 59
briff	4 35 54 25 41
brifysgol	35 54 24 6 4 40 30 56 6 36 26 45
brigyn	4 35 54 25 6 42 32 49
briod	4 35 54 63 27 38
briodoldeb	35 54 63 26 6 4 38 26 45 6 38 22 35
brisio	4 35 54 24 6 57 26
brithylliaid	35 54 24 6 4 59 30 46 6 63 65 38
briwsionyn	35 54 63 28 6 4 57 26 6 49 32 49
brodio	4 35 54 26 38 6 63 26
broffesiynol	35 54 26 6 41 22 6 4 57 30 6 49 26 45
brofi	4 35 54 27 6 40 24
brofwyd	4 35 54 27 6 40 73 38
bromin	4 35 54 26 6 47 24 49
brosesau	35 54 26 6 4 56 23 6 56 69
brown	4 35 54 75 49
brwdfrydig	35 54 28 38 6 4 40 54 30 6 38 24 42
brwydro	4 35 54 73 38 6 54 26
brychni	4 35 54 30 37 6 49 24
bryderus	35 54 30 6 4 38 22 6 54 32 56
brydlon	4 35 54 30 38 6 45 26 49
bryn	4 35 54 32 49
bryncoch	4 35 54 30 51 6 36 26 37
brynhawn	4 35 54 30 6 50 77 49
brynsiencyn	35 54 30 49 6 4 57 22 51 6 36 32 49
brynwyr	4 35 54 30 6 49 73 54
brysiwch	4 35 54 30 6 57 28 37
brywes	4 35 54 76 6 22 56
buasai'n	35 32 6 4 21 6 56 65 49
buasid	35 32 6 4 21 6 56 24 38
buchod	4 35 33 6 37 26 38
buddiannau	35 32 39 6 4 63 20 6 49 69
buddug	4 35 33 6 39 32 42
budron	4 35 32 38 6 54 26 49
bugunad	35 32 6 4 42 32 6 49 20 38
bunnoedd	4 35 32 6 49 72 39
bupur	4 35 32 6 53 32 54
busnesau	35 32 56 6 4 49 23 6 56 69
butetown	35 32 6 4 58 22 6 58 75 49
bwci	4 35 28 6 36 24
bwerus	4 35 64 22 6 54 32 56
bwlchgwyn	4 35 28 45 6 37 42 73 49
bwlian	4 35 28 45 6 63 20 49
bwnc	4 35 28 51 36
bwriad	4 35 28 54 6 63 20 38
bwriadwn	35 28 54 6 4 63 21 6 38 28 49
bwrir	4 35 28 6 54 24 54
bwrw	4 35 28 6 54 28
bŵts	4 35 29 58 56
bwydor	4 35 73 6 38 26 54
bwyleg	4 35 73 6 45 22 42
bwyntio	4 35 73 49 6 58 63 26
bwyso	4 35 73 6 56 26
bwytai	4 35 73 6 58 65
bybls	4 35 32 35 45 56
bydda	4 35 30 6 39 20
byddan	4 35 30 6 39 20 49
byddech	4 35 30 6 39 22 37
byddid	4 35 30 6 39 24 38
bydeang	35 30 6 4 38 23 6 20 51
bydwreigiaeth	35 30 6 38 28 6 4 54 66 42 6 63 70 59
bygythiol	35 30 6 4 42 30 59 6 63 26 45
byllau	4 35 30 6 46 69
bynciaur	4 35 30 51 6 36 63 69 54
byrbrydau	35 30 54 6 4 35 54 30 6 38 69
byrfyfyr	35 30 54 6 4 40 30 6 40 32 54
byrstio	4 35 30 54 6 56 58 63 26
bysellau	35 30 6 4 56 22 6 46 69
bysus	4 35 30 6 56 32 56
bythod	4 35 30 6 59 26 38
bywgraffiad	35 76 42 6 4 54 20 41 6 63 20 38
bywoliaeth	35 76 6 4 26 45 6 63 70 59
caban	4 36 21 6 35 20 49
caboledig	36 20 6 35 26 6 4 45 23 6 38 24 42
cadach	4 36 21 6 38 20 37
cadarnhau'r	36 20 6 4 38 20 54 6 50 69 54
cadeiryddion	36 20 6 38 66 6 4 54 30 39 6 63 26 49
cadnant	4 36 20 38 6 49 20 49 58
cadwa	4 36 20 38 6 64 20
cadwi	4 36 20 38 6 64 24
cadwyn	4 36 21 6 38 73 49
caeais	4 36 70 6 65 56
caen	4 36 70 49
caereinion	36 70 6 4 54 66 49 6 63 26 49
caerloyw	36 70 54 6 4 45 27 6 76
caethglud	4 36 70 59 6 42 45 32 38
caets	4 36 70 58 56
caffi	4 36 21 6 41 24
cai	4 36 65
caint	4 36 65 49 58
caleb	4 36 20 6 45 22 35
calennig	36 20 6 4 45 22 6 49 24 42
calla	4 36 20 6 46 20
calonogi	36 20 6 45 26 6 4 49 27 6 42 24
camddarllen	36 20 47 6 4 39 20 54 6 46 22 49
camdriniaeth	36 20 47 6 4 38 54 24 49 6 63 70 59
camfarnu	36 20 47 6 4 40 20 54 6 49 32
camlesi	36 20 47 6 4 45 23 6 56 24
campwaith	4 36 20 47 6 53 64 65 59
camweddau	36 20 47 6 4 64 23 6 39 69
canai	4 36 20 6 49 65
caneuon	36 20 6 4 49 71 6 26 49
canfyddiadau	36 20 49 6 40 30 39 6 4 63 21 6 38 69
canghennau'n	36 20 6 4 52 22 6 49 69 49
caniatâi	36 20 49 6 4 63 20 6 58 65
caniau	4 36 20 49 6 63 69
canlyniadau	36 20 49 6 45 30 49 6 4 63 21 6 38 69
canmoliaeth	36 20 49 6 4 47 26 45 6 63 70 59
canol	4 36 20 6 49 26 45
canolbwyntio	36 20 6 49 26 45 6 4 35 73 49 6 58 63 26
canolfannau	36 20 6 49 26 45 6 4 40 20 6 49 69
canon	4 36 20 6 49 26 49
canrannau	36 20 49 6 4 54 20 6 49 69
cant	4 36 20 49 58
canu	4 36 20 6 49 32
canys	4 36 20 6 49 32 56
capelwyr	36 20 6 4 53 22 6 45 73 54
caradog	36 20 6 4 54 21 6 38 26 42
carbon	4 36 20 54 6 35 26 49
carcharu	36 20 54 6 4 37 20 6 54 32
cardigan	36 20 54 6 4 38 25 6 42 20 49
cared	4 36 20 6 54 22 38
caren	4 36 20 6 54 22 49
caribî	36 20 6 4 54 25 6 35 25
carlam	4 36 20 54 6 45 20 47
carn	4 36 20 54 49
carol	4 36 20 6 54 26 45
carpiog	4 36 20 54 6 53 63 26 42
carthen	4 36 20 54 6 59 22 49
cartref	4 36 20 54 6 58 54 22 40
cartŵns	4 36 20 54 6 58 29 49 56
carwriaethol	36 20 6 54 28 54 6 4 63 70 6 59 26 45
casáur	4 36 21 6 56 69 54
casgliad	4 36 20 56 6 36 45 63 20 38
casglwr	4 36 20 56 6 36 45 28 54
cast	4 36 20 56 58
castio	4 36 20 56 6 58 63 26
catalog	36 20 6 4 58 20 6 45 26 42
categorïau	36 20 6 58 22 6 4 42 26 54 6 63 69
catraeth	4 36 20 58 6 54 70 59
cawg	4 36 77 42
cawsai	4 36 77 6 56 65
cebl	4 36 22 35 45
cedwid	4 36 22 38 6 64 24 38
cefndiroedd	36 22 40 6 4 49 38 24 6 54 72 39
cefnog	4 36 22 40 6 49 26 42
cefnogwr	36 22 40 6 4 49 27 6 42 28 54
cegau	4 36 23 6 42 69
ceidwad	4 36 66 38 6 64 20 38
ceinciau	4 36 66 51 6 36 63 69
ceinwen	4 36 66 49 6 64 22 49
ceisia	4 36 66 6 57 20
ceisid	4 36 66 6 56 24 38
ceisiwyd	4 36 66 6 57 73 38
celfydd	4 36 22 45 6 40 32 39
cellweirus	36 22 46 6 4 64 66 6 54 32 56
celwyddau	36 22 6 4 45 73 6 39 69
cemegau	36 22 6 4 47 23 6 42 69
cen	4 36 22 49
cenedlaethol	36 22 6 49 22 38 6 4 45 70 6 59 26 45
cenfaint	4 36 22 49 6 40 65 49 58
cenhadwr	36 22 6 4 50 21 6 38 28 54
cenllysg	4 36 22 49 6 46 32 56 36
cerbydau	36 22 54 6 4 35 30 6 38 69
cerddasant	36 22 54 6 4 39 21 6 56 20 49 58
cerddodd	4 36 22 54 6 39 26 39
cerddwch	4 36 22 54 6 39 28 37
cerfiwyd	4 36 22 54 6 40 63 73 38
cernioge	36 22 54 6 4 49 63 27 6 42 22
cert	4 36 22 54 58
cês	4 36 23 56
cethin	4 36 23 6 59 24 49
cewri	4 36 67 6 54 24
chadeiriau	37 20 6 4 38 66 54 6 63 69
chadwraeth	37 20 6 4 38 28 6 54 70 59
chaerau	4 37 70 6 54 69
chaffi	4 37 21 6 41 24
chalanmai	37 20 6 4 45 20 49 6 47 65
cham	4 37 20 47
champ	4 37 20 47 53
chanddi	4 37 20 49 6 39 24
changhennau	37 20 6 4 52 22 6 49 69
chanllawiau	37 20 49 6 46 77 6 4 25 6 69
chanolbwyntio	37 20 6 49 26 45 6 4 35 73 49 6 58 63 26
chanopi	37 20 6 4 49 26 6 53 24
chanu	4 37 20 6 49 32
char	4 37 20 54
charedigrwydd	37 20 6 54 22 6 4 38 24 42 6 54 73 39
charthffosiaeth	37 20 54 6 4 59 41 26 6 57 70 59
chas	4 37 21 56
chasnewydd	37 20 56 6 4 49 67 6 32 39
chaur	4 37 69 54
chawsoch	4 37 77 6 56 26 37
cheffylau	37 22 6 4 41 30 6 45 69
chefnogwyr	37 22 40 6 4 49 27 6 42 73 54
cheir	4 37 66 54
chelf	4 37 22 45 40
chemeg	4 37 22 6 47 22 42
cherbyd	4 37 22 54 6 35 32 38
cherddorfa	37 22 54 6 4 39 26 54 6 40 20
cherrig	4 37 22 6 54 24 42
chi'r	4 37 24 54
chiniawyr	37 24 49 6 4 63 77 6 32 54
chladdu	4 37 45 21 6 39 32
chleisiau	4 37 45 66 6 57 69
chloddi	4 37 45 27 6 39 24
chlust	4 37 45 32 56 58
chlwyd	4 37 45 73 38
chlywir	4 37 45 76 6 24 54
chnoni	4 37 49 26 6 49 24
chododd	4 37 27 6 38 26 39
choes	4 37 72 56
chofiannau	37 26 40 6 4 63 20 6 49 69
chogydd	4 37 27 6 42 32 39
chollodd	4 37 26 6 46 26 39
chopi	4 37 26 6 53 24
chorffori	37 26 54 6 4 41 26 6 54 24
chors	4 37 26 54 56
chrand	4 37 54 20 49 38
chredaf	4 37 54 23 6 38 20 40
chredyd	4 37 54 23 6 38 32 38
chreiriau	4 37 54 66 54 6 63 69
chriwiau	4 37 54 63 64 63 69
chroesfan	4 37 54 72 56 6 40 20 49
chroniclau	37 54 26 6 4 49 24 36 6 45 69
chrymodd	4 37 54 30 6 47 26 39
chrystiau	4 37 54 30 56 6 58 63 69
chwaer	4 37 64 70 54
chwalodd	4 37 64 20 6 45 26 39
chwantau	4 37 64 20 49 6 58 69
chwaraeir	37 64 20 6 4 54 70 6 24 54
chwaraewyr	37 64 20 6 4 54 70 6 73 54
chwareli	37 64 20 6 4 54 22 6 45 24
chwart	4 37 64 20 54 58
chwblhau	4 37 28 35 6 45 43 69
chwedeg	4 37 64 23 6 38 22 42
chwefror	4 37 64 22 40 6 54 26 54
chwerw	4 37 64 22 6 54 28
chwi	4 37 64 25
chwifiodd	4 37 64 24 40 6 63 26 39
chwilfriwio	4 37 64 24 45 6 40 54 63 64 63 26
chwilio	4 37 64 24 45 6 63 26
chwilota	37 64 24 6 4 45 26 6 58 20
chwipio	4 37 64 24 53 6 63 26
chwistrellwyr	37 64 24 56 6 4 58 54 22 6 46 73 54
chwmni	4 37 28 47 6 49 24
chwpwl	4 37 28 6 53 28 45
chwsg	4 37 28 56 36
chwyddo	4 37 73 6 39 26
chwyldro	4 37 73 45 6 38 54 26
chwynladdwr	37 73 49 6 4 45 21 6 39 28 54
chwyrnu	4 37 73 54 6 49 32
chwythiad	4 37 73 59 6 63 20 38
chychwynnodd	37 30 6 4 37 73 6 49 26 39
chydgordiol	37 30 38 6 4 42 26 54 6 38 63 26 45
chydweithrediad	37 30 38 6 64 66 59 6 4 54 22 38 6 63 20 38
chyfanrwydd	37 30 6 4 40 20 49 6 54 73 39
chyfaredd	37 30 6 4 40 20 6 54 22 39
chyfarwyddwr	37 30 6 40 20 6 4 54 73 6 39 28 54
chyfeiriad	37 30 6 4 40 66 54 6 63 20 38
chyffredin	37 30 41 6 4 54 23 6 38 24 49
chyffyrddodd	37 30 6 4 41 30 54 6 39 26 39
chyflaith	4 37 30 40 6 45 65 59
chyfleus	4 37 30 40 6 45 71 56
chyflwr	4 37 30 40 6 45 28 54
chyflymder	37 30 40 6 4 45 30 47 6 38 22 54
chyfododd	37 30 6 4 40 27 6 38 26 39
chyfraddau	37 30 40 6 4 54 21 6 39 69
chyfreithiol	37 30 40 6 4 54 66 59 6 63 26 45
chyfrifoldeb	37 30 40 6 54 24 6 4 40 26 45 6 38 22 35
chyfrwng	4 37 30 40 6 54 28 51
chyhoeddodd	37 30 6 4 43 72 6 39 26 39
chylch	4 37 32 45 37
chyllidwyr	37 30 6 4 46 25 6 38 73 54
chymdeithasu	37 30 47 6 38 66 6 4 59 21 6 56 32
chymharu	37 30 6 4 48 20 6 54 32
chymraeg	4 37 30 47 6 54 70 42
chymryd	4 37 30 47 6 54 32 38
chymwysterau	37 30 6 47 73 56 6 4 58 22 6 54 69
chynaeafau	37 30 6 49 70 6 4 21 6 40 69
chyngherddau	37 30 6 4 52 22 54 6 39 69
chynhelir	37 30 6 4 50 22 6 45 24 54
chynhyrchodd	37 30 6 4 50 30 54 6 37 26 39
chynllun	4 37 30 49 6 46 32 49
chynnig	4 37 30 6 49 24 42
chynorthwywyr	37 30 6 49 26 54 6 4 59 73 6 73 54
chynyddodd	37 30 6 4 49 30 6 39 26 39
chyrhaeddodd	37 30 6 4 55 70 6 39 26 39
chysgod	4 37 30 56 6 36 26 38
chysuron	37 30 6 4 56 32 6 54 26 49
chytundeb	37 30 6 4 58 32 49 6 38 22 35
chywir	4 37 76 6 24 54
cibddall	4 36 24 35 6 39 20 46
cigydd	4 36 25 6 42 32 39
ciledrychodd	36 24 6 45 22 38 6 4 54 30 6 37 26 39
cilieni	36 24 45 6 4 63 22 6 49 24
cilometr	36 24 6 4 45 26 6 47 22 58 54
ciniawa	36 24 49 6 4 63 77 6 20
cipiodd	4 36 24 53 6 63 26 39
cist	4 36 24 56 58
ciwio	4 36 63 64 63 27
claddwyd	4 36 45 21 6 39 73 38
clai	4 36 45 65
clas	4 36 45 21 56
clasurydd	36 45 20 6 4 56 32 6 54 32 39
cleddyf	4 36 45 23 6 39 32 40
cleient	4 36 45 66 6 22 49 58
clepian	4 36 45 22 53 6 63 20 49
clerigwyr	36 45 22 6 4 54 25 6 42 73 54
clinigau	36 45 24 6 4 49 25 6 42 69
clir	4 36 45 24 54
clo'r	4 36 45 26 54
clocsiau	4 36 45 26 36 6 57 69
clodwiw	4 36 45 26 38 6 64 63 28
clogyrnaidd	36 45 26 6 4 42 30 54 6 49 65 39
clorid	4 36 45 26 6 54 24 38
cludiant	4 36 45 32 38 6 63 20 49 58
cludwyr	4 36 45 33 6 38 73 54
clustnodi	36 45 32 56 6 4 58 49 27 6 38 24
clwyd	4 36 45 73 38
clwyfwyd	4 36 45 73 6 40 73 38
clydach	4 36 45 30 6 38 20 37
clymid	4 36 45 30 6 47 24 38
clyw	4 36 45 76
clywedog	36 45 76 6 4 23 6 38 26 42
clywodd	4 36 45 76 6 26 39
clywyd	4 36 45 76 6 32 38
cneifio'i	36 49 66 40 6 4 63 27 6 24
cnoi	4 36 49 68
cobiau	4 36 26 35 6 63 69
cochlea	36 26 37 6 4 45 23 6 20
coctêls	4 36 26 36 6 58 23 45 56
coden	4 36 27 6 38 22 49
codin	4 36 27 6 38 24 49
codwr	4 36 27 6 38 28 54
coedpoeth	4 36 72 38 6 53 72 59
coeglyd	4 36 72 42 6 45 32 38
coesau	4 36 72 6 56 69
cof	4 36 27 40
coffi	4 36 27 6 41 24
cofiadwy	36 26 40 6 4 63 21 6 38 73
cofient	4 36 26 40 6 63 22 49 58
cofir	4 36 27 6 40 24 54
cofnodi'r	36 26 40 6 4 49 27 6 38 24 54
cofrestrfa	36 26 40 6 4 54 22 56 6 58 54 40 20
cog	4 36 27 42
côl	4 36 27 45
colegau	36 26 6 4 45 23 6 42 69
coll	4 36 26 46
colled	4 36 26 6 46 22 38
collfarnwyd	36 26 46 6 4 40 20 54 6 49 73 38
colofn	4 36 26 6 45 26 40 49
colon	4 36 26 6 45 26 49
coma	4 36 26 6 47 20
comisiynodd	36 26 6 47 24 6 4 57 30 6 49 26 39
comiwnyddol	36 26 47 6 63 28 6 4 49 30 6 39 26 45
concrit	4 36 26 51 6 36 54 24 58
condemniwyd	36 26 49 6 4 38 22 47 6 49 63 73 38
consensws	36 26 49 6 4 56 22 49 6 56 28 56
consýrn	4 36 26 49 6 56 32 54 49
cop	4 36 26 53
copïor	4 36 26 53 6 63 26 54
corau	4 36 26 6 54 69
corea	36 26 6 4 54 23 6 20
corfforaethau	36 26 54 6 41 26 6 4 54 70 6 59 69
corgwn	4 36 26 54 6 42 28 49
cornel	4 36 26 54 6 49 22 45
corona	36 26 6 4 54 26 6 49 20
corpora	36 26 54 6 4 53 26 6 54 20
cortecs	4 36 26 54 6 58 22 36 56
corynnod	36 26 6 4 54 30 6 49 26 38
cosi	4 36 27 6 56 24
costiai	4 36 26 56 6 58 63 65
côt	4 36 27 58
cownter	4 36 75 49 6 58 22 54
cracio	4 36 54 20 36 6 63 26
crafangu	36 54 20 6 4 40 20 6 51 32
craffwn	4 36 54 21 6 41 28 49
crai	4 36 54 65
cramp	4 36 54 20 47 53
crasboeth	4 36 54 20 56 6 53 72 59
creadigaethau	36 54 22 6 20 6 38 24 6 4 42 70 6 59 69
crebachiad	36 54 22 6 4 35 20 37 6 63 20 38
credadun	36 54 22 6 4 38 21 6 38 32 49
credent	4 36 54 23 6 38 22 49 58
credoau	36 54 22 6 4 38 27 6 69
cref	4 36 54 23 40
crefydda	36 54 22 6 4 40 30 6 39 20
creiddiol	4 36 54 66 39 6 63 26 45
creithiau	4 36 54 66 59 6 63 69
creu	4 36 54 71
cri	4 36 54 25
cribyn	4 36 54 25 6 35 32 49
crimestoppers	36 54 24 6 47 22 56 6 4 58 26 6 53 22 54 56
crisial	4 36 54 24 6 57 20 45
cristionogion	36 54 24 56 6 58 63 26 6 4 49 26 42 6 63 26 49
croatia	36 54 26 6 4 20 58 6 63 20
croen	4 36 54 72 49
croesawn	4 36 54 72 6 56 77 49
croesfan	4 36 54 72 56 6 40 20 49
croesion	4 36 54 72 6 57 26 49
croestynnu	36 54 72 56 6 4 58 30 6 49 32
cromen	4 36 54 26 6 47 22 49
cronicl	4 36 54 26 6 49 24 36 45
croûtons	4 36 54 75 6 58 26 49 56
crwm	4 36 54 28 47
crwydr	4 36 54 73 38 54
crwydrodd	4 36 54 73 38 6 54 26 39
crybwyllais	36 54 30 6 4 35 73 6 46 65 56
cryd	4 36 54 33 38
cryfhau	4 36 54 30 40 6 43 69
cryn	4 36 54 32 49
cryno	4 36 54 30 6 49 26
crynwyr	4 36 54 30 6 49 73 54
cucoo's	36 32 6 4 36 27 6 26 56
cuddior	4 36 32 39 6 63 26 54
cul	4 36 32 45
cur	4 36 32 54
curig	4 36 32 6 54 24 42
cutiau	4 36 32 58 6 63 69
cwarter	4 36 64 20 54 6 58 22 54
cwblhawyd	36 28 35 6 4 45 43 77 6 32 38
cwd	4 36 29 38
cwest	4 36 64 22 56 58
cŵl	4 36 29 45
cwmni	4 36 28 47 6 49 24
cwmpasai	36 28 47 6 4 53 21 6 56 65
cwmystwyth	36 28 6 4 47 30 56 6 58 73 59
cwpana	36 28 6 4 53 20 6 49 20
cwpledi	36 28 53 6 4 45 23 6 38 24
cwrens	4 36 28 6 54 22 49 56
cwrtil	4 36 28 54 6 58 24 45
cwter	4 36 28 6 58 22 54
cwympai	4 36 73 47 6 53 65
cwynent	4 36 73 6 49 22 49 58
cwysi	4 36 73 6 56 24
cychwynnais	36 30 6 4 37 73 6 49 65 56
cydbwysedd	36 30 38 6 4 35 73 6 56 22 39
cydganu	36 30 38 6 4 42 20 6 49 32
cydgysylltiol	36 30 38 6 42 30 6 4 56 30 46 6 58 63 26 45
cydiodd	4 36 30 38 6 63 26 39
cydlynydd	36 30 38 6 4 45 30 6 49 32 39
cydnabyddiaethau	36 30 38 6 49 20 6 35 30 39 6 4 63 70 6 59 69
cydredeg	36 30 38 6 4 54 23 6 38 22 42
cydsyniodd	36 30 38 6 4 56 30 49 6 63 26 39
cydweithredu	36 30 38 6 64 66 59 6 4 54 23 6 38 32
cydyfed	36 30 6 4 38 30 6 40 22 38
cydymffurfio	36 30 6 38 30 47 6 4 41 32 54 6 40 63 26
cyfaddefodd	36 30 6 40 20 6 4 39 23 6 40 26 39
cyfalafol	36 30 6 40 20 6 4 45 21 6 40 26 45
cyfandiroedd	36 30 6 40 20 49 6 4 38 24 6 54 72 39
cyfanrifau	36 30 6 40 20 49 6 4 54 25 6 40 69
cyfansoddion	36 30 6 40 20 49 6 4 56 26 39 6 63 26 49
cyfansymiau	36 30 6 40 20 49 6 4 56 30 47 6 63 69
cyfareddu	36 30 6 40 20 6 4 54 23 6 39 32
cyfartal	36 30 6 4 40 20 54 6 58 20 45
cyfarwyddiadau	36 30 6 40 20 6 54 73 39 6 4 63 21 6 38 69
cyfateb	36 30 6 4 40 20 6 58 22 35
cyfathrebol	36 30 6 40 20 59 6 4 54 23 6 35 26 45
cyfeiliorni	36 30 6 40 66 45 6 4 63 26 54 6 49 24
cyfeilyddion	36 30 6 40 66 6 4 45 30 39 6 63 26 49
cyfeiriai	36 30 6 4 40 66 54 6 63 65
cyfeiriwch	36 30 6 4 40 66 54 6 63 28 37
cyfer	4 36 30 6 40 22 54
cyfesur	36 30 6 4 40 23 6 56 32 54
cyffesodd	36 30 6 4 41 23 6 56 26 39
cyffredin	36 30 41 6 4 54 23 6 38 24 49
cyffroi	4 36 30 41 6 54 68
cyffyrddiad	36 30 6 4 41 30 54 6 39 63 20 38
cyfiawnhau	36 30 40 6 4 63 77 6 50 69
cyfieithwyr	36 30 40 6 4 63 66 6 59 73 54
cyflawni	36 30 40 6 4 45 77 6 49 24
cyfle	4 36 30 40 6 45 22
cyfleodd	36 30 40 6 4 45 23 6 26 39
cyflog	4 36 30 40 6 45 26 42
cyflogwr	36 30 40 6 4 45 27 6 42 28 54
cyflwynid	36 30 40 6 4 45 73 6 49 24 38
cyflym	4 36 30 40 6 45 32 47
cyfnewid	36 30 40 6 4 49 67 6 24 38
cyfnodau	36 30 40 6 4 49 27 6 38 69
cyfododd	36 30 6 4 40 27 6 38 26 39
cyfoethogion	36 30 6 40 72 6 4 59 26 42 6 63 26 49
cyfranddalwyr	36 30 40 6 54 20 49 6 4 39 20 6 45 73 54
cyfrannwyd	36 30 40 6 4 54 20 6 49 73 38
cyfreithiau	36 30 40 6 4 54 66 59 6 63 69
cyfri	4 36 30 40 6 54 24
cyfrifiadur	36 30 40 6 54 24 40 6 4 63 21 6 38 32 54
cyfrifid	36 30 40 6 4 54 25 6 40 24 38
cyfrifoldebau	36 30 40 6 54 24 6 40 26 45 6 4 38 23 6 35 69
cyfrinachau	36 30 40 6 54 24 6 4 49 21 6 37 69
cyfrol	4 36 30 40 6 54 26 45
cyfryngaun	36 30 40 6 4 54 30 6 51 69 49
cyfundrefn	36 30 6 4 40 32 49 6 38 54 22 40 49
cyfunodd	36 30 6 4 40 32 6 49 26 39
cyfwelwyd	36 30 40 6 4 64 22 6 45 73 38
cyfyngiad	36 30 6 4 40 30 51 6 63 20 38
cyhoedd	4 36 30 6 43 72 39
cyhoeddir	36 30 6 4 43 72 6 39 24 54
cyhuddiad	36 30 6 4 43 32 39 6 63 20 38
cyhydedd	36 30 6 4 43 30 6 38 22 39
cylched	4 36 30 45 6 37 22 38
cylchol	4 36 30 45 6 37 26 45
cylla	4 36 30 6 46 20
cyllidol	36 30 6 4 46 25 6 38 26 45
cymanfa	36 30 6 4 47 20 49 6 40 20
cymathu	36 30 6 4 47 21 6 59 32
cymdeithasu	36 30 47 6 38 66 6 4 59 21 6 56 32
cymedrolwr	36 30 6 47 22 38 6 4 54 26 6 45 28 54
cymeradwyo	36 30 6 47 22 6 54 20 6 4 38 73 6 26
cymerau	36 30 6 4 47 22 6 54 69
cymerir	36 30 6 4 47 22 6 54 24 54
cymhares	36 30 6 4 48 20 6 54 22 56
cymheiriaid	36 30 6 4 48 66 54 6 63 65 38
cymhlethdodau	36 30 48 6 45 22 59 6 4 38 27 6 38 69
cymhwysodd	36 30 6 4 48 73 6 56 26 39
cymorthfeydd	36 30 6 4 47 26 54 6 59 40 71 39
cymreigaidd	36 30 47 6 4 54 66 6 42 65 39
cymrodorion	36 30 47 6 54 26 6 4 38 26 54 6 63 26 49
cymudo	36 30 6 4 47 33 6 38 26
cymuno	36 30 6 4 47 32 6 49 26
cymwyseddau	36 30 6 47 73 6 4 56 23 6 39 69
cymyla	36 30 6 4 47 30 6 45 20
cymysgent	36 30 6 4 47 30 56 6 36 22 49 58
cynaliadwy	36 30 6 49 20 45 6 4 63 21 6 38 73
cynddelw	36 30 49 6 4 39 22 6 45 28
cynefindra	36 30 6 49 22 6 4 40 24 49 6 38 54 20
cynffon	4 36 30 49 6 41 26 49
cynganeddu	36 30 6 51 20 6 4 49 23 6 39 32
cynghorir	36 30 6 4 52 26 6 54 24 54
cynghreiriau	36 30 52 6 4 54 66 54 6 63 69
cynhaliant	36 30 6 4 50 20 45 6 63 20 49 58
cynhelid	36 30 6 4 50 22 6 45 24 38
cynhesu	36 30 6 4 50 23 6 56 32
cynhwysid	36 30 6 4 50 73 6 56 24 38
cynhyrchaeth	36 30 6 4 50 30 54 6 37 70 59
cynhyrchwch	36 30 6 4 50 30 54 6 37 28 37
cynhyrfwyd	36 30 6 4 50 30 54 6 40 73 38
cynigiodd	36 30 6 4 49 24 42 6 63 26 39
cynilo	36 30 6 4 49 24 6 45 26
cynlluniwyd	36 30 49 6 4 46 32 49 6 63 73 38
cynllwynwyr	36 30 49 6 4 46 73 6 49 73 54
cynnig	4 36 30 6 49 24 42
cynoesoedd	36 30 6 4 49 72 6 56 72 39
cynorthwyon	36 30 6 49 26 54 6 4 59 73 6 26 49
cynrhon	4 36 30 49 6 55 26 49
cynrychiolwr	36 30 49 6 54 30 37 6 4 63 26 6 45 28 54
cynta'r	4 36 30 49 6 58 20 54
cynulleidfaol	36 30 6 49 32 6 46 66 38 6 4 40 21 6 26 45
cynyddol	36 30 6 4 49 30 6 39 26 45
cynysgaeddu	36 30 6 49 30 56 6 4 36 70 6 39 32
cyraeddadwy	36 30 6 54 70 6 4 39 21 6 38 73
cyrchai	4 36 30 54 6 37 65
cyrddau	4 36 30 54 6 39 69
cyrhaeddiad	36 30 6 4 55 70 39 6 63 20 38
cyrlion	4 36 30 54 6 45 63 26 49
cyrtiau	4 36 30 54 6 58 63 69
cysegru	36 30 6 4 56 22 42 6 54 32
cysgeir	4 36 30 56 6 36 66 54
cysgodol	36 30 56 6 4 36 27 6 38 26 45
cysodi	36 30 6 4 56 27 6 38 24
cystadleuwyr	36 30 56 6 58 20 38 6 4 45 71 6 73 54
cystrawennol	36 30 56 6 58 54 77 6 4 22 6 49 26 45
cysuron	36 30 6 4 56 32 6 54 26 49
cysylltiad	36 30 6 4 56 30 46 6 58 63 20 38
cysylltodd	36 30 6 4 56 30 46 6 58 26 39
cysyniadol	36 30 6 56 30 49 6 4 63 21 6 38 26 45
cythreuliaid	36 30 59 6 4 54 71 45 6 63 65 38
cytseinedd	36 30 58 6 4 56 66 6 49 22 39
cytundebau	36 30 6 58 32 49 6 4 38 23 6 35 69
cyw	4 36 76
cywilydd	36 76 6 4 24 6 45 32 39
cywiro	36 76 6 4 24 6 54 26
d'	4 38
dachwedd	4 38 20 37 6 64 22 39
dactegol	38 20 36 6 4 58 23 6 42 26 45
dadansoddi	38 20 6 38 20 49 6 4 56 27 6 39 24
dadau	4 38 21 6 38 69
dadfeiliodd	38 20 38 6 4 40 66 45 6 63 26 39
dadleuid	38 20 38 6 4 45 71 6 24 38
dadrith	4 38 20 38 6 54 24 59
daeareg	38 70 6 4 20 6 54 22 42
daearyddiaeth	38 70 6 20 6 4 54 30 39 6 63 70 59
daethai	4 38 70 6 59 65
dafad	4 38 21 6 40 20 38
dafis	4 38 21 6 40 24 56
dafluniol	38 20 40 6 4 45 32 49 6 63 26 45
dagr	4 38 20 42 54
daioni	38 65 6 4 26 6 49 24
daladwy	38 20 6 4 45 21 6 38 73
dalennau	38 20 6 4 45 22 6 49 69
daliadau	38 20 45 6 4 63 21 6 38 69
daliodd	4 38 20 45 6 63 26 39
dalltings	4 38 20 46 6 58 24 51 56
dalwrn	4 38 20 6 45 28 54 49
damed	4 38 20 6 47 22 38
damweiniol	38 20 47 6 4 64 66 49 6 63 26 45
danbrisio	38 20 49 6 4 35 54 24 6 57 26
dangosa	38 20 6 4 51 27 6 56 20
dangosodd	38 20 6 4 51 27 6 56 26 39
daniel	4 38 20 49 6 63 22 45
danoch	4 38 20 6 49 26 37
danwyddau	38 20 6 4 49 73 6 39 69
dar	4 38 20 54
darfodedig	38 20 54 6 40 26 6 4 38 23 6 38 24 42
darganfyddiadau	38 20 54 6 42 20 49 6 40 30 39 6 4 63 21 6 38 69
dargyfeiriol	38 20 54 6 42 30 6 4 40 66 54 6 63 26 45
darllediad	38 20 54 6 4 46 22 38 6 63 20 38
darllena	38 20 54 6 4 46 22 6 49 20
darlleniadau	38 20 54 6 46 22 49 6 4 63 21 6 38 69
darllenydd	38 20 54 6 4 46 22 6 49 32 39
darlunio	38 20 54 6 4 45 32 49 6 63 26
daro	4 38 20 6 54 26
darpar	4 38 20 54 6 53 20 54
darparwch	38 20 54 6 4 53 20 6 54 28 37
dasg	4 38 20 56 36
datblygasai	38 20 58 6 35 45 30 6 4 42 21 6 56 65
datblygu'n	38 20 58 6 4 35 45 30 6 42 32 49
datganiadau	38 20 58 6 42 20 49 6 4 63 21 6 38 69
datgelodd	38 20 58 6 4 42 22 6 45 26 39
datguddiodd	38 20 58 6 4 42 32 39 6 63 26 39
dathlu	4 38 20 59 6 45 32
datseinio	38 20 58 6 4 56 66 49 6 63 26
davies	38 20 6 4 25 6 22 56
dawelach	38 77 6 4 22 6 45 20 37
dawnsient	4 38 77 49 6 57 22 49 58
dda'r	4 39 20 54
ddadleoliad	39 20 38 6 45 22 6 4 26 45 6 63 20 38
ddaearegol	39 70 6 20 6 4 54 23 6 42 26 45
ddaethon	4 39 70 6 59 26 49
ddal	4 39 20 45
ddaliodd	4 39 20 45 6 63 26 39
ddamwain	4 39 20 47 6 64 65 49
ddangosodd	39 20 6 4 51 27 6 56 26 39
ddanteithfwyd	39 20 49 6 4 58 66 59 6 40 73 38
ddarganfyddiad	39 20 54 6 42 20 49 6 4 40 30 39 6 63 20 38
ddarlledu	39 20 54 6 4 46 23 6 38 32
ddarllenwyr	39 20 54 6 4 46 22 6 49 73 54
ddarlunior	39 20 54 6 4 45 32 49 6 63 26 54
ddarpariaeth	39 20 54 6 4 53 20 54 6 63 70 59
ddarwagior	39 20 54 6 4 64 20 42 6 63 26 54
ddatblygu	39 20 58 6 4 35 45 30 6 42 32
ddatganiadau	39 20 58 6 42 20 49 6 4 63 21 6 38 69
ddatguddio	39 20 58 6 4 42 32 39 6 63 26
ddatrysiad	39 20 58 6 4 54 30 6 57 20 38
ddawnsio	4 39 77 49 6 57 26
ddeallasant	39 22 6 20 6 4 46 21 6 56 20 49 58
ddeallusrwydd	39 22 6 20 6 4 46 32 56 6 54 73 39
ddechre	4 39 22 37 6 54 22
ddeddf	4 39 22 39 40
ddefaid	4 39 23 6 40 65 38
ddefnyddiai	39 22 40 6 4 49 30 39 6 63 65
ddefnyddiodd	39 22 40 6 4 49 30 39 6 63 26 39
ddefnyddwyr	39 22 40 6 4 49 30 6 39 73 54
ddeheuol	39 22 6 4 43 71 6 26 45
ddeiet	4 39 66 6 22 58
ddeilliodd	4 39 66 46 6 63 26 39
ddelfrydol	39 22 45 6 4 40 54 30 6 38 26 45
ddemocratig	39 22 6 47 26 36 6 4 54 20 6 58 24 42
ddenu	4 39 22 6 49 32
dderbyniadau	39 22 54 6 35 30 49 6 4 63 21 6 38 69
dderbyniwyd	39 22 54 6 4 35 30 49 6 63 73 38
ddesg	4 39 22 56 36
ddeuda	4 39 71 6 38 20
ddeufis	4 39 71 6 40 24 56
ddeuthum	4 39 71 6 59 32 47
ddewisol	39 67 6 4 25 6 56 26 45
ddiamod	4 39 63 20 6 47 26 38
ddiarwybod	39 63 20 6 4 54 73 6 35 26 38
ddibynadwy	39 24 6 35 30 6 4 49 21 6 38 73
ddiddim	4 39 25 6 39 24 47
ddiddymwyd	39 24 6 4 39 30 6 47 73 38
ddieithriad	4 39 63 66 59 6 54 63 20 38
ddifaru	39 24 6 4 40 20 6 54 32
ddiffiniedig	39 24 6 41 24 49 6 4 63 23 6 38 24 42
ddiflaniad	39 24 40 6 4 45 20 49 6 63 20 38
ddifrif	4 39 24 40 6 54 24 40
ddifyrru	39 24 6 4 40 30 6 54 32
ddigidol	39 24 6 4 42 25 6 38 26 45
ddigrif	4 39 24 42 6 54 24 40
ddigwyddodd	39 24 6 4 42 73 6 39 26 39
ddihangodd	39 24 6 4 43 20 6 51 26 39
ddillad	4 39 24 6 46 20 38
ddilys	4 39 24 6 45 32 56
ddinasyddion	39 24 6 49 20 6 4 56 30 39 6 63 26 49
ddinonsens	39 24 6 4 49 26 49 6 56 22 49 56
ddiog	4 39 63 27 42
ddiolwg	4 39 63 26 6 45 28 42
ddirgryniad	39 24 54 6 4 42 54 30 49 6 63 20 38
ddirwestwr	39 24 54 6 4 64 22 56 6 58 28 54
ddirywio	39 24 6 54 76 6 4 25 6 26
ddisgownt	4 39 24 56 6 36 75 49 58
ddisgwyl	4 39 24 56 6 36 73 45
ddisgyblion	39 24 56 6 4 36 30 35 6 45 63 26 49
ddistawrwydd	39 24 56 6 4 58 77 6 54 73 39
ddiwedda	4 39 63 64 23 6 39 20
ddiweithdra	4 39 63 64 66 59 6 38 54 20
ddiwrnod	4 39 63 28 54 6 49 26 38
ddiwyg	4 39 63 73 42
ddiwyllio	4 39 63 73 46 6 63 26
ddodrefn	4 39 26 38 6 54 22 40 49
ddogfen	4 39 26 42 6 40 22 49
ddôl	4 39 27 45
ddolwar	4 39 26 45 6 64 20 54
ddosbarthun	39 26 56 6 4 53 20 54 6 59 32 49
ddraenio	4 39 54 70 49 6 63 26
ddramâu'r	4 39 54 20 6 47 69 54
ddringo	4 39 54 24 6 51 26
ddrwm	4 39 54 28 47
ddryslyd	4 39 54 30 56 6 45 32 38
dduon	4 39 33 6 26 49
ddwbl	4 39 28 35 45
ddŵr	4 39 29 54
ddwylo	4 39 73 6 45 26
ddwytha	4 39 73 6 59 20
ddychmygol	39 30 37 6 4 47 30 6 42 26 45
ddychwelodd	39 30 37 6 4 64 22 6 45 26 39
ddyddiau	4 39 30 39 6 63 69
ddyfarnu	39 30 6 4 40 20 54 6 49 32
ddyfi	4 39 30 6 40 24
ddyfodiaid	39 30 6 4 40 26 38 6 63 65 38
ddygai'r	4 39 30 6 42 65 54
ddylai	4 39 30 6 45 65
ddylaswn	39 30 6 4 45 21 6 56 28 49
ddylet	4 39 30 6 45 22 58
ddylunio	39 30 6 4 45 32 49 6 63 26
ddymunant	39 30 6 4 47 32 6 49 20 49 58
ddynes	4 39 30 6 49 22 56
ddynoliaeth	39 30 6 4 49 26 45 6 63 70 59
ddyrennir	39 30 6 4 54 22 6 49 24 54
ddysgodd	4 39 30 56 6 36 26 39
ddywedais	39 76 6 4 23 6 38 65 56
ddywedwch	39 76 6 4 23 6 38 28 37
deallaf	38 22 6 4 20 6 46 20 40
dealltwriaethau	38 22 6 20 46 6 58 28 54 6 4 63 70 6 59 69
debycach	38 22 6 4 35 30 6 36 20 37
dechneg	4 38 22 37 6 49 22 42
dechrau'r	4 38 22 37 6 54 69 54
dechreuais	38 22 37 6 4 54 71 6 65 56
dechreuodd	38 22 37 6 4 54 71 6 26 39
deciau	4 38 22 36 6 63 69
deddfwriaeth	38 22 39 6 4 40 28 54 6 63 70 59
dedfrydwyd	38 22 38 6 4 40 54 30 6 38 73 38
deffroad	38 22 41 6 4 54 27 6 20 38
defnydd	4 38 22 40 6 49 32 39
defnyddient	38 22 40 6 4 49 30 39 6 63 22 49 58
defnyddior	38 22 40 6 4 49 30 39 6 63 26 54
defod	4 38 23 6 40 26 38
deganwy	38 22 6 4 42 20 6 49 73
degwch	4 38 23 6 42 28 37
dehongliadau	38 22 6 43 26 51 6 4 45 63 21 6 38 69
deialu	38 66 6 4 20 6 45 32
deil	4 38 66 45
deiliog	4 38 66 45 6 63 26 42
deilwng	4 38 66 6 45 28 51
deimlir	4 38 66 47 6 45 24 54
deiniol	4 38 66 49 6 63 26 45
deiseb	4 38 66 6 56 22 35
deithion	4 38 66 59 6 63 26 49
deledu	38 22 6 4 45 23 6 38 32
delid	4 38 22 6 45 24 38
delwau	4 38 22 45 6 64 69
delynor	38 22 6 4 45 30 6 49 26 54
democratiaeth	38 22 6 47 26 36 6 4 54 20 58 6 63 70 59
dena	4 38 22 6 49 20
dendro	4 38 22 49 6 38 54 26
denir	4 38 22 6 49 24 54
denu	4 38 22 6 49 32
deorllewin	38 22 6 26 54 6 4 46 67 6 24 49
derbyniais	38 22 54 6 4 35 30 49 6 63 65 56
derbyniwch	38 22 54 6 4 35 30 49 6 63 28 37
derec	4 38 22 6 54 22 36
derfysglyd	38 22 54 6 4 40 30 56 6 36 45 32 38
dernyn	4 38 22 54 6 49 32 49
desgiau	4 38 22 56 6 36 63 69
detholiad	38 22 6 4 59 26 45 6 63 20 38
deuawd	4 38 71 6 77 38
deuddeng	4 38 71 6 39 22 51
deufis	4 38 71 6 40 24 56
deulu'r	4 38 71 6 45 32 54
deuoliaeth	38 71 6 4 26 45 6 63 70 59
dewch	4 38 67 37
dewisiad	38 67 6 4 24 6 57 20 38
dewiswyd	38 67 6 4 25 6 56 73 38
diafol	4 38 63 21 6 40 26 45
dialgar	4 38 63 20 45 6 42 20 54
diamynedd	38 63 20 6 4 47 30 6 49 22 39
diarogl	4 38 63 20 6 54 26 42 45
diben	4 38 25 6 35 22 49
dibrofiad	38 24 35 6 4 54 26 40 6 63 20 38
dibynna	38 24 6 4 35 30 6 49 20
dichellgar	38 24 6 4 37 22 46 6 42 20 54
dico	4 38 24 6 36 26
diddeall	38 24 6 4 39 23 6 20 46
diddos	4 38 25 6 39 26 56
dideimlad	38 24 6 4 38 66 47 6 45 20 38
didostur	38 24 6 4 38 26 56 6 58 32 54
dieflig	4 38 63 22 40 6 45 24 42
dielw	4 38 63 22 6 45 28
diet	4 38 63 22 58
difeddwl	38 24 6 4 40 23 6 39 28 45
difetha	38 24 6 4 40 23 6 59 20
diffiniad	38 24 6 4 41 24 49 6 63 20 38
diffinydd	38 24 6 4 41 24 6 49 32 39
diffwdan	38 24 6 4 41 29 6 38 20 49
diflanedig	38 24 40 6 45 20 6 4 49 23 6 38 24 42
diflaswyd	38 24 40 6 4 45 21 6 56 73 38
difri	4 38 24 40 6 54 24
difrodwyd	38 24 40 6 4 54 27 6 38 73 38
difywyd	38 24 6 4 40 76 6 32 38
digartrefedd	38 24 6 42 20 54 6 4 58 54 23 6 40 22 39
digoni	38 24 6 4 42 26 6 49 24
diguro	38 24 6 4 42 32 6 54 26
digwyddodd	38 24 6 4 42 73 6 39 26 39
digysur	38 24 6 4 42 30 6 56 32 54
dihangol	38 24 6 4 43 20 6 51 26 45
dihuno	38 24 6 4 43 32 6 49 26
dilewyrch	38 24 6 4 45 67 6 32 54 37
dilwen	4 38 24 45 6 64 22 49
dilynais	38 24 6 4 45 30 6 49 65 56
dilynwr	38 24 6 4 45 30 6 49 28 54
dîm	4 38 25 47
dinasoedd	38 24 6 4 49 21 6 56 72 39
dinesydd	38 24 6 4 49 23 6 56 32 39
dinlle	4 38 24 49 6 46 22
diodde'r	4 38 63 27 6 39 22 54
diofal	4 38 63 27 6 40 20 45
diogelwch	38 63 26 6 4 42 22 6 45 28 37
diolchgar	4 38 63 26 45 6 37 42 20 54
dion	4 38 63 26 49
diplomau	38 24 53 6 4 45 26 6 47 69
diragfarn	38 24 6 4 54 20 42 6 40 20 54 49
dirfeddianwyr	38 24 54 6 40 22 39 6 4 63 20 6 49 73 54
dirgrynu	38 24 54 6 4 42 54 30 6 49 32
dirisglo	38 24 6 4 54 24 56 6 36 45 26
diroedd	4 38 24 6 54 72 39
dirprwywr	38 24 54 6 4 53 54 73 6 28 54
dirwy	4 38 24 6 54 73
dirywiodd	38 24 6 54 76 6 4 25 6 26 39
disero	38 24 6 4 56 22 6 54 26
disgleiriair	38 24 56 6 4 36 45 66 54 6 63 65 54
disgrifiadau	38 24 56 6 36 54 24 40 6 4 63 21 6 38 69
disgrifiwyd	38 24 56 6 4 36 54 24 40 6 63 73 38
disgwyliasai	38 24 56 6 36 73 45 6 4 63 21 6 56 65
disgwyliwn	38 24 56 6 4 36 73 45 6 63 28 49
disgyn	4 38 24 56 6 36 32 49
disgynyddion	38 24 56 6 36 30 6 4 49 30 39 6 63 26 49
distadl	4 38 24 56 6 58 20 38 45
distewi	38 24 56 6 4 58 67 6 24
disylwedd	38 24 6 4 56 30 45 6 64 22 39
diwbiau	4 38 63 28 35 6 63 69
diweddariadau	38 63 64 22 6 39 20 54 6 4 63 21 6 38 69
diweddu	4 38 63 64 23 6 39 32
diwifr	4 38 63 64 24 40 54
diwrnod	4 38 63 28 54 6 49 26 38
diwydiannol	38 63 73 38 6 4 63 20 6 49 26 45
diwygiadol	38 63 73 42 6 4 63 21 6 38 26 45
diwylliadol	38 63 73 46 6 4 63 21 6 38 26 45
diymadferthedd	38 63 30 6 47 20 38 6 4 40 22 54 6 59 22 39
diystyr	4 38 63 30 56 6 58 32 54
dlotaf	4 38 45 26 6 58 20 40
docio	4 38 26 36 6 63 26
dodd	4 38 27 39
dodrefnyn	38 26 38 6 4 54 22 40 6 49 32 49
doeddach	4 38 72 6 39 20 37
doethineb	38 72 6 4 59 24 6 49 22 35
dofednod	38 26 6 4 40 22 38 6 49 26 38
dogmâu	4 38 26 42 6 47 69
dois	4 38 68 56
dolen	4 38 26 6 45 22 49
dolgellau	38 26 45 6 4 42 22 6 46 69
dolwyddelan	38 26 6 45 73 6 4 39 22 6 45 20 49
dominyddu	38 26 6 47 24 6 4 49 30 6 39 32
doniol	4 38 26 49 6 63 26 45
dor	4 38 26 54
doreithiog	38 26 6 4 54 66 59 6 63 26 42
dorres	4 38 26 6 54 22 56
dorth	4 38 26 54 59
dosbarthir	38 26 56 6 4 53 20 54 6 59 24 54
dosturi	38 26 56 6 4 58 32 6 54 24
drac	4 38 54 20 36
draddodiadol	38 54 20 6 39 26 38 6 4 63 21 6 38 26 45
draeniau	4 38 54 70 49 6 63 69
drafeilio	38 54 20 6 4 40 66 45 6 63 26
drafftiog	4 38 54 20 41 6 58 63 26 42
drafodwyd	38 54 20 6 4 40 27 6 38 73 38
dramgwyddo	38 54 20 47 6 4 42 73 6 39 26
dras	4 38 54 21 56
drawiadau	38 54 77 6 24 6 4 21 6 38 69
drawsfynydd	38 54 77 56 6 4 40 30 6 49 32 39
drebwfer	38 54 22 6 4 35 29 6 40 22 54
drefnedig	38 54 22 40 6 4 49 23 6 38 24 42
drefnus	4 38 54 22 40 6 49 32 56
drefynwy	38 54 22 6 4 40 30 6 49 73
dreif	4 38 54 66 40
drem	4 38 54 22 47
dreser	4 38 54 23 6 56 22 54
drew	4 38 54 67
driblo	4 38 54 24 35 6 45 26
dril	4 38 54 24 45
dringasom	38 54 24 6 4 51 21 6 56 26 47
drio'u	4 38 54 63 27 6 32
drist	4 38 54 24 56 58
drochi	4 38 54 27 6 37 24
droedsych	4 38 54 72 38 6 56 32 37
droi'r	4 38 54 68 54
drosglwyddo	38 54 26 56 6 4 36 45 73 6 39 26
drosof	4 38 54 27 6 56 26 40
droswyd	4 38 54 27 6 56 73 38
drueni	38 54 32 6 4 22 6 49 24
drwg	4 38 54 29 42
drws	4 38 54 29 56
drwyddedau	38 54 73 6 4 39 23 6 38 69
drwynol	4 38 54 73 6 49 26 45
drychiadau	38 54 30 37 6 4 63 21 6 38 69
drydan	4 38 54 30 6 38 20 49
drygioni	38 54 30 42 6 4 63 26 6 49 24
dryloyw	38 54 30 6 4 45 27 6 76
dryslyd	4 38 54 30 56 6 45 32 38
drysu	4 38 54 30 6 56 32
du	4 38 33
duedd	4 38 33 6 22 39
dulliau'r	4 38 32 46 6 63 69 54
duodd	4 38 33 6 26 39
duwch	4 38 74 37
dw'i	4 38 29 6 24
dwedodd	4 38 64 23 6 38 26 39
dwi	4 38 64 25
dwn	4 38 28 49
dwristaidd	38 28 6 4 54 24 56 6 58 65 39
dwster	4 38 28 56 6 58 22 54
dwyfor	4 38 73 6 40 26 54
dwyllwr	4 38 73 6 46 28 54
dwyran	4 38 73 6 54 20 49
dwyseir	4 38 73 6 56 66 54
dybiaeth	4 38 30 35 6 63 70 59
dybryd	4 38 30 35 6 54 32 38
dychmygol	38 30 37 6 4 47 30 6 42 26 45
dychrynodd	38 30 37 6 4 54 30 6 49 26 39
dychweledigion	38 30 37 6 64 22 6 45 22 6 4 38 24 42 6 63 26 49
dychwelyd	38 30 37 6 4 64 22 6 45 32 38
dyddiad	4 38 30 39 6 63 20 38
dyddiedig	38 30 39 6 4 63 23 6 38 24 42
dydw	4 38 30 6 38 28
dyfai	4 38 30 6 40 65
dyfarniadau	38 30 6 40 20 54 6 4 49 63 21 6 38 69
dyfeisiwyd	38 30 6 4 40 66 6 57 73 38
dyfnaf	4 38 30 40 6 49 20 40
dyfnhawyd	38 30 40 6 4 50 77 6 32 38
dyfrffyrdd	4 38 30 40 6 54 41 32 54 39
dyfrllyd	4 38 30 40 6 54 46 32 38
dyfynnaf	38 30 6 4 40 30 6 49 20 40
dygn	4 38 32 42 49
dyhead	38 30 6 4 43 23 6 20 38
dylanwad	38 30 6 4 45 20 49 6 64 20 38
dylaswn	38 30 6 4 45 21 6 56 28 49
dylent	4 38 30 6 45 22 49 58
dylifo	38 30 6 4 45 25 6 40 26
dyluniadau	38 30 6 45 32 49 6 4 63 21 6 38 69
dylwyth	4 38 30 6 45 73 59
dymchwelwyd	38 30 47 6 4 37 64 22 6 45 73 38
dymunaf	38 30 6 4 47 32 6 49 20 40
dymunir	38 30 6 4 47 32 6 49 24 54
dymunwyd	38 30 6 4 47 32 6 49 73 38
dyndod	4 38 30 49 6 38 26 38
dynesu	38 30 6 4 49 23 6 56 32
dyniant	4 38 30 49 6 63 20 49 58
dynnui	38 30 6 4 49 33 6 24
dynol	4 38 30 6 49 26 45
dyrannu	38 30 6 4 54 20 6 49 32
dyrennir	38 30 6 4 54 22 6 49 24 54
dyrnwr	4 38 30 54 6 49 28 54
dysgai	4 38 30 56 6 36 65
dysgir	4 38 30 56 6 36 24 54
dysgun	4 38 30 56 6 36 32 49
dystio	4 38 30 56 6 58 63 26
dywalltaf	38 76 6 4 20 46 6 58 20 40
dywedasai	38 76 6 22 6 4 38 21 6 56 65
dywedem	38 76 6 4 23 6 38 22 47
dywedwn	38 76 6 4 23 6 38 28 49
dywyll	4 38 76 6 32 46
dywysogion	38 76 6 30 6 4 56 26 42 6 63 26 49
eans	4 23 6 20 49 56
ebill	4 23 6 35 24 46
ebostiwch	22 6 4 35 26 56 6 58 63 28 37
ebyst	4 23 6 35 32 56 58
echelin	22 6 4 37 22 6 45 24 49
ecolegol	22 6 36 26 6 4 45 23 6 42 26 45
economi	22 6 36 26 6 4 49 26 6 47 24
ecwadoriaid	22 36 6 64 20 6 4 38 26 54 6 63 65 38
edifarhaodd	22 6 38 24 6 40 20 6 4 55 21 6 26 39
edmygedd	22 38 6 4 47 30 6 42 22 39
edmygwyr	22 38 6 4 47 30 6 42 73 54
edrychai	22 38 6 4 54 30 6 37 65
edrychent	22 38 6 4 54 30 6 37 22 49 58
edrychwr	22 38 6 4 54 30 6 37 28 54
edwyn	4 23 6 38 73 49
efe	4 23 6 40 22
efengylydd	22 6 40 22 6 4 51 30 6 45 32 39
effeithio'r	22 6 4 41 66 59 6 63 26 54
effeithlonrwydd	22 6 41 66 59 6 4 45 26 49 6 54 73 39
efor	4 23 6 40 26 54
egino	22 6 4 42 24 6 49 26
egluro'r	22 42 6 4 45 32 6 54 26 54
eglwysilan	22 42 6 45 73 6 4 56 24 6 45 20 49
egroes	4 22 42 6 54 72 56
egyr	4 23 6 42 32 54
ehangu'n	22 6 4 43 20 6 51 32 49
eich	4 66 37
eidalwyr	66 6 4 38 20 6 45 73 54
eiddigus	66 6 4 39 25 6 42 32 56
eiddot	4 66 6 39 26 58
eifl	4 66 40 45
eilddydd	4 66 45 6 39 32 39
eilir	4 66 6 45 24 54
eilyddion	66 6 4 45 30 39 6 63 26 49
einion	4 66 49 6 63 26 49
eirian	4 66 54 6 63 20 49
eirlys	4 66 54 6 45 32 56
eiscrîm	4 66 56 6 36 54 25 47
eistedda	66 56 6 4 58 23 6 39 20
eisteddfa	66 56 6 4 58 22 39 6 40 20
eisteddle	66 56 6 4 58 22 39 6 45 22
eitha	4 66 6 59 20
eithriad	4 66 59 6 54 63 20 38
el	4 22 45
electroneg	22 6 45 22 36 6 4 58 54 26 6 49 22 42
elfed	4 22 45 6 40 22 38
eliabeth	22 45 6 4 63 21 6 35 22 59
elinor	22 6 4 45 24 6 49 26 54
elle	4 22 6 46 22
elly	4 22 6 46 32
elusennau	22 6 45 32 6 4 56 22 6 49 69
elwyn	4 22 6 45 73 49
em	4 22 47
emosiynau'r	22 6 47 26 6 4 57 30 6 49 69 54
emyndonau	22 6 47 30 49 6 4 38 26 6 49 69
enamel	22 6 4 49 20 6 47 22 45
endemig	22 49 6 4 38 22 6 47 24 42
eneiniog	22 6 4 49 66 49 6 63 26 42
enghraifft	4 22 52 6 54 65 41 58
eni	4 22 6 49 24
enillith	22 6 4 49 24 6 46 24 59
enllib	4 22 49 6 46 24 35
ennyn	4 22 6 49 32 49
enw	4 22 6 49 28
enwau	4 22 49 6 64 69
enwebwyd	22 49 6 4 64 23 6 35 73 38
enwodd	4 22 49 6 64 26 39
enya	22 6 4 49 30 6 20
epidemig	22 6 53 24 6 4 38 22 6 47 24 42
episod	22 6 4 53 25 6 56 26 38
erbistog	22 54 6 4 35 24 56 6 58 26 42
erchylltra	22 54 6 4 37 30 46 6 58 54 20
ergydio	22 54 6 4 42 30 38 6 63 26
erlid	4 22 54 6 45 24 38
ers	4 22 54 56
erthylu	22 54 6 4 59 30 6 45 32
eryr	4 22 6 54 32 54
esbonia	22 56 6 4 53 26 49 6 63 20
esbonir	22 56 6 4 53 26 6 49 24 54
esgeulustod	22 56 6 36 71 6 4 45 32 56 6 58 26 38
esgobol	22 56 6 4 36 27 6 35 26 45
esgusodwch	22 56 6 36 32 6 4 56 27 6 38 28 37
esgyrnog	22 56 6 4 36 30 54 6 49 26 42
esmwytho'i	22 56 6 47 73 6 4 59 27 6 24
estron	4 22 56 6 58 54 26 49
estyniadau	22 56 6 58 30 49 6 4 63 21 6 38 69
estynnwyd	22 56 6 4 58 30 6 49 73 38
etholaeth	22 6 4 59 26 6 45 70 59
etholid	22 6 4 59 26 6 45 24 38
etifeddodd	22 6 58 24 6 4 40 23 6 39 26 39
eu	4 71
eurig	4 71 6 54 24 42
ewch	4 67 37
ewropeaeth	67 6 54 26 6 4 53 23 6 70 59
ewyn	4 67 6 32 49
f'un	4 40 32 49
fabwysiadu	40 20 6 35 73 6 4 57 21 6 38 32
fachgan	4 40 20 37 6 42 20 49
faddau	4 40 21 6 39 69
faelor	4 40 70 6 45 26 54
faestrefi	40 70 56 6 4 58 54 23 6 40 24
fagiau	4 40 20 42 6 63 69
fagwyd	4 40 21 6 42 73 38
faip	4 40 65 53
fall	4 40 20 46
fam	4 40 20 47
fân	4 40 21 49
faner	4 40 20 6 49 22 54
fannau	4 40 20 6 49 69
fantol	4 40 20 49 6 58 26 45
far	4 40 20 54
farchnata'r	40 20 54 6 4 37 49 20 6 58 20 54
farddol	4 40 20 54 6 39 26 45
fargen	4 40 20 54 6 42 22 49
farnish	4 40 20 54 6 49 24 56 43
farwnad	40 20 6 4 54 28 6 49 20 38
fasa	4 40 21 6 56 20
faset	4 40 21 6 56 22 58
fast	4 40 20 56 58
fatha	4 40 21 6 59 20
fawd	4 40 77 38
fawrhydi	40 77 6 4 55 30 6 38 24
fecanweithiau	40 22 6 36 20 49 6 4 64 66 59 6 63 69
fedal	4 40 23 6 38 20 45
feddiannodd	40 22 39 6 4 63 20 6 49 26 39
feddwn	4 40 23 6 39 28 49
feddylgar	40 22 6 4 39 30 45 6 42 20 54
feder	4 40 23 6 38 22 54
fedran	4 40 22 38 6 54 20 49
fedru	4 40 22 38 6 54 32
fedyddio	40 22 6 4 38 30 39 6 63 26
feibion	4 40 66 35 6 63 26 49
feicwyr	4 40 66 6 36 73 54
feio	4 40 66 6 26
feirniaid	4 40 66 54 6 49 63 65 38
feithrinfa	40 66 59 6 4 54 24 49 6 40 20
felindre	40 22 6 4 45 24 49 6 38 54 22
felt	4 40 22 45 58
fen	4 40 22 49
fenis	4 40 22 6 49 24 56
fentrau	4 40 22 49 6 58 54 69
fer	4 40 22 54
ferlen	4 40 22 54 6 45 22 49
fertigau	40 22 54 6 4 58 25 6 42 69
fesul	4 40 23 6 56 32 45
feth	4 40 23 59
fethodoleg	40 22 6 59 26 6 4 38 26 6 45 22 42
feudy	4 40 71 6 38 32
fewnol	4 40 67 6 49 26 45
ffacsio	4 41 20 36 6 57 26
ffafrau	4 41 20 40 6 54 69
ffair	4 41 65 54
ffantasia	41 20 49 6 4 58 20 6 57 20
ffars	4 41 20 54 56
ffasgau	4 41 20 56 6 36 69
ffau	4 41 69
ffedog	4 41 23 6 38 26 42
ffeind	4 41 66 49 38
ffeiriau	4 41 66 54 6 63 69
ffeministiaeth	41 22 6 47 24 6 4 49 24 56 6 58 63 70 59
ffenestri'n	41 22 6 4 49 22 56 6 58 54 24 49
ffensiau	4 41 22 49 6 57 69
fferm	4 41 22 54 47
ffermwyr	4 41 22 54 6 47 73 54
fferyllydd	41 22 6 4 54 30 6 46 32 39
ffiaidd	4 41 63 65 39
ffieiddio'r	4 41 63 66 39 6 63 26 54
ffilm	4 41 24 45 47
ffiniau	4 41 24 49 6 63 69
ffion	4 41 63 26 49
ffisiotherapi	41 24 6 57 26 6 59 22 6 4 54 20 6 53 24
ffiws	4 41 63 29 56
fflagen	4 41 45 21 6 42 22 49
fflangellu	41 45 20 6 4 51 22 6 46 32
fflos	4 41 45 27 56
ffoaduriaid	41 26 6 20 6 4 38 32 54 6 63 65 38
ffoi	4 41 68
ffon	4 41 26 49
ffonio	4 41 26 49 6 63 26
ffontiau	4 41 26 49 6 58 63 69
fforddolion	41 26 54 6 4 39 26 45 6 63 26 49
fformatau	41 26 54 6 4 47 20 6 58 69
fforymau	41 26 6 4 54 30 6 47 69
ffotograffau	41 26 6 58 26 42 6 4 54 21 6 41 69
ffracsiwn	4 41 54 20 36 6 57 28 49
ffrainc	4 41 54 65 51 36
ffrancod	4 41 54 20 51 6 36 26 38
ffres	4 41 54 23 56
ffrindie	4 41 54 24 49 6 38 63 22
ffroenau	4 41 54 72 6 49 69
ffrwd	4 41 54 29 38
ffrwydron	4 41 54 73 38 6 54 26 49
ffrwythaun	4 41 54 73 6 59 69 49
ffrydiau	4 41 54 30 38 6 63 69
ffug	4 41 33 42
ffurf	4 41 32 54 40
ffurfio	4 41 32 54 6 40 63 26
ffurflenni	41 32 54 6 4 40 45 22 6 49 24
ffwndrus	4 41 28 49 6 38 54 32 56
ffwti	4 41 28 6 58 24
ffyddlondeb	41 30 39 6 4 45 26 49 6 38 22 35
ffyniannus	41 30 49 6 4 63 20 6 49 32 56
ffyrdd	4 41 32 54 39
fiaren	4 40 63 20 6 54 22 49
fictoria	40 24 36 6 4 58 26 54 6 63 20
figan	4 40 25 6 42 20 49
filfeddyg	40 24 45 6 4 40 23 6 39 32 42
filoedd	4 40 24 6 45 72 39
finnau	4 40 24 6 49 69
firi	4 40 24 6 54 24
fit	4 40 24 58
flaenafon	40 45 70 6 4 49 21 6 40 26 49
flaenoriaeth	40 45 70 6 4 49 26 54 6 63 70 59
flasu	4 40 45 21 6 56 32
flinder	4 40 45 24 49 6 38 22 54
flodau	4 40 45 27 6 38 69
flwch	4 40 45 29 37
fo'r	4 40 26 54
foddhad	4 40 26 39 6 43 20 38
foderneiddio	40 26 6 38 22 54 6 4 49 66 39 6 63 26
fodoli	40 26 6 4 38 26 6 45 24
foed	4 40 72 38
folcanig	40 26 45 6 4 36 20 6 49 24 42
fond	4 40 26 49 38
fonitro	40 26 6 4 49 24 58 6 54 26
fore	4 40 26 6 54 22
forgannwg	40 26 54 6 4 42 20 6 49 28 42
forwyn	4 40 26 6 54 73 49
fowlio	4 40 75 45 6 63 26
fraith	4 40 54 65 59
frasamcanu	40 54 20 6 56 20 47 6 4 36 20 6 49 32
frawddegau	40 54 77 6 4 39 23 6 42 69
fregus	4 40 54 23 6 42 32 56
frenhinwr	40 54 22 6 4 50 24 6 49 28 54
friciau	4 40 54 24 36 6 63 69
frittata	40 54 24 6 4 58 20 6 58 20
froniarth	4 40 54 26 49 6 63 20 54 59
frwsel	4 40 54 29 6 56 22 45
fryd	4 40 54 33 38
fryste	4 40 54 30 56 6 58 22
fuasain	40 32 6 4 21 6 56 65 49
fuddsoddwyr	40 32 39 6 4 56 27 6 39 73 54
fudreddir	40 32 38 6 4 54 23 6 39 24 54
funudau	40 32 6 4 49 33 6 38 69
fursen	4 40 32 54 6 56 22 49
fuwch	4 40 74 37
fwlch	4 40 28 45 37
fwrdeistrefi	40 28 54 6 38 66 56 6 4 58 54 23 6 40 24
fwriedir	40 28 54 6 4 63 23 6 38 24 54
fwy	4 40 73
fwyar	4 40 73 6 20 54
fwyell	4 40 73 6 22 46
fwynhad	4 40 73 6 50 20 38
fwytai	4 40 73 6 58 65
fychaniaid	40 30 6 4 37 20 49 6 63 65 38
fyddai	4 40 30 6 39 65
fyddech	4 40 30 6 39 22 37
fyddoch	4 40 30 6 39 26 37
fydwraig	40 30 6 4 38 28 6 54 65 42
fygythiol	40 30 6 4 42 30 59 6 63 26 45
fynd	4 40 32 49 38
fynegir	40 30 6 4 49 23 6 42 24 54
fynnu	4 40 30 6 49 32
fynychu	40 30 6 4 49 30 6 37 32
fyr	4 40 32 54
fyrgleriaeth	40 30 54 6 4 42 45 22 54 6 63 70 59
fysa	4 40 30 6 56 20
fythgofiadwy	40 30 59 6 42 26 40 6 4 63 21 6 38 73
fywiogi	40 76 6 24 6 4 27 6 42 24
gableddus	42 20 35 6 4 45 23 6 39 32 56
gadal	4 42 21 6 38 20 45
gadarnhawyd	42 20 6 38 20 54 6 4 50 77 6 32 38
gadawsant	42 20 6 4 38 77 6 56 20 49 58
gadeirydd	42 20 6 4 38 66 6 54 32 39
gadewid	42 20 6 4 38 67 6 24 38
gadwch	4 42 21 6 38 28 37
gadwyn	4 42 21 6 38 73 49
gaeafol	42 70 6 4 21 6 40 26 45
gaeon	4 42 70 6 26 49
gaergybi	42 70 54 6 4 42 30 6 35 24
gaethion	4 42 70 59 6 63 26 49
gafaelais	42 20 6 4 40 70 6 45 65 56
gafoch	4 42 21 6 40 26 37
gaib	4 42 65 35
gâl	4 42 21 45
galaru	42 20 6 4 45 20 6 54 32
galen	4 42 20 6 45 22 49
galileaid	42 20 6 45 24 6 4 45 23 6 65 38
gallair	4 42 20 6 46 65 54
gallent	4 42 20 6 46 22 49 58
galluoedd	42 20 6 4 46 33 6 72 39
galon	4 42 20 6 45 26 49
galwaf	4 42 20 45 6 64 20 40
galwem	4 42 20 45 6 64 22 47
gamarweiniol	42 20 6 47 20 54 6 4 64 66 49 6 63 26 45
gamdriniaeth	42 20 47 6 4 38 54 24 49 6 63 70 59
gamil	4 42 20 6 47 24 45
gampws	4 42 20 47 6 53 28 56
ganddi	4 42 20 49 6 39 24
ganed	4 42 20 6 49 22 38
gang	4 42 20 51
ganiad	4 42 20 49 6 63 20 38
ganibal	42 20 6 4 49 25 6 35 20 45
ganlyniadaur	42 20 49 6 45 30 49 6 4 63 21 6 38 69 54
ganol	4 42 20 6 49 26 45
ganolig	42 20 6 4 49 26 6 45 24 42
ganrifoedd	42 20 49 6 4 54 25 6 40 72 39
gantores	42 20 49 6 4 58 26 6 54 22 56
gapten	4 42 20 53 6 58 22 49
garchariad	42 20 54 6 4 37 20 54 6 63 20 38
garddwr	4 42 20 54 6 39 28 54
garedigrwydd	42 20 6 54 22 6 4 38 24 42 6 54 73 39
gariad	4 42 20 54 6 63 20 38
garnais	4 42 20 54 6 49 65 56
garol	4 42 20 6 54 26 45
garthmaelwg	42 20 54 6 4 59 47 70 6 45 28 42
gartrefu	42 20 54 6 4 58 54 23 6 40 32
gas	4 42 21 56
gasgliadau	42 20 56 6 4 36 45 63 21 6 38 69
gasnewydd	42 20 56 6 4 49 67 6 32 39
gatalogau	42 20 6 58 20 6 4 45 27 6 42 69
gatiau	4 42 20 58 6 63 69
gawl	4 42 77 45
gawsom	4 42 77 6 56 26 47
gedy	4 42 23 6 38 32
gefnddwysarn	42 22 40 6 4 49 39 73 6 56 20 54 49
gefnogaeth	42 22 40 6 4 49 27 6 42 70 59
geg	4 42 23 42
geidwaid	4 42 66 38 6 64 65 38
geiniog	4 42 66 49 6 63 26 42
geiriadur	42 66 54 6 4 63 21 6 38 32 54
geisia	4 42 66 6 57 20
gelf	4 42 22 45 40
gellid	4 42 22 6 46 24 38
geltiaid	4 42 22 45 6 58 63 65 38
gelyniaethus	42 22 6 45 30 49 6 4 63 70 6 59 32 56
gemydd	4 42 22 6 47 32 39
genedl	4 42 22 6 49 22 38 45
generig	42 22 6 4 49 22 6 54 24 42
genhadol	42 22 6 4 50 21 6 38 26 45
genllif	4 42 22 49 6 46 24 40
genod	4 42 22 6 49 26 38
geometreg	42 22 6 26 6 4 47 22 58 6 54 22 42
gerallt	4 42 22 6 54 20 46 58
gerddi'r	4 42 22 54 6 39 24 54
gerddwr	4 42 22 54 6 39 28 54
gerflun	4 42 22 54 6 40 45 32 49
gerll	4 42 22 54 46
gerrynt	4 42 22 6 54 32 49 58
gesi	4 42 23 6 56 24
geubwll	4 42 71 6 35 28 46
giaffar	4 42 63 21 6 41 20 54
gicio	4 42 24 36 6 63 26
gigysol	42 24 6 4 42 30 6 56 26 45
gilgedin	42 24 45 6 4 42 23 6 38 24 49
gip	4 42 24 53
giwboid	4 42 63 29 6 35 68 38
glai	4 42 45 65
glanedyddion	42 45 20 6 49 22 6 4 38 30 39 6 63 26 49
glanio	4 42 45 20 49 6 63 26
glanwaith	4 42 45 20 49 6 64 65 59
glaslyn	4 42 45 20 56 6 45 32 49
glaswellt	4 42 45 20 56 6 64 22 46 58
glawiad	42 45 77 6 4 25 6 20 38
glefyd	4 42 45 23 6 40 32 38
glenys	4 42 45 22 6 49 32 56
gliciau	4 42 45 24 36 6 63 69
glip	4 42 45 24 53
globwll	4 42 45 27 6 35 28 46
gloddesta	42 45 26 6 4 39 22 56 6 58 20
glofaol	42 45 26 6 4 40 21 6 26 45
gloriau	4 42 45 26 54 6 63 69
gloÿnnod	42 45 26 6 4 30 6 49 26 38
gludiog	4 42 45 32 38 6 63 26 42
glustiog	4 42 45 32 56 6 58 63 26 42
glwedyddiaeth	42 45 64 22 6 4 38 30 39 6 63 70 59
glybiau	4 42 45 30 35 6 63 69
glymu	4 42 45 30 6 47 32
glynebwy	42 45 30 6 4 49 23 6 35 73
glyw'n	4 42 45 76 49
glywsom	4 42 45 76 6 56 26 47
gnocchi	4 42 49 26 36 6 37 24
gobeithia	42 26 6 4 35 66 59 6 63 20
gobeithion	42 26 6 4 35 66 59 6 63 26 49
gochel	4 42 27 6 37 22 45
godais	4 42 27 6 38 65 56
goddiweddyd	42 26 39 6 4 63 64 23 6 39 32 38
godin	4 42 27 6 38 24 49
godro	4 42 26 38 6 54 26
goedwigaeth	42 72 38 6 4 64 25 6 42 70 59
goets	4 42 72 58 56
gofalai	42 26 6 4 40 20 6 45 65
gofalwyd	42 26 6 4 40 20 6 45 73 38
goffi	4 42 27 6 41 24
gofid	4 42 27 6 40 24 38
gofio	4 42 26 40 6 63 26
gofod	4 42 27 6 40 26 38
gofyn	4 42 27 6 40 32 49
gofynnech	42 26 6 4 40 30 6 49 22 37
gofynnon	42 26 6 4 40 30 6 49 26 49
goginio'n	42 26 6 4 42 24 49 6 63 26 49
gogleddorllewin	42 26 42 6 45 22 6 39 26 54 6 4 46 67 6 24 49
gogr	4 42 26 42 54
gogynfeirdd	42 26 6 4 42 30 49 6 40 66 54 39
gohirir	42 26 6 4 43 24 6 54 24 54
golchwyd	4 42 26 45 6 37 73 38
goleua	42 26 6 4 45 71 6 20
goleuo	42 26 6 4 45 71 6 26
goliau	4 42 26 45 6 63 69
gollfarnu	42 26 46 6 4 40 20 54 6 49 32
gollyngir	42 26 6 4 46 30 6 51 24 54
golur	4 42 26 6 45 32 54
golygfeydd	42 26 6 4 45 30 42 6 40 71 39
golygwyd	42 26 6 4 45 30 6 42 73 38
gomisiwn	42 26 6 4 47 24 6 57 28 49
gompost	4 42 26 47 6 53 26 56 58
gonestrwydd	42 26 6 4 49 22 56 6 58 54 73 39
gopa	4 42 26 6 53 20
gorawyddus	42 26 6 54 77 6 4 30 6 39 32 56
gorchfygedig	42 26 54 6 37 40 30 6 4 42 23 6 38 24 42
gorchudd	4 42 26 54 6 37 32 39
gorchwyl	4 42 26 54 6 37 73 45
gore	4 42 26 6 54 22
goreuror	42 26 6 4 54 71 6 54 26 54
gorffennol	42 26 54 6 4 41 22 6 49 26 45
gorfforol	42 26 54 6 4 41 26 6 54 26 45
gorflino	42 26 54 6 4 40 45 24 6 49 26
gorfodogion	42 26 54 6 40 26 6 4 38 26 42 6 63 26 49
gorfur	4 42 26 54 6 40 32 54
gorlannau'r	42 26 54 6 4 45 20 6 49 69 54
gorllewinol	42 26 54 6 46 67 6 4 24 6 49 26 45
gormeswyr	42 26 54 6 4 47 23 6 56 73 54
gornest	4 42 26 54 6 49 22 56 58
goroni	42 26 6 4 54 26 6 49 24
gorsedd	4 42 26 54 6 56 22 39
gorthrymu	42 26 54 6 4 59 54 30 6 47 32
goruchwylio'r	42 26 6 54 32 6 4 37 73 45 6 63 26 54
gorwedd	4 42 26 54 6 64 22 39
gorwelion	42 26 54 6 4 64 22 45 6 63 26 49
gorymdeithio	42 26 6 54 30 47 6 4 38 66 59 6 63 26
gosgordd	4 42 26 56 6 36 26 54 39
gosodiadau	42 26 6 56 26 38 6 4 63 21 6 38 69
gostyngedig	42 26 56 6 58 30 6 4 51 23 6 38 24 42
goth	4 42 27 59
graddedigion	42 54 20 6 39 22 6 4 38 24 42 6 63 26 49
graean	4 42 54 70 6 20 49
graffiau	4 42 54 20 41 6 63 69
graigfechan	42 54 65 42 6 4 40 23 6 37 20 49
grangetown	42 54 20 6 4 51 22 6 58 75 49
grawn	4 42 54 77 49
gred	4 42 54 23 38
gredu	4 42 54 23 6 38 32
grefftwaith	4 42 54 22 41 6 58 64 65 59
greiddiol	4 42 54 66 39 6 63 26 45
grempoga	42 54 22 47 6 4 53 27 6 42 20
grêt	4 42 54 23 58
grib	4 42 54 25 35
griffith	4 42 54 25 6 41 24 59
gris	4 42 54 25 56
grisie	4 42 54 24 6 57 22
gritigol	42 54 24 6 4 58 25 6 42 26 45
groegiaid	4 42 54 72 42 6 63 65 38
groesfan	4 42 54 72 56 6 40 20 49
groeso	4 42 54 72 6 56 26
gromfachau	42 54 26 47 6 4 40 21 6 37 69
gronni	4 42 54 26 6 49 24
groser	4 42 54 27 6 56 22 54
grug	4 42 54 33 42
grwn	4 42 54 28 49
grwydrol	4 42 54 73 38 6 54 26 45
gryfach	4 42 54 30 6 40 20 37
grymu	4 42 54 30 6 47 32
grynedig	42 54 30 6 4 49 23 6 38 24 42
grynswth	4 42 54 30 49 6 56 28 59
guddio	4 42 32 39 6 63 26
guriad	4 42 32 54 6 63 20 38
gwacau	4 42 64 20 6 36 69
gwaddodion	42 64 20 6 4 39 26 38 6 63 26 49
gwadratig	42 64 20 38 6 4 54 20 6 58 24 42
gwaeddodd	4 42 64 70 6 39 26 39
gwaelodion	42 64 70 6 4 45 26 38 6 63 26 49
gwaethygun	42 64 70 6 4 59 30 6 42 32 49
gwahanglwyfus	42 64 20 6 43 20 51 6 4 45 73 6 40 32 56
gwahanu	42 64 20 6 4 43 20 6 49 32
gwaherddir	42 64 20 6 4 43 22 54 6 39 24 54
gwahoddwyd	42 64 20 6 4 43 27 6 39 73 38
gwalau	4 42 64 20 6 45 69
gwallau	4 42 64 20 6 46 69
gwamalrwydd	42 64 20 6 4 47 20 45 6 54 73 39
gwanio	4 42 64 20 49 6 63 26
gwarafun	42 64 20 6 4 54 21 6 40 32 49
gwarcheidwaid	42 64 20 54 6 4 37 66 38 6 64 65 38
gwarchodol	42 64 20 54 6 4 37 27 6 38 26 45
gwaredwr	42 64 20 6 4 54 23 6 38 28 54
gwario	4 42 64 20 54 6 63 26
gwas	4 42 64 21 56
gwasanaethu	42 64 20 6 56 20 6 4 49 70 6 59 32
gwasgar	4 42 64 20 56 6 36 20 54
gwasgedd	4 42 64 20 56 6 36 22 39
gwasgwr	4 42 64 20 56 6 36 28 54
gwatwar	4 42 64 20 58 6 64 20 54
gwawn	4 42 64 77 49
gwblhau	4 42 28 35 6 45 43 69
gwcw	4 42 28 6 36 28
gweaf	4 42 64 23 6 20 40
gweddïai	4 42 64 22 39 6 63 65
gweddnewid	42 64 22 39 6 4 49 67 6 24 38
gweddwon	4 42 64 22 39 6 64 26 49
gwefreiddio	42 64 22 40 6 4 54 66 39 6 63 26
gwehydd	4 42 64 22 6 43 32 39
gweinidogaethau	42 64 66 6 49 24 6 38 26 6 4 42 70 6 59 69
gweinyddes	42 64 66 6 4 49 30 6 39 22 56
gweinyddu	42 64 66 6 4 49 30 6 39 32
gweisg	4 42 64 66 56 36
gweithfeydd	4 42 64 66 59 6 40 71 39
gweithiai	4 42 64 66 59 6 63 65
gweithion	4 42 64 66 59 6 63 26 49
gweithreda	42 64 66 59 6 4 54 23 6 38 20
gweithredol	42 64 66 59 6 4 54 23 6 38 26 45
gweithwraig	42 64 66 6 4 59 28 6 54 65 42
gwelais	4 42 64 22 6 45 65 56
gweledigaeth	42 64 22 6 45 22 6 4 38 25 6 42 70 59
gwelid	4 42 64 22 6 45 24 38
gwelliannau	42 64 22 46 6 4 63 20 6 49 69
gwelodd	4 42 64 22 6 45 26 39
gwelw	4 42 64 22 6 45 28
gwelyau	42 64 22 6 4 45 30 6 69
gwenau	4 42 64 22 6 49 69
gwener	4 42 64 22 6 49 22 54
gwenllïan	4 42 64 22 49 6 46 63 20 49
gwenwch	4 42 64 22 6 49 28 37
gwerddon	4 42 64 22 54 6 39 26 49
gweriniaethwyr	42 64 22 6 54 24 49 6 4 63 70 6 59 73 54
gwersi	4 42 64 22 54 6 56 24
gwersyllt	4 42 64 22 54 6 56 32 46 58
gwerthfawrogi'r	42 64 22 54 6 59 40 77 6 4 54 27 6 42 24 54
gwerthiant	4 42 64 22 54 6 59 63 20 49 58
gwerthuso	42 64 22 54 6 4 59 33 6 56 26
gwestai	4 42 64 22 56 6 58 65
gwesty	4 42 64 22 56 6 58 32
gwglo	4 42 28 42 6 45 26
gwibiai	4 42 64 24 35 6 63 65
gwichian	4 42 64 24 37 6 63 20 49
gwin	4 42 64 24 49
gwinwydd	4 42 64 24 6 49 73 39
gwireddur	42 64 24 6 4 54 23 6 39 32 54
gwiriad	4 42 64 24 54 6 63 20 38
gwirioni	42 64 24 54 6 4 63 26 6 49 24
gwisgai	4 42 64 24 56 6 36 65
gwisgwyd	4 42 64 24 56 6 36 73 38
gwladaidd	42 28 6 4 45 21 6 38 65 39
gwladolwyd	42 28 6 45 20 6 4 38 26 6 45 73 38
gwladychu	42 28 6 45 20 6 4 38 30 6 37 32
gwlâu	4 42 28 6 45 69
gwleidydda	42 28 6 45 66 6 4 38 30 6 39 20
gwlybaniaeth	42 28 6 45 30 6 4 35 20 49 6 63 70 59
gwmni	4 42 28 47 6 49 24
gwna	4 42 28 6 49 20
gwnaethom	42 28 6 4 49 70 6 59 26 47
gwnawn	4 42 28 6 49 77 49
gwneuthum	42 28 6 4 49 71 6 59 32 47
gwniadwaith	42 28 49 6 4 63 20 38 6 64 65 59
gwobrwyon	42 64 26 35 6 4 54 73 6 26 49
gŵr	4 42 29 54
gwrandawant	42 28 6 54 20 49 6 4 38 77 6 20 49 58
gwrandon	42 28 6 4 54 20 49 6 38 26 49
gwreichioni	42 28 6 54 66 37 6 4 63 26 6 49 24
gwreiddioldeb	42 28 6 54 66 39 6 4 63 26 45 6 38 22 35
gwresogyddion	42 28 6 54 22 6 56 26 6 4 42 30 39 6 63 26 49
gwrogaeth	42 28 6 4 54 27 6 42 70 59
gwrtaith	4 42 28 54 6 58 65 59
gwrthdrawiadau	42 28 54 6 59 38 54 77 6 24 6 4 21 6 38 69
gwrthfiotigau	42 28 54 6 59 40 63 26 6 4 58 25 6 42 69
gwrthgyrff	4 42 28 54 6 59 42 32 54 41
gwrthodiad	42 28 54 6 4 59 26 38 6 63 20 38
gwrthryfela	42 28 54 6 59 54 30 6 4 40 22 6 45 20
gwrthun	4 42 28 54 6 59 32 49
gwrthwynebol	42 28 54 6 59 73 6 4 49 23 6 35 26 45
gwrychoedd	42 28 6 4 54 30 6 37 72 39
gwsg	4 42 28 56 36
gwthiad	4 42 28 59 6 63 20 38
gwthiwyd	4 42 28 59 6 63 73 38
gwybodus	42 73 6 4 35 27 6 38 32 56
gwyddai	4 42 73 6 39 65
gwyddelod	42 73 6 4 39 22 6 45 26 38
gwyddon	4 42 73 6 39 26 49
gwyddost	4 42 73 6 39 26 56 58
gwydraid	4 42 73 38 6 54 65 38
gwylaidd	4 42 73 6 45 65 39
gwyliai	4 42 73 45 6 63 65
gwyliwch	4 42 73 45 6 63 28 37
gwylltion	4 42 73 46 6 58 63 26 49
gwynfa	4 42 73 49 6 40 20
gwynias	4 42 73 49 6 63 20 56
gwynt	4 42 73 49 58
gwyrai	4 42 73 6 54 65
gwyro	4 42 73 6 54 26
gwyryfol	42 73 6 4 54 30 6 40 26 45
gwywo	4 42 73 6 64 26
gyd	4 42 33 38
gyda'ch	4 42 30 6 38 20 37
gydamserol	42 30 6 38 20 47 6 4 56 22 6 54 26 45
gydfynd	4 42 30 38 6 40 32 49 38
gydlynydd	42 30 38 6 4 45 30 6 49 32 39
gydradd	4 42 30 38 6 54 20 39
gydweddu	42 30 38 6 4 64 23 6 39 32
gydwladwyr	42 30 6 38 28 6 4 45 21 6 38 73 54
gydymffurfio	42 30 6 38 30 47 6 4 41 32 54 6 40 63 26
gyfalafol	42 30 6 40 20 6 4 45 21 6 40 26 45
gyfanrwydd	42 30 6 4 40 20 49 6 54 73 39
gyfanswm	42 30 6 4 40 20 49 6 56 28 47
gyfartal	42 30 6 4 40 20 54 6 58 20 45
gyfarwyddwr	42 30 6 40 20 6 4 54 73 6 39 28 54
gyfathrebwr	42 30 6 40 20 59 6 4 54 23 6 35 28 54
gyfeiriadur	42 30 6 40 66 54 6 4 63 21 6 38 32 54
gyferbyn	42 30 6 4 40 22 54 6 35 32 49
gyffordd	4 42 30 6 41 26 54 39
gyffur	4 42 30 6 41 32 54
gyfiawnhau	42 30 40 6 4 63 77 6 50 69
gyflawnder	42 30 40 6 4 45 77 49 6 38 22 54
gyflenwad	42 30 40 6 4 45 22 49 6 64 20 38
gyfleon	42 30 40 6 4 45 23 6 26 49
gyflogaeth	42 30 40 6 4 45 27 6 42 70 59
gyflun	4 42 30 40 6 45 32 49
gyflwynwraig	42 30 40 6 45 73 6 4 49 28 6 54 65 42
gyflymed	42 30 40 6 4 45 30 6 47 22 38
gyfnither	42 30 40 6 4 49 25 6 59 22 54
gyfoeth	4 42 30 6 40 72 59
gyfranddalwyr	42 30 40 6 54 20 49 6 4 39 20 6 45 73 54
gyfranogi	42 30 40 6 54 20 6 4 49 27 6 42 24
gyfres	4 42 30 40 6 54 22 56
gyfrifiadurol	42 30 40 6 54 24 40 6 63 20 6 4 38 32 6 54 26 45
gyfrifwyr	42 30 40 6 4 54 25 6 40 73 54
gyfrolau	42 30 40 6 4 54 26 6 45 69
gyfuno	42 30 6 4 40 32 6 49 26
gyfyngder	42 30 6 4 40 30 51 6 38 22 54
gyhoeddi	42 30 6 4 43 72 6 39 24
gyhoeddwyd	42 30 6 4 43 72 6 39 73 38
gyhyrau	42 30 6 4 43 30 6 54 69
gylchgronau	42 30 45 6 4 37 42 54 26 6 49 69
gylchyn	4 42 30 45 6 37 32 49
gyllidir	42 30 6 4 46 25 6 38 24 54
gymarebau	42 30 6 47 20 6 4 54 23 6 35 69
gymdeithion	42 30 47 6 4 38 66 59 6 63 26 49
gymeradwyir	42 30 6 47 22 6 54 20 6 4 38 73 6 24 54
gymeriadau'r	42 30 6 47 22 54 6 4 63 21 6 38 69 54
gymesur	42 30 6 4 47 23 6 56 32 54
gymhlethu	42 30 48 6 4 45 23 6 59 32
gymorth	4 42 30 6 47 26 54 59
gymru	4 42 30 47 6 54 32
gymwynas	42 30 6 4 47 73 6 49 20 56
gymylau	42 30 6 4 47 30 6 45 69
gynau	4 42 30 6 49 69
gynefinoedd	42 30 6 49 22 6 4 40 24 6 49 72 39
gyngherddau	42 30 6 4 52 22 54 6 39 69
gynghreiriaid	42 30 52 6 4 54 66 54 6 63 65 38
gynhaliwyd	42 30 6 4 50 20 45 6 63 73 38
gynhwysfawr	42 30 6 4 50 73 56 6 40 77 54
gynhyrchai	42 30 6 4 50 30 54 6 37 65
gynhyrchwr	42 30 6 4 50 30 54 6 37 28 54
gynigir	42 30 6 4 49 25 6 42 24 54
gynlluniedig	42 30 49 6 46 32 49 6 4 63 23 6 38 24 42
gynnal	4 42 30 6 49 20 45
gynnoch	4 42 30 6 49 26 37
gynnyrch	4 42 30 6 49 32 54 37
gynradd	4 42 30 49 6 54 20 39
gynsail	4 42 30 49 6 56 65 45
gynulleidfaoedd	42 30 6 49 32 6 46 66 38 6 4 40 21 6 72 39
gynyddu	42 30 6 4 49 30 6 39 32
gyrchfannau	42 30 54 6 4 37 40 20 6 49 69
gyrhaeddant	42 30 6 4 55 70 6 39 20 49 58
gyrn	4 42 32 54 49
gyrron	4 42 30 6 54 26 49
gysegredig	42 30 6 56 22 42 6 4 54 23 6 38 24 42
gysgu	4 42 30 56 6 36 32
gystadleuol	42 30 56 6 58 20 38 6 4 45 71 6 26 45
gysur	4 42 30 6 56 32 54
gysylltiol	42 30 6 4 56 30 46 6 58 63 26 45
gytiau	4 42 30 58 6 63 69
gytunwyd	42 30 6 4 58 32 6 49 73 38
gywiro	42 76 6 4 24 6 54 26
habacuc	43 20 6 4 35 20 6 36 32 36
hacio	4 43 20 36 6 63 26
haddewidion	43 20 6 39 67 6 4 24 38 6 63 26 49
hadeiladu	43 20 6 38 66 6 4 45 21 6 38 32
hadloniant	43 20 38 6 4 45 26 49 6 63 20 49 58
hadrodd	4 43 20 38 6 54 26 39
haedda	4 43 70 6 39 20
haelodaeth	43 70 6 4 45 27 6 38 70 59
haeriadau	43 70 54 6 4 63 21 6 38 69
hafaliad	43 20 6 4 40 20 45 6 63 20 38
hafflau	4 43 20 41 6 45 69
hafoty	43 20 6 4 40 26 6 58 32
hagrwch	4 43 20 42 6 54 28 37
hailwampio	43 65 45 6 4 64 20 47 6 53 63 26
halid	4 43 20 6 45 24 38
halwyn	4 43 20 6 45 73 49
hamddena	43 20 47 6 4 39 22 6 49 20
hamgylchiadau	43 20 47 6 42 30 45 6 4 37 63 21 6 38 69
hamsugno	43 20 47 6 4 56 32 42 6 49 26
handbags	4 43 20 49 6 38 35 20 42 56
hanerwr	43 20 6 4 49 22 6 54 28 54
hanesyddiaeth	43 20 6 49 22 6 4 56 30 39 6 63 70 59
hanfodion	43 20 49 6 4 40 26 38 6 63 26 49
hangori	43 20 6 4 51 26 6 54 24
hansh	4 43 20 49 56 43
hapêl	4 43 20 6 53 23 45
harbenigeddau	43 20 54 6 35 22 6 49 24 6 4 42 23 6 39 69
hardd	4 43 20 54 39
harddull	4 43 20 54 6 39 32 46
harglwyddi	43 20 54 6 4 42 45 73 6 39 24
harian	4 43 20 54 6 63 20 49
harneisio	43 20 54 6 4 49 66 6 57 26
harwyddo	43 20 6 4 54 73 6 39 26
hastudiaeth	43 20 56 6 4 58 32 38 6 63 70 59
hatgoffa	43 20 58 6 4 42 27 6 41 20
hathroniaeth	43 20 59 6 4 54 26 49 6 63 70 59
hawdlau	4 43 77 38 6 45 69
hawliadau	43 77 45 6 4 63 21 6 38 69
hawliwr	4 43 77 45 6 63 28 54
hebddi	4 43 22 35 6 39 24
hebraeg	4 43 22 35 6 54 70 42
hectar	4 43 22 36 6 58 20 54
heddlu'r	4 43 22 39 6 45 32 54
heddychwr	43 22 6 4 39 30 6 37 28 54
hedon	4 43 23 6 38 26 49
hefoi	4 43 23 6 40 68
hegwyddorion	43 22 6 42 73 6 4 39 26 54 6 63 26 49
heidiau	4 43 66 38 6 63 69
heintiau	4 43 66 49 6 58 63 69
heisiau	4 43 66 6 57 69
helaethu	43 22 6 4 45 70 6 59 32
helenistaidd	43 22 6 45 22 6 4 49 24 56 6 58 65 39
helm	4 43 22 45 47
helped	4 43 22 45 6 53 22 38
helyg	4 43 22 6 45 32 42
hendre	4 43 22 49 6 38 54 22
heneiddion	43 22 6 4 49 66 39 6 63 26 49
henillwyr	43 22 6 4 49 24 6 46 73 54
hensol	4 43 22 49 6 56 26 45
hepatitis	43 22 6 53 20 6 4 58 24 6 58 24 56
herciodd	4 43 22 54 6 36 63 26 39
herian	4 43 22 54 6 63 20 49
herodrol	43 22 6 4 54 26 38 6 54 26 45
herwyr	4 43 22 6 54 73 54
hetholwyd	43 22 6 4 59 26 6 45 73 38
heuwr	4 43 71 6 28 54
hibiscus	43 24 6 4 35 24 56 6 36 32 56
hidlydd	4 43 24 38 6 45 32 39
hilari	43 24 6 4 45 20 6 54 24
hincwm	4 43 24 51 6 36 28 47
hir	4 43 24 54
hiraethlyn	43 24 6 4 54 70 59 6 45 32 49
hirdymor	43 24 54 6 4 38 30 6 47 26 54
hirlwm	4 43 24 54 6 45 28 47
hit	4 43 24 58
hob	4 43 27 35
hoedl	4 43 72 38 45
hoeliwn	4 43 72 45 6 63 28 49
hoffech	4 43 27 6 41 22 37
hoffodd	4 43 27 6 41 26 39
hofrennydd	43 26 40 6 4 54 22 6 49 32 39
hogyn	4 43 27 6 42 32 49
holes	4 43 26 6 45 22 56
hollol	4 43 26 6 46 26 45
holwn	4 43 26 6 45 28 49
hon	4 43 26 49
honna	4 43 26 6 49 20
honnwyd	4 43 26 6 49 73 38
hormon	4 43 26 54 6 47 26 49
hotsbotio	43 26 58 6 4 56 53 26 58 6 63 26
huchel	4 43 33 6 37 22 45
hudolus	43 32 6 4 38 26 6 45 32 56
humphreys	4 43 32 47 6 41 54 71 56
hunanamddiffyniad	43 32 6 49 20 6 49 20 47 6 39 24 6 4 41 30 49 6 63 20 38
hunangofiant	43 32 6 49 20 6 4 51 26 40 6 63 20 49 58
hunanlywodraeth	43 32 6 49 20 49 6 45 76 6 4 26 38 6 54 70 59
hunion	4 43 32 49 6 63 26 49
hurio	4 43 32 54 6 63 26
hwch	4 43 29 37
hwn	4 43 28 49
hwnnan	4 43 28 6 49 20 49
hwrê	4 43 28 6 54 23
hwyaid	4 43 73 6 65 38
hwyliog	4 43 73 45 6 63 26 42
hwynebau	43 73 6 4 49 23 6 35 69
hwyrddyfodiaid	43 73 54 6 39 30 6 4 40 26 38 6 63 65 38
hybir	4 43 30 6 35 24 54
hyderus	43 30 6 4 38 22 6 54 32 56
hydrefol	43 30 38 6 4 54 23 6 40 26 45
hyfedredd	43 30 6 4 40 22 38 6 54 22 39
hyfforddwyd	43 30 6 4 41 26 54 6 39 73 38
hygrededd	43 30 42 6 4 54 23 6 38 22 39
hylifedd	43 30 6 4 45 25 6 40 22 39
hymbarél	43 30 47 6 4 35 20 6 54 22 45
hymestyn	43 30 6 4 47 22 56 6 58 32 49
hymrwymiad	43 30 47 6 4 54 73 47 6 63 20 38
hŷn	4 43 33 49
hynafiaethwyr	43 30 6 49 20 40 6 4 63 70 6 59 73 54
hynna'n	4 43 30 6 49 20 49
hynotaf	43 30 6 4 49 26 6 58 20 40
hyrddiadau	43 30 54 6 4 39 63 21 6 38 69
hyrwyddodd	43 30 6 4 54 73 6 39 26 39
hysbyseb	43 30 56 6 4 53 30 6 56 22 35
hysbysfwrdd	43 30 56 6 4 53 30 56 6 40 28 54 39
hysbysu'r	43 30 56 6 4 53 30 6 56 32 54
hysgrifennu	43 30 56 6 36 54 24 6 4 40 22 6 49 32
hystyrid	43 30 56 6 4 58 30 6 54 24 38
iâ	4 63 21
iachus	4 63 21 6 37 32 56
iard	4 63 20 54 38
iau	4 63 69
ictoria	24 36 6 4 58 26 54 6 63 20
iddir	4 25 6 39 24 54
idiom	4 24 38 6 63 26 47
ieir	4 63 66 54
ieithyddion	63 66 6 4 59 30 39 6 63 26 49
ieuainc	4 63 71 6 65 51 36
ifan	4 25 6 40 20 49
igian	4 24 42 6 63 20 49
im	4 24 47
imperialaidd	24 47 6 53 22 54 6 4 63 20 6 45 65 39
incwm	4 24 51 6 36 28 47
indy	4 24 49 6 38 32
ino	4 24 6 49 26
interim	24 49 6 4 58 22 6 54 24 47
iorciaid	4 63 26 54 6 36 63 65 38
ir	4 24 54
iro	4 24 6 54 26
isafswm	24 6 4 56 20 40 6 56 28 47
isel	4 25 6 56 22 45
isgapten	24 56 6 4 36 20 53 6 58 22 49
islamaidd	24 56 6 4 45 20 6 47 65 39
isradd	4 24 56 6 54 20 39
isreithor	24 56 6 4 54 66 6 59 26 54
ithel	4 25 6 59 22 45
iwmyn	4 63 28 6 47 32 49
jacson	4 44 20 36 6 56 26 49
jar	4 44 20 54
jenins	4 44 22 6 49 24 49 56
jet	4 44 22 58
jîns	4 44 25 49 56
joban	4 44 27 6 35 20 49
john	4 44 26 43 49
joseff	4 44 27 6 56 22 41
karate	36 20 6 4 54 20 6 58 22
korea	36 26 6 4 54 23 6 20
labordu	45 20 6 4 35 26 54 6 38 32
lad	4 45 21 38
ladrata	45 20 38 6 4 54 20 6 58 20
lafarganu	45 20 6 40 20 54 6 4 42 20 6 49 32
lais	4 45 65 56
lana	4 45 20 6 49 20
landio	4 45 20 49 6 38 63 26
laneuddog	45 20 6 4 49 71 6 39 26 42
langynog	45 20 6 4 51 30 6 49 26 42
lannion	4 45 20 49 6 63 26 49
lansiodd	4 45 20 49 6 57 26 39
lapio	4 45 20 53 6 63 26
las	4 45 21 56
lathenni	45 20 6 4 59 22 6 49 24
lawenydd	45 77 6 4 22 6 49 32 39
lawnt	4 45 77 49 58
le	4 45 23
lecsiwn	4 45 22 36 6 57 28 49
ledled	4 45 22 38 6 45 22 38
lefaru	45 22 6 4 40 20 6 54 32
lefren	4 45 22 40 6 54 22 49
leiafswm	45 66 6 4 20 40 6 56 28 47
leihau'r	4 45 66 6 43 69 54
leinyps	4 45 66 6 49 32 53 56
lembo	4 45 22 47 6 35 26
lenno	4 45 22 6 49 26
lenyddiaeth	45 22 6 4 49 30 39 6 63 70 59
leolir	45 22 6 4 26 6 45 24 54
lestri	4 45 22 56 6 58 54 24
letygarwch	45 22 6 58 30 6 4 42 20 6 54 28 37
lewyrch	4 45 67 6 32 54 37
liberia	45 24 6 4 35 22 54 6 63 20
lico	4 45 24 6 36 26
lifer	4 45 25 6 40 22 54
lili	4 45 24 6 45 24
lindys	4 45 24 49 6 38 32 56
linynnau	45 24 6 4 49 30 6 49 69
lithro	4 45 24 59 6 54 26
liwgar	4 45 63 29 6 42 20 54
llabwst	4 46 21 6 35 28 56 58
lladd	4 46 21 39
lladdwch	4 46 21 6 39 28 37
lladradau	46 20 38 6 4 54 21 6 38 69
llaethog	4 46 70 6 59 26 42
llafur	4 46 21 6 40 32 54
llais	4 46 65 56
llan	4 46 20 49
llanbabo	46 20 49 6 4 35 21 6 35 26
llanbrynmair	46 20 49 6 4 35 54 30 49 6 47 65 54
llanddeiniol	46 20 49 6 4 39 66 49 6 63 26 45
llandecwyn	46 20 49 6 4 38 22 6 36 73 49
llandrindod	46 20 49 6 4 38 54 24 49 6 38 26 38
llandysul	46 20 49 6 4 38 30 6 56 32 45
llanelli	46 20 6 4 49 22 6 46 24
llanfaches	46 20 49 6 4 40 21 6 37 22 56
llanfairpwllgwyngyllgogerychwyrndrobwllllantysiliogogogoch	46 20 49 6 40 65 54 6 53 28 46 6 42 73 6 51 30 46 6 42 26 6 42 22 6 54 30 6 37 73 54 6 49 38 54 26 6 35 28 6 46 20 49 6 58 30 6 56 24 45 6 63 26 6 42 26 6 4 42 27 6 42 26 37
llanfyllin	46 20 49 6 4 40 30 6 46 24 49
llangernyw	46 20 6 4 51 22 54 6 49 76
llangurig	46 20 6 4 51 32 6 54 24 42
llangynnwr	46 20 6 4 51 30 6 49 28 54
llanio	4 46 20 49 6 63 26
llannewydd	46 20 6 4 49 67 6 32 39
llanrhystud	46 20 49 6 4 55 30 56 6 58 32 38
llansteffan	46 20 49 6 4 56 58 23 6 41 20 49
llanwenog	46 20 49 6 4 64 22 6 49 26 42
llarpio	4 46 20 54 6 53 63 26
llawenydd	46 77 6 4 22 6 49 32 39
llawfyrddau	46 77 6 4 40 30 54 6 39 69
llawrydd	4 46 77 6 54 32 39
lle'r	4 46 22 54
llechu	4 46 23 6 37 32
lledodd	4 46 23 6 38 26 39
lledur	4 46 23 6 38 32 54
llefarwr	46 22 6 4 40 20 6 54 28 54
llefrith	4 46 22 40 6 54 24 59
lleian	4 46 66 6 20 49
lleifior	4 46 66 40 6 63 26 54
lleisiau	4 46 66 6 57 69
llem	4 46 22 47
llenni	4 46 22 6 49 24
llenwi'r	4 46 22 49 6 64 24 54
llenyddol	46 22 6 4 49 30 6 39 26 45
ller	4 46 22 54
llesteirio	46 22 56 6 4 58 66 54 6 63 26
llethr	4 46 22 59 54
lleu	4 46 71
llewod	4 46 67 6 26 38
lleygwr	4 46 71 6 42 28 54
llidiart	4 46 24 38 6 63 20 54 58
llifeirio	46 24 6 4 40 66 54 6 63 26
llifwaddod	46 24 40 6 4 64 21 6 39 26 38
lliniarol	46 24 49 6 4 63 20 6 54 26 45
llipa	4 46 24 6 53 20
llithrennau	46 24 59 6 4 54 22 6 49 69
lliw'r	4 46 63 28 54
lliwllawn	4 46 63 28 6 46 77 49
llochesu	46 26 6 4 37 23 6 56 32
llofft	4 46 26 41 58
llofrudd	4 46 26 40 6 54 32 39
llogellau	46 26 6 4 42 22 6 46 69
llongddrylliad	46 26 51 6 4 39 54 30 46 6 63 20 38
llongyfarchodd	46 26 6 51 30 6 4 40 20 54 6 37 26 39
llonyddu	46 26 6 4 49 30 6 39 32
llosga	4 46 26 56 6 36 20
llosgodd	4 46 26 56 6 36 26 39
lluchio	4 46 32 37 6 63 26
llumanau	46 32 6 4 47 20 6 49 69
lluniaidd	4 46 32 49 6 63 65 39
llunir	4 46 32 6 49 24 54
lluosocach	46 32 6 26 6 4 56 26 6 36 20 37
llusga'r	4 46 32 56 6 36 20 54
lluwch	4 46 74 37
llwglyd	4 46 28 42 6 45 32 38
llwyaid	4 46 73 6 65 38
llwyddaf	4 46 73 6 39 20 40
llwyddent	4 46 73 6 39 22 49 58
llwydion	4 46 73 38 6 63 26 49
llwyfan	4 46 73 6 40 20 49
llwyncelyn	46 73 51 6 4 36 22 6 45 32 49
llwyth	4 46 73 59
lly	4 46 33
llydawes	46 30 6 4 38 77 6 22 56
llyfai	4 46 30 6 40 65
llyfnder	4 46 30 40 6 49 38 22 54
llyfrau'r	4 46 30 40 6 54 69 54
llyfrwerthwr	46 30 40 6 4 54 64 22 54 6 59 28 54
llygeirian	46 30 6 4 42 66 54 6 63 20 49
llym	4 46 32 47
llyncai	4 46 30 51 6 36 65
llyngesau	46 30 6 4 51 23 6 56 69
llysenwau	46 30 6 4 56 22 49 6 64 69
llysiau	4 46 30 6 57 69
llysol	4 46 30 6 56 26 45
llythrennog	46 30 59 6 4 54 22 6 49 26 42
llythyru	46 30 6 4 59 30 6 54 32
llywiodd	46 76 6 4 25 6 26 39
llywodraethwyr	46 76 6 26 38 6 4 54 70 6 59 73 54
lobïo	4 45 26 35 6 63 26
locomotif	45 26 6 36 26 6 4 47 26 6 58 24 40
lofaol	45 26 6 4 40 21 6 26 45
logistaidd	45 26 6 4 42 24 56 6 58 65 39
lôn	4 45 27 49
lonydd	4 45 26 6 49 32 39
losges	4 45 26 56 6 36 22 56
lowri	4 45 75 6 54 24
ludiog	4 45 32 38 6 63 26 42
luniaur	4 45 32 49 6 63 69 54
lus	4 45 33 56
lwcus	4 45 28 6 36 32 56
lwyd	4 45 73 38
lwyddwn	4 45 73 6 39 28 49
lwyth	4 45 73 59
lydawn	4 45 30 6 38 77 49
lyfrau'r	4 45 30 40 6 54 69 54
lygad	4 45 30 6 42 20 38
lymff	4 45 32 47 41
lynnoedd	4 45 30 6 49 72 39
lythrennau	45 30 59 6 4 54 22 6 49 69
lywio	45 76 6 4 25 6 26
ma'	4 47 21
mabon	4 47 21 6 35 26 49
macarŵn	47 20 6 4 36 20 6 54 29 49
macyn	4 47 20 6 36 32 49
maddeuir	47 20 6 4 39 71 6 24 54
mae	4 47 70
maelienydd	47 70 45 6 4 63 22 6 49 32 39
maenor	4 47 70 6 49 26 54
maesteg	4 47 70 56 6 58 22 42
mafon	4 47 21 6 40 26 49
maglau	4 47 20 42 6 45 69
magwrfa	47 20 6 4 42 28 54 6 40 20
main	4 47 65 49
malais	4 47 20 6 45 65 56
malen	4 47 20 6 45 22 49
malon	4 47 20 6 45 26 49
malwyr	4 47 20 6 45 73 54
mamau	4 47 20 6 47 69
mân	4 47 21 49
mangoed	4 47 20 6 51 72 38
manon	4 47 20 6 49 26 49
manteision	47 20 49 6 4 58 66 6 57 26 49
manylaf	47 20 6 4 49 30 6 45 20 40
map	4 47 20 53
marchnad	4 47 20 54 6 37 49 20 38
marciau	4 47 20 54 6 36 63 69
margam	4 47 20 54 6 42 20 47
marina	47 20 6 4 54 24 6 49 20
mart	4 47 20 54 58
marwn	4 47 20 6 54 28 49
màs	4 47 21 56
masnachwr	47 20 56 6 4 49 21 6 37 28 54
materion	47 20 6 4 58 22 54 6 63 26 49
mathemategwyr	47 20 6 59 22 6 47 20 6 4 58 23 6 42 73 54
matras	4 47 20 58 6 54 20 56
mawddwy	4 47 77 6 39 73
mawrhau	4 47 77 6 55 69
mcdonalds	4 47 36 38 26 6 49 20 45 38 56
mecsicanaidd	47 22 36 6 56 24 6 4 36 20 6 49 65 39
meddai	4 47 23 6 39 65
medden	4 47 23 6 39 22 49
meddu	4 47 23 6 39 32
meddwn	4 47 23 6 39 28 49
meddyginiaethau	47 22 6 39 30 6 42 24 49 6 4 63 70 6 59 69
meddyliai	47 22 6 4 39 30 45 6 63 65
meddylir	47 22 6 4 39 30 6 45 24 54
medr	4 47 22 38 54
medrech	4 47 22 38 6 54 22 37
medru	4 47 22 38 6 54 32
medwyn	4 47 23 6 38 73 49
megir	4 47 23 6 42 24 54
meiddiai	4 47 66 39 6 63 65
meigryn	4 47 66 42 6 54 32 49
meincnodi	47 66 51 6 4 36 49 27 6 38 24
meinwe	4 47 66 49 6 64 22
meirionydd	47 66 54 6 4 63 26 6 49 32 39
meistrolgar	47 66 56 6 4 58 54 26 45 6 42 20 54
mel	4 47 22 45
melinau	47 22 6 4 45 24 6 49 69
melltithio	47 22 46 6 4 58 24 59 6 63 26
melys	4 47 22 6 45 32 56
mendio	4 47 22 49 6 38 63 26
mentr	4 47 22 49 58 54
mentrwyd	4 47 22 49 6 58 54 73 38
meredydd	47 22 6 4 54 23 6 38 32 39
merthyr	4 47 22 54 6 59 32 54
mesuradwy	47 22 6 56 32 6 4 54 21 6 38 73
mesurwyd	47 22 6 4 56 32 6 54 73 38
metamorffosis	47 22 6 58 20 6 47 26 54 6 4 41 27 6 56 24 56
methedig	47 22 6 4 59 23 6 38 24 42
methodistaidd	47 22 6 59 26 6 4 38 24 56 6 58 65 39
metr	4 47 22 58 54
mewnlifiad	47 67 49 6 4 45 24 40 6 63 20 38
mha	4 48 21
mhapur	4 48 20 6 53 32 54
mhartner	4 48 20 54 6 58 49 22 54
mhêl	4 48 23 45
mhenclawdd	4 48 22 51 6 36 45 77 39
mhentre	4 48 22 49 6 58 54 22
mhle	4 48 45 23
mhoblogaeth	48 26 35 6 4 45 27 6 42 70 59
mhorthaethwy	48 26 54 6 4 59 70 6 59 73
mhres	4 48 54 23 56
mhrisiau	4 48 54 24 6 57 69
mhwrs	4 48 28 54 56
mi'th	4 47 25 59
microsglodyn	47 24 36 6 54 26 56 6 4 36 45 27 6 38 32 49
migwrn	4 47 25 6 42 28 54 49
milgi	4 47 24 45 6 42 24
milwr	4 47 24 6 45 28 54
miniog	4 47 24 49 6 63 26 42
miri	4 47 24 6 54 24
miss	4 47 25 56
mlaenau	4 47 45 70 6 49 69
mlynyddoedd	47 45 30 6 4 49 30 6 39 72 39
moddau	4 47 27 6 39 69
modfedd	4 47 26 38 6 40 22 39
modur	4 47 27 6 38 32 54
moeddyn	4 47 72 6 39 32 49
moesau	4 47 72 6 56 69
moesolwr	47 72 6 4 56 26 6 45 28 54
mohoni	47 26 6 4 43 26 6 49 24
moldio	4 47 26 45 6 38 63 26
moment	4 47 26 6 47 22 49 58
monitor	47 26 6 4 49 24 6 58 26 54
monyn	4 47 26 6 49 32 49
mordeithiau	47 26 54 6 4 38 66 59 6 63 69
morgais	4 47 26 54 6 42 65 56
morio	4 47 26 54 6 63 26
moroco	47 26 6 4 54 26 6 36 26
morthwylion	47 26 54 6 4 59 73 45 6 63 26 49
moryd	4 47 26 6 54 32 38
mosgiau	4 47 26 56 6 36 63 69
motwnnog	47 26 6 4 58 28 6 49 26 42
mreichiau	4 47 54 66 37 6 63 69
mrynaman	47 54 30 6 4 49 20 6 47 20 49
mudiadau	47 32 38 6 4 63 21 6 38 69
mur	4 47 32 54
mursennaidd	47 32 54 6 4 56 22 6 49 65 39
mwgyn	4 47 29 6 42 32 49
mwncïod	4 47 28 51 6 36 63 26 38
mwriadau	47 28 54 6 4 63 21 6 38 69
mwya	4 47 73 6 20
mwyar	4 47 73 6 20 54
mwynau	4 47 73 6 49 69
mwynhad	4 47 73 6 50 20 38
mwynhewch	4 47 73 6 50 67 37
myd	4 47 33 38
myfyrdod	47 30 6 4 40 30 54 6 38 26 38
mygiau	4 47 30 42 6 63 69
mympwyol	47 30 47 6 4 53 73 6 26 45
mynachlogddu	47 30 6 49 20 37 6 4 45 26 42 6 39 32
mynedfeydd	47 30 6 4 49 22 38 6 40 71 39
mynegiannol	47 30 6 49 22 42 6 4 63 20 6 49 26 45
mynnaf	4 47 30 6 49 20 40
mynno	4 47 30 6 49 26
mynwent	4 47 30 49 6 64 22 49 58
mynychai'r	47 30 6 4 49 30 6 37 65 54
myrdd	4 47 32 54 39
mythau	4 47 30 6 59 69
na'm	4 49 20 47
nadd	4 49 21 39
nadroedd	4 49 20 38 6 54 72 39
naïf	4 49 65 40
nannau	4 49 20 6 49 69
nanteos	49 20 49 6 4 58 23 6 26 56
napcyn	4 49 20 53 6 36 32 49
nash	4 49 20 56 43
natur	4 49 20 6 58 32 54
naw	4 49 77
nawn	4 49 77 49
nealltwriaeth	49 22 6 20 46 6 4 58 28 54 6 63 70 59
nedi	4 49 23 6 38 24
nefyn	4 49 23 6 40 32 49
negeseuon	49 22 6 42 22 6 4 56 71 6 26 49
neidia	4 49 66 38 6 63 20
neidr	4 49 66 38 54
neilltuwyd	49 66 46 6 4 58 74 6 32 38
nel	4 49 22 45
neoniaeth	49 22 6 4 26 49 6 63 70 59
nerth	4 49 22 54 59
nesaf	4 49 23 6 56 20 40
netfli	4 49 22 58 6 40 45 24
neun	4 49 71 49
newidiem	49 67 6 4 24 38 6 63 22 47
newis	4 49 67 6 24 56
newyddiadurwraig	49 67 6 30 39 6 63 20 6 38 32 6 4 54 28 6 54 65 42
newynu	49 67 6 4 30 6 49 32
ngêm	4 51 23 47
nghaernarfon	52 70 54 6 4 49 20 54 6 40 26 49
nghanada	52 20 6 4 49 21 6 38 20
nghapel	4 52 20 6 53 22 45
nghasnewydd	52 20 56 6 4 49 67 6 32 39
nghefndir	4 52 22 40 6 49 38 24 54
nghlustdlysau	52 45 32 56 6 4 58 38 45 30 6 56 69
nghoetir	4 52 72 6 58 24 54
ngholofn	4 52 26 6 45 26 40 49
nghorwen	4 52 26 54 6 64 22 49
nghroesoswallt	52 54 72 6 4 56 26 56 6 64 20 46 58
nghwlen	4 52 28 6 45 22 49
nghwricwlwm	52 28 6 54 24 6 4 36 28 6 45 28 47
nghydwybod	52 30 6 4 38 73 6 35 26 38
nghyfeiriad	52 30 6 4 40 66 54 6 63 20 38
nghyfnodau	52 30 40 6 4 49 27 6 38 69
nghylch	4 52 32 45 37
nghymru	4 52 30 47 6 54 32
nghynhadledd	52 30 6 4 50 20 38 6 45 22 39
nghynrychiolydd	52 30 49 6 54 30 37 6 4 63 26 6 45 32 39
nglan	4 51 45 20 49
ngogledd	4 51 26 42 6 45 22 39
ngorffennaf	51 26 54 6 4 41 22 6 49 20 40
ngrym	4 51 54 32 47
ngwas	4 51 64 21 56
ngweithgareddau	51 64 66 59 6 42 20 6 4 54 23 6 39 69
ngwisgo	4 51 64 24 56 6 36 26
ngŵydd	4 51 73 39
ngwythiennaur	51 73 59 6 4 63 22 6 49 69 54
nhai	4 50 65
nhe	4 50 23
nhîm	4 50 25 47
nhraed	4 50 54 70 38
nhrefniadau	50 54 22 40 6 4 49 63 21 6 38 69
nhrewern	4 50 54 67 6 22 54 49
nhw'n	4 50 28 49
nhyb	4 50 33 35
nia	4 49 63 21
niferoedd	49 24 6 4 40 22 6 54 72 39
nilyn	4 49 24 6 45 32 49
nionod	4 49 63 26 6 49 26 38
nitrig	4 49 24 58 6 54 24 42
niweidiol	4 49 63 64 66 38 6 63 26 45
niwrolegol	49 63 28 6 54 26 6 4 45 23 6 42 26 45
nod	4 49 27 38
noddfa	4 49 26 39 6 40 20
noder	4 49 27 6 38 22 54
nodio	4 49 26 38 6 63 26
nodweddai	49 26 38 6 4 64 23 6 39 65
nodwyd	4 49 27 6 38 73 38
nofel	4 49 27 6 40 22 45
nofiodd	4 49 26 40 6 63 26 39
nolwyddelan	49 26 6 45 73 6 4 39 22 6 45 20 49
normanaidd	49 26 54 6 4 47 20 6 49 65 39
nosin	4 49 27 6 56 24 49
now	4 49 75
nwfn	4 49 28 40 49
nwydwyllt	4 49 73 6 38 73 46 58
nychdod	4 49 30 37 6 38 26 38
nyddiau	4 49 30 39 6 63 69
nyfroedd	4 49 30 40 6 54 72 39
nyrsys	4 49 30 54 6 56 32 56
nyts	4 49 32 58 56
o'u	4 27 6 32
oblegid	26 35 6 4 45 23 6 42 24 38
ochenaid	26 6 4 37 22 6 49 65 38
ochrgamu	26 37 6 4 54 42 20 6 47 32
ocsideiddio'n	26 36 6 56 24 6 4 38 66 39 6 63 26 49
odda	4 27 6 39 20
oddeutu	26 6 4 39 71 6 58 32
odla	4 26 38 6 45 20
odwyn	4 27 6 38 73 49
oeddech	4 72 6 39 22 37
oeddynt	4 72 6 39 32 49 58
oedolyn	72 6 4 38 26 6 45 32 49
oerach	4 72 6 54 20 37
oernadodd	72 54 6 4 49 21 6 38 26 39
ofal	4 27 6 40 20 45
ofergoel	26 6 4 40 22 54 6 42 72 45
offeiriad	26 6 4 41 66 54 6 63 20 38
offerynnau	26 6 41 22 6 4 54 30 6 49 69
ofid	4 27 6 40 24 38
ofnai	4 26 40 6 49 65
ofnwn	4 26 40 6 49 28 49
ofynnir	26 6 4 40 30 6 49 24 54
oglan	4 26 42 6 45 20 49
ogofeydd	26 6 4 42 27 6 40 71 39
ogwydd	4 27 6 42 73 39
ohonach	26 6 4 43 26 6 49 20 37
ohonof	26 6 4 43 26 6 49 26 40
ola'	4 26 6 45 20
ôldrefedigaethol	27 45 6 38 54 22 6 40 22 6 38 24 6 4 42 70 6 59 26 45
olewydd	26 6 4 45 67 6 32 39
ôllyngesydd	27 6 46 30 6 4 51 23 6 56 32 39
olwyn	4 26 6 45 73 49
olygid	26 6 4 45 30 6 42 24 38
olygyddol	26 6 45 30 6 4 42 30 6 39 26 45
olynydd	26 6 4 45 30 6 49 32 39
onenote	26 6 49 22 6 4 49 26 6 58 22
onid	4 26 6 49 24 38
operatig	26 6 53 22 6 4 54 20 6 58 24 42
optimistaidd	26 53 6 58 24 6 4 47 24 56 6 58 65 39
orchestion	26 54 6 4 37 22 56 6 58 63 26 49
orchuddio'i	26 54 6 37 32 39 6 4 63 27 6 24
ordeiniwyd	26 54 6 4 38 66 49 6 63 73 38
orfeddwl	26 54 6 4 40 23 6 39 28 45
orfodir	26 54 6 4 40 27 6 38 24 54
organau'r	26 54 6 4 42 20 6 49 69 54
oriad	4 26 54 6 63 20 38
orlethol	26 54 6 4 45 23 6 59 26 45
ormod	4 26 54 6 47 26 38
oroesodd	26 6 4 54 72 6 56 26 39
oruchwylio	26 6 54 32 6 4 37 73 45 6 63 26
orwyres	26 6 4 54 73 6 54 22 56
osgoi	4 26 56 6 36 68
osodir	26 6 4 56 27 6 38 24 54
ostyngiadau	26 56 6 58 30 51 6 4 63 21 6 38 69
owich	4 75 6 24 37
pabi	4 53 21 6 35 24
paciau	4 53 20 36 6 63 69
padiau	4 53 20 38 6 63 69
paentiwyd	4 53 70 49 6 58 63 73 38
paid	4 53 65 38
palasau	53 20 6 4 45 21 6 56 69
palmantu	53 20 45 6 4 47 20 49 6 58 32
pamffledyn	53 20 47 6 4 41 45 23 6 38 32 49
paneli	53 20 6 4 49 22 6 45 24
pantle	4 53 20 49 6 58 45 22
papura	53 20 6 4 53 32 6 54 20
parablun	53 20 6 4 54 20 35 6 45 32 49
paraffin	53 20 6 4 54 21 6 41 24 49
paralelogramau	53 20 6 54 20 6 45 22 6 45 26 42 6 4 54 20 6 47 69
paratoi	53 20 6 4 54 20 6 58 68
parcdir	4 53 20 54 6 36 38 24 54
parchus	4 53 20 54 6 37 32 56
parciwyd	4 53 20 54 6 36 63 73 38
parhaent	4 53 20 6 55 70 49 58
parhawyd	53 20 6 4 55 77 6 32 38
parmesan	53 20 54 6 4 47 23 6 56 20 49
parry	4 53 20 6 54 32
parti	4 53 20 54 6 58 24
parwydydd	53 20 6 4 54 73 6 38 32 39
pasiem	4 53 20 6 57 22 47
pasteiod	53 20 56 6 4 58 66 6 26 38
patriarch	4 53 20 58 6 54 63 20 54 37
pawb	4 53 77 35
pebyll	4 53 23 6 35 32 46
pechu	4 53 23 6 37 32
pedol	4 53 23 6 38 26 45
pedwardegau	53 22 38 6 64 20 54 6 4 38 23 6 42 69
pegynau	53 22 6 4 42 30 6 49 69
peilliad	4 53 66 46 6 63 20 38
peintiwr	4 53 66 49 6 58 63 28 54
peirianweithiau	53 66 54 6 63 20 49 6 4 64 66 59 6 63 69
pelfis	4 53 22 45 6 40 24 56
pellgyrhaeddol	53 22 46 6 42 30 6 4 55 70 6 39 26 45
pelydrau	53 22 6 4 45 30 38 6 54 69
penbedw	53 22 49 6 4 35 23 6 38 28
pencampwr	53 22 51 6 4 36 20 47 6 53 28 54
pendantrwydd	53 22 49 6 4 38 20 49 6 58 54 73 39
penderfynasant	53 22 49 6 38 22 54 6 40 30 6 4 49 21 6 56 20 49 58
penderfynon	53 22 49 6 38 22 54 6 4 40 30 6 49 26 49
pendraw	4 53 22 49 6 38 54 77
pengaled	53 22 6 4 51 20 6 45 22 38
pengwinod	53 22 51 6 4 64 24 6 49 26 38
penliniau	53 22 49 6 4 45 24 49 6 63 69
penlon	4 53 22 49 6 45 26 49
pennaeth	4 53 22 6 49 70 59
pennir	4 53 22 6 49 24 54
penodiad	53 22 6 4 49 26 38 6 63 20 38
penrhiw	4 53 22 49 6 55 63 28
pensaerniaeth	53 22 49 6 4 56 70 54 6 49 63 70 59
pensiwn	4 53 22 49 6 57 28 49
pentra	4 53 22 49 6 58 54 20
pentrefelin	53 22 49 6 58 54 22 6 4 40 22 6 45 24 49
pentyrrau	53 22 49 6 4 58 30 6 54 69
penybryn	53 22 6 4 49 30 35 6 54 32 49
perarogli	53 22 6 54 20 6 4 54 26 42 6 45 24
perchnogion	53 22 54 6 4 37 49 26 42 6 63 26 49
perfedd	4 53 22 54 6 40 22 39
perfformiodd	53 22 54 6 4 41 26 54 6 47 63 26 39
perimedr	53 22 6 4 54 24 6 47 22 38 54
perllan	4 53 22 54 6 46 20 49
persbectif	53 22 54 6 4 56 53 22 36 6 58 24 40
personoliaeth	53 22 54 6 56 26 6 4 49 26 45 6 63 70 59
perth	4 53 22 54 59
perthynai	53 22 54 6 4 59 30 6 49 65
pery	4 53 22 6 54 32
pes	4 53 23 56
petaem	4 53 22 6 58 70 47
petal	4 53 22 6 58 20 45
petersham	53 22 6 4 58 22 54 6 56 43 20 47
pethe'n	4 53 23 6 59 22 49
petryal	53 22 58 6 4 54 30 6 20 45
phaladr	4 41 20 6 45 20 38 54
phapur	4 41 20 6 53 32 54
pharch	4 41 20 54 37
pharhaus	4 41 20 6 55 69 56
phartneriaeth	41 20 54 6 4 58 49 22 54 6 63 70 59
phaul	4 41 69 45
phedair	4 41 23 6 38 65 54
pheirianneg	41 66 54 6 4 63 20 6 49 22 42
phen	4 41 22 49
phendant	4 41 22 49 6 38 20 49 58
phennant	4 41 22 6 49 20 49 58
phenodol	41 22 6 4 49 27 6 38 26 45
phentref	4 41 22 49 6 58 54 22 40
pherfedd	4 41 22 54 6 40 22 39
pherswâd	4 41 22 54 6 56 64 21 38
pherthynas	41 22 54 6 4 59 30 6 49 20 56
pheth	4 41 23 59
phil	4 41 24 45
phlaid	4 41 45 65 38
phlatiau	4 41 45 20 58 6 63 69
phlentyndod	41 45 22 49 6 4 58 30 49 6 38 26 38
phlwyf	4 41 45 73 40
phobol	4 41 27 6 35 26 45
pholisïau	41 26 6 4 45 24 6 57 69
phoplysen	41 26 53 6 4 45 30 6 56 22 49
phortmeirion	41 26 54 6 4 58 47 66 54 6 63 26 49
phosibl	4 41 27 6 56 24 35 45
phowdr	4 41 75 38 54
phresenoldeb	41 54 22 6 56 22 6 4 49 26 45 6 38 22 35
phrifysgolion	41 54 24 6 40 30 56 6 4 36 26 45 6 63 26 49
phriododd	4 41 54 63 27 6 38 26 39
phrofedigaeth	41 54 26 6 40 22 6 4 38 25 6 42 70 59
phrofwch	4 41 54 27 6 40 28 37
phrotest	4 41 54 26 6 58 22 56 58
phryderon	41 54 30 6 4 38 22 6 54 26 49
phrynu	4 41 54 30 6 49 32
phwdin	4 41 29 6 38 24 49
phwrpasol	41 28 54 6 4 53 21 6 56 26 45
phwysig	4 41 73 6 56 24 42
phyncio	4 41 30 51 6 36 63 26
piano	4 53 63 20 6 49 26
pibydd	4 53 25 6 35 32 39
picnic	4 53 24 36 6 49 24 36
piffian	4 53 24 41 6 63 20 49
pigo	4 53 25 6 42 26
pilipala	53 24 6 45 24 6 4 53 20 6 45 20
pinci	4 53 24 51 6 36 24
piser	4 53 25 6 56 22 54
pitsas	4 53 24 58 6 56 20 56
piws	4 53 63 29 56
plaid	4 53 45 65 38
planhigfeydd	53 45 20 6 4 50 24 42 6 40 71 39
plant	4 53 45 20 49 58
plastig	4 53 45 20 56 6 58 24 42
platfform	4 53 45 20 58 6 41 26 54 47
pleidio	4 53 45 66 38 6 63 26
pleidleisiodd	53 45 66 38 6 4 45 66 6 57 26 39
pleserus	53 45 22 6 4 56 22 6 54 32 56
plîs	4 53 45 25 56
plorod	4 53 45 26 6 54 26 38
plur	4 53 45 32 54
plwyfi	4 53 45 73 6 40 24
plygiadau	53 45 30 42 6 4 63 21 6 38 69
plymar	4 53 45 30 6 47 20 54
pobi	4 53 27 6 35 24
poblogrwydd	53 26 35 6 4 45 26 42 6 54 73 39
podiwm	4 53 26 38 6 63 28 47
poeni'n	4 53 72 6 49 24 49
poethi	4 53 72 6 59 24
polisi'r	53 26 6 4 45 25 6 56 24 54
polyn	4 53 26 6 45 32 49
pontio	4 53 26 49 6 58 63 26
pop	4 53 26 53
porffor	4 53 26 54 6 41 26 54
porthcawl	4 53 26 54 6 59 36 77 45
porthmon	4 53 26 54 6 59 47 26 49
portmeirion	53 26 54 6 4 58 47 66 54 6 63 26 49
porwr	4 53 26 6 54 28 54
positif	53 26 6 4 56 24 6 58 24 40
postmortem	53 26 56 6 4 58 47 26 54 6 58 22 47
potensial	53 26 6 4 58 22 49 6 57 20 45
powdr	4 53 75 38 54
powys	4 53 75 6 32 56
praw	4 53 54 77
pregethwr	53 54 22 6 4 42 23 6 59 28 54
premium	4 53 54 22 47 6 63 32 47
prentisiwyd	53 54 22 49 6 4 58 24 6 57 73 38
presennol	53 54 22 6 4 56 22 6 49 26 45
preswylwyr	53 54 22 6 4 56 73 6 45 73 54
priddeg	4 53 54 25 6 39 22 42
prifair	4 53 54 25 6 40 65 54
priffyrdd	4 53 54 25 6 41 32 54 39
prifysgolion	53 54 24 6 40 30 56 6 4 36 26 45 6 63 26 49
printio	4 53 54 24 49 6 58 63 26
priododd	4 53 54 63 27 6 38 26 39
priodwedd	4 53 54 63 26 38 6 64 22 39
prisiannau	53 54 24 6 4 57 20 6 49 69
pritchard	4 53 54 24 58 6 37 20 54 38
prof	4 53 54 27 40
proffes	4 53 54 27 6 41 22 56
proffwydi	53 54 26 6 4 41 73 6 38 24
profi'n	4 53 54 27 6 40 24 49
profit	4 53 54 27 6 40 24 58
proletariat	53 54 26 6 45 22 6 4 58 20 54 6 63 20 58
prosesydd	53 54 26 6 4 56 23 6 56 32 39
protestaniaeth	53 54 26 6 58 22 56 6 4 58 20 49 6 63 70 59
protheroe	53 54 26 6 4 59 22 6 54 72
prwsia	4 53 54 28 6 57 20
pryddestau	53 54 30 6 4 39 22 56 6 58 69
pryderir	53 54 30 6 4 38 22 6 54 24 54
prydiau	4 53 54 30 38 6 63 69
prydyddion	53 54 30 6 4 38 30 39 6 63 26 49
pryfyn	4 53 54 30 6 40 32 49
prynodd	4 53 54 30 6 49 26 39
prys	4 53 54 33 56
prysurdeb	53 54 30 6 4 56 32 54 6 38 22 35
pumlumon	53 32 47 6 4 45 32 6 47 26 49
purdeb	4 53 32 54 6 38 22 35
puteindra	53 32 6 4 58 66 49 6 38 54 20
pwdr	4 53 28 38 54
pwl	4 53 28 45
pwmpio	4 53 28 47 6 53 63 26
pwrpasau	53 28 54 6 4 53 21 6 56 69
pwyll	4 53 73 46
pwyntio	4 53 73 49 6 58 63 26
pwysi	4 53 73 6 56 24
pwysleisiai	53 73 56 6 4 45 66 6 57 65
pwysodd	4 53 73 6 56 26 39
pydredig	53 30 38 6 4 54 23 6 38 24 42
pylori	53 30 6 4 45 26 6 54 24
pyped	4 53 30 6 53 22 38
pysgota	53 30 56 6 4 36 26 6 58 20
qatar	4 20 6 58 20 54
raddau	4 54 21 6 39 69
radicalaidd	54 20 6 38 24 6 4 36 20 6 45 65 39
radiysau	54 20 38 6 4 63 30 6 56 69
rafft	4 54 20 41 58
ragflaenydd	54 20 42 6 4 40 45 70 6 49 32 39
raglennu	54 20 42 6 4 45 22 6 49 32
ragweld	4 54 20 42 6 64 22 45 38
ramant	4 54 20 6 47 20 49 58
ranbarth	4 54 20 49 6 35 20 54 59
rannol	4 54 20 6 49 26 45
rataf	4 54 20 6 58 20 40
rebeca	54 22 6 4 35 22 6 36 20
recordior	54 22 6 4 36 26 54 6 38 63 26 54
rediad	4 54 22 38 6 63 20 38
reg	4 54 23 42
reilffordd	4 54 66 45 6 41 26 54 39
reng	4 54 22 51
rentu	4 54 22 49 6 58 32
reolir	54 22 6 4 26 6 45 24 54
resog	4 54 23 6 56 26 42
reswm	4 54 23 6 56 28 47
rewgell	4 54 67 6 42 22 46
rhaeadrau	55 70 6 4 20 38 6 54 69
rhagair	4 55 21 6 42 65 54
rhagddynt	4 55 20 42 6 39 32 49 58
rhagdybiwyd	55 20 42 6 4 38 30 35 6 63 73 38
rhagflas	4 55 20 42 6 40 45 20 56
rhaglennu	55 20 42 6 4 45 22 6 49 32
rhagom	4 55 21 6 42 26 47
rhagorol	55 20 6 4 42 26 6 54 26 45
rhagweld	4 55 20 42 6 64 22 45 38
rhaib	4 55 65 35
rhamantus	55 20 6 4 47 20 49 6 58 32 56
rhanedig	55 20 6 4 49 23 6 38 24 42
rhannol	4 55 20 6 49 26 45
rhatach	4 55 20 6 58 20 37
rhedag	4 55 23 6 38 20 42
rhedfa	4 55 22 38 6 40 20
rhedynog	55 22 6 4 38 30 6 49 26 42
rheibio	4 55 66 35 6 63 26
rheilffyrdd	4 55 66 45 6 41 32 54 39
rheithgorau	55 66 59 6 4 42 26 6 54 69
rhengoedd	4 55 22 6 51 72 39
rheol	4 55 23 6 26 45
rheoleiddio	55 22 6 26 6 4 45 66 39 6 63 26
rheolwr	55 22 6 4 26 6 45 28 54
rhestrau	4 55 22 56 6 58 54 69
rhesymau	55 22 6 4 56 30 6 47 69
rhethregol	55 22 59 6 4 54 23 6 42 26 45
rhewlif	4 55 67 6 45 24 40
rhiain	4 55 63 65 49
rhieingerddi	55 63 66 6 4 51 22 54 6 39 24
rhifo	4 55 25 6 40 26
rhigolau	55 24 6 4 42 26 6 45 69
rhiniog	4 55 24 49 6 63 26 42
rhith	4 55 25 59
rho	4 55 27
rhoddais	4 55 27 6 39 65 56
rhoddodd	4 55 27 6 39 26 39
rhodfa	4 55 26 38 6 40 20
rhoed	4 55 72 38
rhoi'r	4 55 68 54
rholiwch	4 55 26 45 6 63 28 37
rhonciodd	4 55 26 51 6 36 63 26 39
rhosgadfan	55 26 56 6 4 36 20 38 6 40 20 49
rhostio	4 55 26 56 6 58 63 26
rhosymedre	55 26 6 56 30 6 4 47 22 38 6 54 22
rhuallt	4 55 33 6 20 46 58
rhufeiniaid	55 32 6 4 40 66 49 6 63 65 38
rhuthr	4 55 32 59 54
rhwbiodd	4 55 28 35 6 63 26 39
rhwydau	4 55 73 6 38 69
rhwyf	4 55 73 40
rhwyll	4 55 73 46
rhwymedigaethau	55 73 6 47 22 6 38 24 6 4 42 70 6 59 69
rhwysgfawr	4 55 73 56 6 36 40 77 54
rhwystrol	4 55 73 56 6 58 54 26 45
rhybuddiodd	55 30 6 4 35 32 39 6 63 26 39
rhychwant	4 55 30 37 6 64 20 49 58
rhyddfrydiaeth	55 30 39 6 4 40 54 30 38 6 63 70 59
rhyddhawyd	55 30 39 6 4 43 77 6 32 38
rhydlydan	55 30 38 6 4 45 30 6 38 20 49
rhyfedd	4 55 30 6 40 22 39
rhyfeddu	55 30 6 4 40 23 6 39 32
rhyfygu	55 30 6 4 40 30 6 42 32
rhyngberthynas	55 30 51 6 35 22 54 6 4 59 30 6 49 20 56
rhyngoch	4 55 30 6 51 26 37
rhyngweithio'n	55 30 51 6 4 64 66 59 6 63 26 49
rhythais	4 55 30 6 59 65 56
rhywbryd	4 55 76 35 6 54 32 38
rhywioldeb	55 76 6 24 6 4 26 45 6 38 22 35
ricet	4 54 24 6 36 22 58
rifyn	4 54 25 6 40 32 49
rinwedd	4 54 24 49 6 64 22 39
rithwir	4 54 24 59 6 64 24 54
roberts	4 54 27 6 35 22 54 58 56
rodd	4 54 27 39
roddwr	4 54 27 6 39 28 54
roeddech	4 54 72 6 39 22 37
roen	4 54 72 49
rolau	4 54 26 6 45 69
ronyn	4 54 26 6 49 32 49
rostir	4 54 26 56 6 58 24 54
rown	4 54 75 49
rufeinig	54 32 6 4 40 66 6 49 24 42
rur	4 54 32 54
rwbel	4 54 29 6 35 22 45
rwsiaid	4 54 28 6 57 65 38
rwydweithiau	54 73 38 6 4 64 66 59 6 63 69
rwystr	4 54 73 56 58 54
rybudd	4 54 30 6 35 32 39
rydan	4 54 30 6 38 20 49
ryddhau	4 54 30 39 6 43 69
rydym	4 54 30 6 38 32 47
rygbi	4 54 30 42 6 35 24
ryngwyneb	54 30 6 4 51 73 6 49 22 35
rywbryd	4 54 76 35 6 54 32 38
rywogaethau	54 76 6 26 6 4 42 70 6 59 69
sachaid	4 56 21 6 37 65 38
sadio	4 56 20 38 6 63 26
saesnes	4 56 70 56 6 49 22 56
saethu	4 56 70 6 59 32
saethyddion	56 70 6 4 59 30 39 6 63 26 49
safbwyntiau	56 20 40 6 4 35 73 49 6 58 63 69
safle	4 56 20 40 6 45 22
safoni	56 20 6 4 40 26 6 49 24
sai'n	4 56 65 49
saint	4 56 65 49 58
salach	4 56 20 6 45 20 37
salmau	4 56 20 45 6 47 69
sam	4 56 20 47
samplwyd	4 56 20 47 6 53 45 73 38
sancteiddiwyd	56 20 51 6 4 36 58 66 39 6 63 73 38
sannau	4 56 20 6 49 69
sarah	4 56 20 6 54 20 43
sarn	4 56 20 54 49
sathredig	56 20 59 6 4 54 23 6 38 24 42
sawdl	4 56 77 38 45
sbaeneg	4 56 53 70 6 49 22 42
sbario	4 56 53 20 54 6 63 26
sbeisys	4 56 53 66 6 56 32 56
sbïo	4 56 53 63 27
sboncen	4 56 53 26 51 6 36 22 49
sbri	4 56 53 54 25
sbwng	4 56 53 28 51
sean	4 56 23 6 20 49
secretu'r	56 22 36 6 4 54 22 6 58 32 54
seddi	4 56 23 6 39 24
sefydliad	56 22 6 4 40 30 38 6 45 63 20 38
sefydlogi	56 22 6 40 30 38 6 4 45 27 6 42 24
sefydlwyr	56 22 6 4 40 30 38 6 45 73 54
segur	4 56 23 6 42 32 54
seiciatreg	56 66 36 6 4 63 20 58 6 54 22 42
seicolegydd	56 66 6 36 26 6 4 45 23 6 42 32 39
seilir	4 56 66 6 45 24 54
seinegol	56 66 6 4 49 23 6 42 26 45
seiri	4 56 66 6 54 24
seithug	4 56 66 6 59 32 42
seliwlos	56 22 45 6 4 63 28 6 45 26 56
semen	4 56 22 6 47 22 49
seneddau'r	56 22 6 4 49 23 6 39 69 54
sens	4 56 22 49 56
sera	4 56 22 6 54 20
seremonïau	56 22 6 54 22 6 4 47 26 49 6 63 69
sero	4 56 22 6 54 26
seryddwyr	56 22 6 4 54 30 6 39 73 54
setior	4 56 22 58 6 63 26 54
sgaffaldiau	56 36 20 6 4 41 20 45 6 38 63 69
sgarff	4 56 36 20 54 41
sgertiau	4 56 36 22 54 6 58 63 69
sgileffeithiau	56 36 24 6 45 22 6 4 41 66 59 6 63 69
sgiwen	4 56 36 63 64 22 49
sgleinog	4 56 36 45 66 6 49 26 42
sgôr	4 56 36 27 54
sgotiaid	4 56 36 26 58 6 63 65 38
sgrapio	4 56 36 54 20 53 6 63 26
sgriblan	4 56 36 54 24 35 6 45 20 49
sgrin	4 56 36 54 24 49
sgroliau	4 56 36 54 26 45 6 63 69
sgwadron	4 56 36 64 20 38 6 54 26 49
sgwatwyr	4 56 36 64 20 6 58 73 54
sgwennu'r	4 56 36 64 22 6 49 32 54
sgwrsio	4 56 36 28 54 6 57 26
shetland	4 56 43 22 58 6 45 20 49 38
siafftiau	4 57 20 41 6 58 63 69
siambrlen	4 57 20 47 6 35 54 45 22 49
siani	4 57 20 6 49 24
siaradai	57 20 6 4 54 21 6 38 65
siaradwch	57 20 6 4 54 21 6 38 28 37
siaredid	57 20 6 4 54 23 6 38 24 38
siartaeth	4 57 20 54 6 58 70 59
siawnsri	4 57 77 49 6 56 54 24
sicr	4 56 24 36 54
sicrhewch	4 56 24 36 6 55 67 37
sied	4 57 23 38
sigarennau	56 24 6 42 20 6 4 54 22 6 49 69
signalau	56 24 42 6 4 49 20 6 45 69
silica	56 24 6 4 45 24 6 36 20
silt	4 56 24 45 58
simne	4 56 24 47 6 49 22
sinc	4 56 24 51 36
siocled	4 57 26 36 6 45 22 38
siomi	4 57 26 6 47 24
siorts	4 57 26 54 58 56
siriol	4 56 24 54 6 63 26 45
sisialodd	56 24 6 4 57 20 6 45 26 39
siwmper	4 57 28 47 6 53 22 54
siwtiau	4 57 28 58 6 63 69
sleid	4 56 45 66 38
slip	4 56 45 24 53
slot	4 56 45 26 58
sment	4 56 47 22 49 58
smwddio	4 56 47 28 39 6 63 26
soar	4 56 27 6 20 54
socian	4 56 26 36 6 63 20 49
soffistigeiddrwydd	56 26 6 41 24 56 6 58 24 6 4 42 66 39 6 54 73 39
solet	4 56 26 6 45 22 58
sôn	4 56 27 49
sonient	4 56 26 49 6 63 22 49 58
sorllyd	4 56 26 54 6 46 32 38
sosialaeth	56 26 6 4 57 20 6 45 70 59
sri	4 56 54 25
staen	4 56 58 70 49
stamp	4 56 58 20 47 53
startsh	4 56 58 20 54 58 56 43
steen	4 56 58 23 6 22 49
stêm	4 56 58 23 47
stepio	4 56 58 22 53 6 63 26
sticia	4 56 58 24 36 6 63 20
stiwdants	4 56 58 63 29 6 38 20 49 58 56
stof	4 56 58 27 40
stondinau	56 58 26 49 6 4 38 24 6 49 69
stordy	4 56 58 26 54 6 38 32
storïwr	4 56 58 26 54 6 63 28 54
strancio	4 56 58 54 20 51 6 36 63 26
stribed	4 56 58 54 25 6 35 22 38
strwythuredig	56 58 54 73 6 59 32 6 4 54 23 6 38 24 42
stumogi	56 58 32 6 4 47 27 6 42 24
stwrllyd	4 56 58 28 54 6 46 32 38
su'r	4 56 32 54
suent	4 56 33 6 22 49 58
suliau	4 56 32 45 6 63 69
surni	4 56 32 54 6 49 24
swatio	4 56 64 20 58 6 63 26
swigen	4 56 64 25 6 42 22 49
swltan	4 56 28 45 6 58 20 49
swnio'n	4 56 28 49 6 63 26 49
swrealaeth	56 28 6 54 22 6 4 20 6 45 70 59
swyddfa'r	4 56 73 39 6 40 20 54
swyddogaeth	56 73 6 4 39 27 6 42 70 59
swynol	4 56 73 6 49 26 45
sych	4 56 33 37
sychedig	56 30 6 4 37 23 6 38 24 42
sydyn	4 56 30 6 38 32 49
sylfaen	4 56 30 45 6 40 70 49
sylfeini'r	56 30 45 6 4 40 66 6 49 24 54
sylw	4 56 30 6 45 28
sylwasai	56 30 45 6 4 64 21 6 56 65
sylweddol	56 30 45 6 4 64 23 6 39 26 45
sylweddolwn	56 30 45 6 64 22 6 4 39 26 6 45 28 49
sylwir	4 56 30 45 6 64 24 54
symbolau	56 30 47 6 4 35 26 6 45 69
symffonig	56 30 47 6 4 41 26 6 49 24 42
symptomau	56 30 47 6 4 53 58 26 6 47 69
symudiadau	56 30 6 47 32 38 6 4 63 21 6 38 69
symudwch	56 30 6 4 47 33 6 38 28 37
synau	4 56 30 6 49 69
synhwyrgall	56 30 6 4 50 73 54 6 42 20 46
syniadaeth	56 30 49 6 4 63 21 6 38 70 59
synnais	4 56 30 6 49 65 56
synnwn	4 56 30 6 49 28 49
sypiau	4 56 30 53 6 63 69
syria	4 56 30 54 6 63 20
syrthio	4 56 30 54 6 59 63 26
systemig	56 30 56 6 4 58 22 6 47 24 42
tac	4 58 20 36
taclusrwydd	58 20 36 6 4 45 32 56 6 54 73 39
tadau	4 58 21 6 38 69
taenlenni	58 70 49 6 4 45 22 6 49 24
taeru	4 58 70 6 54 32
tafell	4 58 21 6 40 22 46
taflen	4 58 20 40 6 45 22 49
tafluniol	58 20 40 6 4 45 32 49 6 63 26 45
tafodieithoedd	58 20 6 40 26 38 6 4 63 66 6 59 72 39
tagfeydd	4 58 20 42 6 40 71 39
tail	4 58 65 45
talacharn	58 20 6 4 45 21 6 37 20 54 49
taleb	4 58 20 6 45 22 35
talfan	4 58 20 45 6 40 20 49
taliad	4 58 20 45 6 63 20 38
talsarn	4 58 20 45 6 56 20 54 49
talwrn	4 58 20 6 45 28 54 49
tan	4 58 20 49
tanc	4 58 20 51 36
tangnefeddus	58 20 51 6 49 22 6 4 40 23 6 39 32 56
tanlinellir	58 20 49 6 45 24 6 4 49 22 6 46 24 54
tano	4 58 20 6 49 26
tanybraich	58 20 6 4 49 30 35 6 54 65 37
tapiau	4 58 20 53 6 63 69
tardd	4 58 20 54 39
tarddu'n	4 58 20 54 6 39 32 49
tario	4 58 20 54 6 63 26
tarw	4 58 20 6 54 28
tasg	4 58 20 56 36
tatws	4 58 20 6 58 28 56
tawel	4 58 77 6 22 45
tawn	4 58 77 49
tebygoliaeth	58 22 6 35 30 6 4 42 26 45 6 63 70 59
technegydd	58 22 37 6 4 49 23 6 42 32 39
tectonig	58 22 36 6 4 58 26 6 49 24 42
tegai	4 58 23 6 42 65
tegwch	4 58 23 6 42 28 37
teiliwr	4 58 66 45 6 63 28 54
teilyngdod	58 66 6 4 45 30 51 6 38 26 38
teimlaf	4 58 66 47 6 45 20 40
teimlent	4 58 66 47 6 45 22 49 58
teimlwn	4 58 66 47 6 45 28 49
teirblwydd	4 58 66 54 6 35 45 73 39
teithiai	4 58 66 59 6 63 65
teithiwn	4 58 66 59 6 63 28 49
teledai	58 22 6 4 45 23 6 38 65
telerau	58 22 6 4 45 22 6 54 69
telir	4 58 22 6 45 24 54
telynegol	58 22 6 45 30 6 4 49 23 6 42 26 45
temtasiynau	58 22 47 6 58 20 6 4 57 30 6 49 69
tenau	4 58 22 6 49 69
teneuodd	58 22 6 4 49 71 6 26 39
tentaclau	58 22 49 6 4 58 20 36 6 45 69
terfynodd	58 22 54 6 4 40 30 6 49 26 39
terfysgwyr	58 22 54 6 4 40 30 56 6 36 73 54
tesog	4 58 23 6 56 26 42
teulu'r	4 58 71 6 45 32 54
tewion	58 67 6 4 25 6 26 49
teyrngar	4 58 71 54 6 51 20 54
thabledi	59 20 35 6 4 45 23 6 38 24
thaenu	4 59 70 6 49 32
thafod	4 59 21 6 40 26 38
thalentau	59 20 6 4 45 22 49 6 58 69
thanau	4 59 20 6 49 69
thapiau	4 59 20 53 6 63 69
tharo	4 59 20 6 54 26
thawel	4 59 77 6 22 45
thebygolrwydd	59 22 6 35 30 6 4 42 26 45 6 54 73 39
theidiau	4 59 66 38 6 63 69
theimlodd	4 59 66 47 6 45 26 39
thelegyfathrebu	59 22 6 45 22 6 42 30 6 40 20 59 6 4 54 23 6 35 32
themâu	4 59 22 6 47 69
theori	59 22 6 4 26 6 54 24
therfysg	4 59 22 54 6 40 32 56 36
theulu'n	4 59 71 6 45 32 49
thimau	4 59 24 6 47 69
thiroedd	4 59 24 6 54 72 39
thlysni	4 59 45 30 56 6 49 24
thorcyfraith	59 26 54 6 4 36 30 40 6 54 65 59
thraddodiadau	59 54 20 6 39 26 38 6 4 63 21 6 38 69
thrafodaeth	59 54 20 6 4 40 27 6 38 70 59
thrawiad	59 54 77 6 4 25 6 20 38
threblodd	4 59 54 22 35 6 45 26 39
threfniant	4 59 54 22 40 6 49 63 20 49 58
threfor	4 59 54 23 6 40 26 54
threth	4 59 54 23 59
thrigolion	59 54 24 6 4 42 26 45 6 63 26 49
throdd	4 59 54 27 39
thros	4 59 54 27 56
throstynt	4 59 54 26 56 6 58 32 49 58
thrwy	4 59 54 73
thrychineb	59 54 30 6 4 37 24 6 49 22 35
thrywydd	4 59 54 76 6 32 39
thus	4 59 33 56
thwtio	4 59 28 58 6 63 26
thyfu	4 59 30 6 40 32
thyner	4 59 30 6 49 22 54
thystio	4 59 30 56 6 58 63 26
thywyrch	4 59 76 6 32 54 37
ticed	4 58 24 6 36 22 38
timau	4 58 24 6 47 69
tip	4 58 24 53
tirfeddianwyr	58 24 54 6 40 22 39 6 4 63 20 6 49 73 54
tirion	4 58 24 54 6 63 26 49
tiroedd	4 58 24 6 54 72 39
titaniwm	58 24 6 4 58 20 49 6 63 28 47
tiwna	4 58 63 28 6 49 20
tlodi	4 58 45 27 6 38 24
tlysion	4 58 45 30 6 57 26 49
tocynnau'r	58 26 6 4 36 30 6 49 69 54
toeau	4 58 72 6 69
tom	4 58 26 47
tommy	4 58 26 6 47 32
tonfeddi	58 26 49 6 4 40 23 6 39 24
tonyrefail	58 26 6 49 30 6 4 54 23 6 40 65 45
torch	4 58 26 54 37
torfeydd	4 58 26 54 6 40 71 39
torïaid	4 58 26 54 6 63 65 38
torraf	4 58 26 6 54 20 40
torrir	4 58 26 6 54 24 54
torwyr	4 58 26 6 54 73 54
toyo	58 26 6 4 30 6 26
tractor	4 58 54 20 36 6 58 26 54
traddodir	58 54 20 6 4 39 27 6 38 24 54
traethau	4 58 54 70 6 59 69
traethodd	4 58 54 70 6 59 26 39
trafaelu	58 54 20 6 4 40 70 6 45 32
traffordd	4 58 54 21 6 41 26 54 39
trafododd	58 54 20 6 4 40 27 6 38 26 39
trais	4 58 54 65 56
tramiau	4 58 54 20 47 6 63 69
tranc	4 58 54 20 51 36
tras	4 58 54 21 56
trawma	4 58 54 77 6 47 20
trawsffurfiadau	58 54 77 56 6 41 32 54 6 4 40 63 21 6 38 69
trawsieithu	58 54 77 6 4 57 66 6 59 32
trawsysgrifio	58 54 77 6 56 30 56 6 4 36 54 24 40 6 63 26
trechaf	4 58 54 23 6 37 20 40
tredegar	58 54 22 6 4 38 23 6 42 20 54
trefeglwys	58 54 22 6 4 40 22 42 6 45 73 56
treflun	4 58 54 22 40 6 45 32 49
trefniadol	58 54 22 40 6 4 49 63 21 6 38 26 45
trefnu'r	4 58 54 22 40 6 49 32 54
trefnyddion	58 54 22 40 6 4 49 30 39 6 63 26 49
tregaron	58 54 22 6 4 42 20 6 54 26 49
treialu	58 54 66 6 4 20 6 45 32
treigliadau	58 54 66 42 6 4 45 63 21 6 38 69
treisiwr	4 58 54 66 6 57 28 54
trên	4 58 54 23 49
tresio	4 58 54 22 6 57 26
treulia'r	4 58 54 71 45 6 63 20 54
treulient	4 58 54 71 45 6 63 22 49 58
treuliwyd	4 58 54 71 45 6 63 73 38
tribiwnlys	58 54 24 35 6 4 63 28 49 6 45 32 56
trig	4 58 54 25 42
trigolion	58 54 24 6 4 42 26 45 6 63 26 49
trinir	4 58 54 24 6 49 24 54
trioleg	4 58 54 63 26 6 45 22 42
tristwch	4 58 54 24 56 6 58 28 37
troais	4 58 54 27 6 65 56
troedfeddi	58 54 72 38 6 4 40 23 6 39 24
troelli'n	4 58 54 72 6 46 24 49
trofan	4 58 54 27 6 40 20 49
troin	4 58 54 68 49
tror	4 58 54 26 54
troseddu'n	58 54 26 6 4 56 23 6 39 32 49
trosglwyddo'r	58 54 26 56 6 4 36 45 73 6 39 26 54
trosiadau	58 54 26 6 4 57 21 6 38 69
trosol	4 58 54 27 6 56 26 45
trothwy	4 58 54 27 6 59 73
truan	4 58 54 33 6 20 49
trum	4 58 54 32 47
trwm	4 58 54 28 47
trwsus	4 58 54 29 6 56 32 56
trwyddedwch	58 54 73 6 4 39 23 6 38 28 37
trwyth	4 58 54 73 59
trychiadau	58 54 30 37 6 4 63 21 6 38 69
trydanwyr	58 54 30 6 4 38 20 6 49 73 54
tryleu	4 58 54 30 6 45 71
trymhau	4 58 54 30 6 48 69
trysorodd	58 54 30 6 4 56 26 6 54 26 39
trywydd	4 58 54 76 6 32 39
tu	4 58 33
tudalennau	58 32 6 38 20 6 4 45 22 6 49 69
tudweiliog	58 32 38 6 4 64 66 45 6 63 26 42
tueddid	58 32 6 4 23 6 39 24 38
tunnell	4 58 32 6 49 22 46
twchu	4 58 29 6 37 32
tŵls	4 58 29 45 56
twp	4 58 28 53
twrf	4 58 28 54 40
twrnameintiau	58 28 54 6 49 20 6 4 47 66 49 6 58 63 69
twyllo	4 58 73 6 46 26
twyni	4 58 73 6 49 24
tyaid	4 58 30 6 65 38
tybiai	4 58 30 35 6 63 65
tybio	4 58 30 35 6 63 26
tyd	4 58 33 38
tydir	4 58 30 6 38 24 54
tyfu'n	4 58 30 6 40 32 49
tyllwr	4 58 30 6 46 28 54
tymhestloedd	58 30 6 4 48 22 56 6 58 45 72 39
tympanau	58 30 47 6 4 53 20 6 49 69
tynerwch	58 30 6 4 49 22 6 54 28 37
tynn	4 58 32 49
tynnu	4 58 30 6 49 32
tyr	4 58 32 54
tyrpeg	4 58 30 54 6 53 22 42
tystiodd	4 58 30 56 6 58 63 26 39
tywalltaf	58 76 6 4 20 46 6 58 20 40
tywelltid	58 76 6 4 22 46 6 58 24 38
tywyllwch	58 76 6 4 30 6 46 28 37
tywysennau	58 76 6 30 6 4 56 22 6 49 69
ucha	4 33 6 37 20
uchel	4 33 6 37 22 45
uchelgeisiol	32 6 37 22 45 6 4 42 66 6 57 26 45
udodd	4 33 6 38 26 39
ugeinfed	32 6 4 42 66 49 6 40 22 38
unbenaethol	32 49 6 35 22 6 4 49 70 6 59 26 45
undebau	32 49 6 4 38 23 6 35 69
undonedd	32 49 6 4 38 26 6 49 22 39
unfan	4 32 49 6 40 20 49
unfryd	4 32 49 6 40 54 32 38
unicef	32 6 4 49 24 6 36 22 40
unigolion	32 6 49 24 6 4 42 26 45 6 63 26 49
uniongred	32 49 6 4 63 26 51 6 54 22 38
unlle	4 32 49 6 46 22
unodl	4 32 6 49 26 38 45
untroed	4 32 49 6 58 54 72 38
urddo	4 32 54 6 39 26
utgorn	4 32 58 6 42 26 54 49
uwcharennol	74 6 37 20 6 4 54 22 6 49 26 45
uwchraddio	74 37 6 4 54 20 39 6 63 26
w'snosa	28 56 6 4 49 27 6 56 20
waedlyd	4 64 70 38 6 45 32 38
wag	4 64 21 42
wahan	4 64 20 6 43 20 49
wahanu'r	64 20 6 4 43 20 6 49 32 54
waitrose	64 65 58 6 4 54 27 6 56 22
waliau'r	4 64 20 45 6 63 69 54
wan	4 64 20 49
waradwyddo	64 20 6 54 20 6 4 38 73 6 39 26
warchodfa	64 20 54 6 4 37 26 38 6 40 20
wardiau	4 64 20 54 6 38 63 69
wartheg	4 64 20 54 6 59 22 42
wasanaethau	64 20 6 56 20 6 4 49 70 6 59 69
wasgais	4 64 20 56 6 36 65 56
wasgu'r	4 64 20 56 6 36 32 54
wat	4 64 20 58
wauncaegurwen	64 69 51 6 36 70 6 4 42 32 54 6 64 22 49
wbeth	4 29 6 35 22 59
weddill	4 64 23 6 39 24 46
wedi'i	64 22 6 4 38 25 6 24
wedyn	4 64 23 6 38 32 49
weiddin	4 64 66 6 39 24 49
weinyddir	64 66 6 4 49 30 6 39 24 54
weirglodd	4 64 66 54 6 42 45 26 39
weithgaredd	64 66 59 6 4 42 20 6 54 22 39
weithiau'n	4 64 66 59 6 63 69 49
weithir	4 64 66 6 59 24 54
weithredol	64 66 59 6 4 54 23 6 38 26 45
wela	4 64 22 6 45 20
weled	4 64 22 6 45 22 38
welist	4 64 22 6 45 24 56 58
wellt	4 64 22 46 58
welw	4 64 22 6 45 28
wên	4 64 23 49
wener	4 64 22 6 49 22 54
wenu	4 64 22 6 49 32
weriniaethol	64 22 6 54 24 49 6 4 63 70 6 59 26 45
wersi	4 64 22 54 6 56 24
werthiant	4 64 22 54 6 59 63 20 49 58
werthusiad	64 22 54 6 4 59 32 6 57 20 38
westai	4 64 22 56 6 58 65
wfftiodd	4 28 41 6 58 63 26 39
wib	4 64 25 35
wifren	4 64 24 40 6 54 22 49
williams	4 64 24 46 6 63 20 47 56
wing	4 64 24 51
wirfoddol	64 24 54 6 4 40 27 6 39 26 45
wirydd	4 64 24 6 54 32 39
wisgoedd	4 64 24 56 6 36 72 39
wladweinwyr	28 6 45 20 38 6 4 64 66 6 49 73 54
wleidyddiaeth	28 6 45 66 6 4 38 30 39 6 63 70 59
wmffra	4 28 47 6 41 54 20
wnaethoch	28 6 4 49 70 6 59 26 37
wnân	4 28 6 49 21 49
wnelor	28 6 4 49 22 6 45 26 54
wnïo	4 28 49 6 63 26
ŵr	4 29 54
wranta	28 6 4 54 20 49 6 58 20
wrhydri	28 6 4 55 30 38 6 54 24
wrthat	4 28 54 6 59 20 58
wrthfyndheibio	28 54 6 59 40 30 49 6 4 38 43 66 35 6 63 26
wrthii	4 28 54 6 59 63 24
wrthot	4 28 54 6 59 26 58
wrthsefydliad	28 54 6 59 56 22 6 4 40 30 38 6 45 63 20 38
wrthwynebwyr	28 54 6 59 73 6 4 49 23 6 35 73 54
wrychoedd	28 6 4 54 30 6 37 72 39
wy	4 73
wych	4 73 37
wyddent	4 73 6 39 22 49 58
wyddonydd	73 6 4 39 26 6 49 32 39
wydnwch	4 73 38 6 49 28 37
ŵyl	4 73 45
wyliadwrus	73 45 6 63 20 6 4 38 28 6 54 32 56
wylltio	4 73 46 6 58 63 26
wyna	4 73 6 49 20
wynebais	73 6 4 49 23 6 35 65 56
wynepryd	73 6 4 49 22 53 6 54 32 38
wyr	4 73 54
wyres	4 73 6 54 22 56
wystl	4 73 56 58 45
wythfed	4 73 59 6 40 22 38
wythwr	4 73 6 59 28 54
ychen	4 30 6 37 22 49
ychwanegiadau	30 37 6 64 20 6 49 22 42 6 4 63 21 6 38 69
ychydig	30 6 4 37 30 6 38 24 42
ydi	4 30 6 38 24
ydy'n	4 30 6 38 32 49
ydyw	4 30 6 38 76
yfai	4 30 6 40 65
yfwyr	4 30 6 40 73 54
ymadael	30 6 4 47 21 6 38 70 45
ymadrodd	30 6 4 47 20 38 6 54 26 39
ymageru	30 6 47 20 6 4 42 22 6 54 32
ymarfer	30 6 4 47 20 54 6 40 22 54
ymaros	30 6 4 47 20 6 54 26 56
ymatebol	30 6 47 20 6 4 58 23 6 35 26 45
ymbellhau	30 47 6 4 35 22 46 6 43 69
ymbincio	30 47 6 4 35 24 51 6 36 63 26
ymchwil	4 30 47 6 37 64 24 45
ymchwilydd	30 47 6 4 37 64 24 6 45 32 39
ymddangosain	30 47 6 39 20 6 4 51 27 6 56 65 49
ymddengys	30 47 6 4 39 22 6 51 32 56
ymddiddorodd	30 47 6 39 24 6 4 39 26 6 54 26 39
ymddiheurwn	30 47 6 39 24 6 4 43 71 6 54 28 49
ymddiriedolwyr	30 47 6 39 24 54 6 63 22 6 4 38 26 6 45 73 54
ymddygiadol	30 47 6 39 30 42 6 4 63 21 6 38 26 45
ymdoddi	30 47 6 4 38 27 6 39 24
ymdrechu	30 47 6 4 38 54 23 6 37 32
ymdrochai	30 47 6 4 38 54 27 6 37 65
ymennydd	30 6 4 47 22 6 49 32 39
ymesgusodi	30 6 47 22 56 6 36 32 6 4 56 27 6 38 24
ymetyb	30 6 4 47 22 6 58 32 35
ymffurfiodd	30 47 6 4 41 32 54 6 40 63 26 39
ymgadw	30 47 6 4 42 21 6 38 28
ymgeisio	30 47 6 4 42 66 6 57 26
ymglymiad	30 47 6 4 42 45 30 47 6 63 20 38
ymgodymu	30 47 6 42 26 6 4 38 30 6 47 32
ymgorfforwyd	30 47 6 42 26 54 6 4 41 26 6 54 73 38
ymgyfarwyddo	30 47 6 42 30 6 40 20 6 4 54 73 6 39 26
ymgymryd	30 47 6 4 42 30 47 6 54 32 38
ymgynghorydd	30 47 6 42 30 6 4 52 26 6 54 32 39
ymgyrchu'n	30 47 6 4 42 30 54 6 37 32 49
ymhelaethodd	30 6 48 22 6 4 45 70 6 59 26 39
ymhlith	4 30 48 6 45 24 59
ymholwyr	30 6 4 48 26 6 45 73 54
ymlâdd	4 30 47 6 45 21 39
ymladdwyd	30 47 6 4 45 21 6 39 73 38
ymlusgiad	30 47 6 4 45 32 56 6 36 63 20 38
ymneilltuaeth	30 47 6 49 66 46 6 4 58 33 6 70 59
ymochel	30 6 4 47 27 6 37 22 45
ymosod	30 6 4 47 27 6 56 26 38
ymosodwyr	30 6 47 26 6 4 56 27 6 38 73 54
ymrannu	30 47 6 4 54 20 6 49 32
ymrithio	30 47 6 4 54 24 59 6 63 26
ymroes	4 30 47 6 54 72 56
ymrwymodd	30 47 6 4 54 73 6 47 26 39
ymserchu	30 47 6 4 56 22 54 6 37 32
ymunodd	30 6 4 47 32 6 49 26 39
ymwared	30 47 6 4 64 20 6 54 22 38
ymwelodd	30 47 6 4 64 22 6 45 26 39
ymwrolodd	30 6 47 28 6 4 54 26 6 45 26 39
ymwybod	30 6 4 47 73 6 35 26 38
ymyriant	30 6 4 47 30 54 6 63 20 49 58
yn	4 32 49
ynddi	4 30 49 6 39 24
yng	4 32 51
ynghudd	4 30 6 52 32 39
yno	4 30 6 49 26
yntau'n	4 30 49 6 58 69 49
ynysaidd	30 6 4 49 30 6 56 65 39
ynysybŵl	30 6 49 30 6 4 56 30 6 35 29 45
yrrwr	4 30 6 54 28 54
ysbaid	4 30 56 6 53 65 38
ysbeiliwyd	30 56 6 4 53 66 45 6 63 73 38
ysbrydiaeth	30 56 6 4 53 54 30 38 6 63 70 59
ysbrydoliaeth	30 56 6 53 54 30 6 4 38 26 45 6 63 70 59
ysgafn	4 30 56 6 36 20 40 49
ysgarmes	30 56 6 4 36 20 54 6 47 22 56
ysgawen	30 56 6 4 36 77 6 22 49
ysgogiad	30 56 6 4 36 26 42 6 63 20 38
ysgoldy	30 56 6 4 36 26 45 6 38 32
ysgolor	30 56 6 4 36 26 6 45 26 54
ysgrifenasai	30 56 6 36 54 24 6 40 22 6 4 49 21 6 56 65
ysgrifennodd	30 56 6 36 54 24 6 4 40 22 6 49 26 39
ysgrifennwyd	30 56 6 36 54 24 6 4 40 22 6 49 73 38
ysgrythurau	30 56 6 36 54 30 6 4 59 32 6 54 69
ysgubor	30 56 6 4 36 33 6 35 26 54
ysgydwais	30 56 6 4 36 30 38 6 64 65 56
ysgytwol	30 56 6 4 36 30 58 6 64 26 45
ysol	4 30 6 56 26 45
ystafell	30 56 6 4 58 21 6 40 22 46
ystlyswyr	30 56 6 4 58 45 30 6 56 73 54
ystradfflur	30 56 6 4 58 54 20 38 6 41 45 32 54
ystryw	4 30 56 6 58 54 76
ystwyll	4 30 56 6 58 73 46
ystyllen	30 56 6 4 58 30 6 46 22 49
ystyriant	30 56 6 4 58 30 54 6 63 20 49 58
ystyriwn	30 56 6 4 58 30 54 6 63 28 49
yw	4 76
zimbabwe	24 47 6 4 35 20 35 6 64 22
