# lang_prior: word<TAB>weight, weight = 16 * clip(log p_cy - log p_en, +-4) * c/(c+2); >0 Welsh, <0 English.
# GENERATED by scripts/gen_lang_prior.py from corpws-brawddegau-tagiedig (CC0, 3596 sentences)
# and MASC 3.0.0 (CC BY 3.0 US, 32450 sentences). DO NOT EDIT BY HAND. Sorted by byte order.
#-adwords	7
#/event	7
#activistjudges	7
#amazonfail	7
#aprendiz	7
#ariels	7
#badnamesformonstertrucks	7
#b·b·b	7
#christian	7
#cites	7
#college	7
#ctbo	7
#dailyshow	7
#dwts	7
#education	7
#eight	7
#faculty	7
#fb	7
#ghostbusters	7
#glitchmyass	7
#growth	7
#guns	7
#hhrs	7
#homophobia	7
#hubspot	6
#idol	7
#indycar	7
#jfkfiles	18
#jobs	7
#maddie	7
#malartic	6
#mormon	7
#msm	7
#music	6
#mylifeissohard	7
#m·l·b	6
#nascar	4
#news	7
#nom	7
#numberplates	7
#obama	7
#onlinemarketing	7
#p	6
#palm	7
#postrank	7
#pray	7
#properties	7
#p·k·s	7
#quote	7
#radio	7
#rush	7
#r·t	7
#scholarly	7
#seven	7
#sgp	7
#six	7
#startup	7
#susanboyle	7
#taxes	7
#tcot	-14
#teabagging	7
#teaching	7
#teaparty	-9
#thirteen	7
#tlot	7
#tpds	6
#twitter	6
#two	7
#uie	7
#webpart	7
#x	6
$cant	18
$dau	18
$eight	-6
$eighteen	7
$eighty	-4
$eleven	6
$fifteen	-20
$fifty	-17
$five	-27
$forty	-14
$four	-20
$fourteen	7
$naw	18
$nine	-4
$nineteen	2
$ninety	-4
$one	-47
$pedwar	32
$pum	7
$saith	18
$seven	-14
$seventeen	2
$seventy	-8
$six	-21
$sixteen	6
$sixty	-4
$ten	-15
$thirteen	2
$thirty	-12
$three	-27
$tri	32
$twelve	-2
$twenty	-29
$two	-35
$un	40
$wyth	18
$zero	7
&#eight	6
&#one	6
&#thirty	-15
'cause	6
'chan	18
'cywiro'	18
'd	-58
'da	50
'dan	18
'di	51
'diweddariad'	32
'ello	7
'em	8
'four	18
'fyd	18
'll	-64
'm	-64
'ma	32
'mewngofnodi'	18
'mond	18
'n	28
'n'	7
'n-a-t-u-r'	18
'na	53
'naethom	18
'neud	18
'nghalon	18
'pert'	18
'powlen	32
're	-64
's	-64
'sgwn	18
'swn	32
'til	4
've	-64
'wildcards'	18
'ydw	18
'yn	18
-o	18
-twelve	7
-two	7
-zero	2
//bit	7
//ftp	7
//www-atg	4
/jilledesigns	7
<fredrick	7
<w·w·w	18
>kelo	7
@abbyharenberg	7
@airamericamedia	7
@alapoet	6
@alexalbrecht	7
@aplusk	6
@ardelld	6
@asheresque	7
@auctionwally	7
@bbhlabs	7
@bjbyrne	7
@brainpicker	7
@briannack	7
@buzzedition	7
@candice_jo	7
@carogonza	7
@chrisbrogan	6
@chrisonhismac	7
@christianpior	7
@cleshen	6
@corvanleeuwen	7
@courtneycooper	7
@creattica	7
@danielshea	7
@danwarp	7
@darylhunter	7
@designnewz	7
@diabetessupport	6
@dmscott	7
@drupal	6
@ecrabb	7
@eleart	7
@emmaguy	7
@enron	7
@eric_holdeman	7
@ericgrant	7
@ericjodom	7
@ewastesuzie	7
@explorechicago	7
@faithable	7
@figliuolo	7
@freedomring	7
@frugaldougal	7
@getdowntown	7
@gospelchick	7
@groupy	7
@gymicrae	7
@hcan	7
@hotrodgyrl	7
@ibored	7
@infidelsarecool	7
@insurgent	7
@itsawomansworld	7
@j_ro	7
@jcran	7
@joe_carney	7
@joeciarallo	7
@junie	7
@justincutroni	7
@justtravlin	7
@kansasjackass	7
@kayakforacure	7
@kbondelli	7
@kdwashburn	7
@lanekiffinut	7
@laynem	6
@libertyrant	7
@livedesk	7
@lizziegolightly	7
@lynngg	7
@mamasource	7
@marabg	7
@martyneumeier	7
@mashable	7
@massgovernor	7
@mattcanale	7
@maudnewton	7
@mccainblogette	7
@meanbot	6
@megfitz	7
@michellemalkin	7
@mike_elgan	7
@mikedish	7
@mtlb	7
@munckytown	7
@myrnaslist	7
@mysolarenergy	7
@m·h·s	6
@neverbloomer	7
@nickroshon	7
@ninjen	7
@oblique_chirps	7
@om	7
@onlygators	7
@paustin	7
@pbeaulieu	7
@petecarroll	7
@petersantilli	7
@pgillin	7
@physorg_com	7
@pistachio	7
@ponet	7
@prosperbydesign	7
@redbull	7
@redeyechicago	7
@republicander	7
@rhpritchard	7
@rightgirl	7
@ryanaraine	7
@sanuzis	7
@sarcasticmomlc	7
@securitytwits	7
@sethisis	7
@shellyroche	7
@skitzzo	7
@starandbucwild	7
@staroflondon	7
@straydog	7
@techmechanic	7
@technolene	7
@thehillers	7
@themediaisdying	7
@thenascarfiles	4
@theworkbuzz	7
@thirty	7
@toddschager	7
@tonyloyd	7
@trish_hr	7
@turbotax	7
@tweetmeme	7
@twitalyzer	7
@un	7
@valeriestevens	7
@wakeupwithdougk	7
@watchfiremusic	7
@wendyshanahan	7
@whitneyhess	7
[thomas]	18
[yn	18
_fiw	7
a	-15
a'ch	18
a'i	60
a'm	18
a'r	61
a'th	32
a'u	43
a-	-8
a-frame	7
a-ma	4
a-rod	4
a-sepharose	7
a_	4
aaaw	7
aahed	7
aan	7
aand	6
aapr	4
aaps	7
aaronfloyd	7
aaround	7
aat	6
aaw	7
ab	-22
abandon	-4
abandoned	-15
abandoning	7
abandonment	6
abatements	7
abaty	18
abbey	-8
abbott	6
abbreviate	7
abbreviated	-2
abc	4
abdomen	6
abdulwahab	7
abe	6
abello	7
abercraf	18
aberdeen	4
aberdrawfana	18
abergordewdra	18
aberrant	7
abertawe	32
aberteifi	18
aberystwyth	46
abhor	7
abide	2
abided	7
abiding	2
abidjan	7
abilities	-6
ability	-36
able	-53
abnormal	-18
abnormalities	-13
abnormality	6
aboard	-20
abode	7
abolish	7
abolishing	7
abominations	7
abort	6
abortion	-23
abortions	-8
abound	6
abounds	2
about	-64
about-	7
above	-46
abraham	4
abrasions	7
abroad	-4
abrogation	2
abrupt	4
absence	-20
absent	-4
absentee	6
absenteeism	6
absently	7
absolute	-9
absolutely	-33
absolution	4
absorb	4
absorbance	7
absorbed	4
absorbent	7
abstemious	7
abstinence	7
abstract	-4
abstractions	7
abstracts	7
absurdity	6
absurdly	7
abu	7
abundance	2
abundant	2
abundantly	7
abuse	-16
abused	6
abuses	4
abusing	6
abusive	7
abyss	7
ac	63
academic	-15
academicized	7
academy	-4
acadia	4
académie	6
acapulco	7
acceded	7
accelerate	6
accelerated	4
accelerating	7
accent	7
accenting	7
accentuated	4
accentuates	7
accept	-32
acceptable	-2
acceptance	-6
acceptances	7
accepted	-27
accepting	-8
access	-18
accessed	2
accessible	-6
accessing	4
accession	7
accessories	2
accessory	2
accident	-18
accidental	2
accidents	2
acclaimed	4
accolade	7
accommodate	-9
accommodated	7
accommodates	7
accommodating	6
accommodations	6
accompanied	4
accompany	6
accompanying	-2
accomplish	-13
accomplished	-12
accomplishing	4
accomplishment	4
accordance	-2
accorded	4
according	-39
accordion	7
account	-44
accountability	-6
accountable	4
accounted	-9
accounting	4
accounts	-23
accoutrements	7
accrued	7
acct	7
accumsan	7
accumulate	7
accumulated	4
accumulates	6
accuracy	-6
accurate	-13
accurately	-4
accusation	6
accusations	4
accuse	4
accuser	7
accustomed	7
ace	7
acemoney	7
acephalous	6
acestism	7
acetate	4
acetonitrile	7
acevedo	7
achad	7
acham	7
ache	7
aches	7
achievable	6
achieve	-30
achieved	-15
achievement	-6
achievements	7
achieving	-10
achilles	6
achlysurol	18
achos	60
achosi'r	18
achosion	43
achoswyd	18
achub	43
acid	-25
acidic	7
acidification	7
acids	2
ackerman	2
acknowledge	-14
acknowledged	-2
acknowledgement	6
acknowledgements	7
acknowledges	6
acknowledging	7
acknowledgment	6
aclu	2
acom	7
acoustics	6
acquaintance	4
acquaintances	7
acquiesced	7
acquire	4
acquired	-14
acquiring	2
acquisition	-16
acquisitive	7
acre	6
acres	-21
acrobat	7
across	-49
acrylic	7
act	-52
acted	-10
actin	6
acting	-13
action	-43
actionable	7
actions	-30
activate	6
activated	-14
activates	7
activation	-14
active	-35
activism	6
activist	2
activists	4
activities	-38
activity	-35
acton	7
actorion	18
actors	2
actress	4
acts	-20
actu	4
actual	-28
actually	-55
acumen	7
acute	-20
acutely	7
acw	38
acw'n	18
acíwt	18
ad	-18
adael	50
adam	-9
adams	2
adapt	6
adaptable	6
adaptation	-8
adapted	-2
adapting	7
adapts	7
adar	38
add	-31
addas	38
addasa	18
addasu	18
addawodd	18
added	-35
adders	7
addewid	18
addict	7
addicted	7
addictive	7
adding	-27
addison	7
addison-	7
addition	-45
additional	-40
additionally	-8
additions	6
addo	19
addo'r	18
addoliad	18
address	-45
addressed	-20
addressee	6
addresses	-8
addressing	-17
addurno	18
addy	7
addysg	50
addysgol	18
addysgu	38
addysgu'r	18
adeg	18
adegau	32
adeilad	46
adeiladau	38
adeiladodd	43
adeiladu	18
adeiladu'r	18
adeiladwaith	32
adeiladwyd	38
adeiliadodd	18
adelaide	7
adelle	-9
adenosylmethionine	7
adenylyl	7
adept	7
adequately	2
adfail	18
adfer	18
adherance	7
adhere	7
adherents	7
adhering	4
adhesion	7
adictosaltrabajo	7
adidas	7
adipiscing	7
adirondack	7
adirondacks	7
adj	6
adjacent	-12
adjectives	4
adjoining	2
adjourned	7
adjudicate	7
adjunct	7
adjust	-10
adjusted	-20
adjusting	6
adjustment	-16
adjustments	4
adjusts	6
adjutant	6
adler	7
adlewyrchu	18
adlewyrchu'r	32
adluniwyd	18
adm	6
admd	6
admin	2
administer	6
administered	4
administering	7
administration	-42
administrations	6
administrative	-10
administratively	7
administrator	-16
administrators	7
admirable	6
admirably	7
admiralty	7
admire	-2
admired	-2
admiring	6
admissible	7
admission	-20
admissions	7
admit	-14
admits	6
admitted	-8
admitting	6
admonish	7
admonished	2
admonishes	7
admonition	7
adnabod	38
adnewyddu	18
adnodd	32
adnoddau	38
ado	7
adobe	-27
adobo	7
adolescence	7
adolescent	4
adolygiadau	32
adolygu	32
adomet	7
adonais	7
adopt	-10
adopted	-24
adopter	7
adopting	4
adoption	2
adopts	7
adorable	6
adored	7
adorn	6
adorned	6
adotas	7
adpase	2
adpnp	-8
adran	-4
adready	7
adref	55
adrenal	7
adrenaline	7
adrienne	-30
adrift	6
adrodd	38
adroddiad	32
adroddwyd	32
ads	-2
adult	-20
adultery	7
adulthood	4
adults	-33
aduniad	32
adust	7
advance	-24
advanced	-24
advancement	2
advances	-6
advancing	4
advantage	-21
advantageous	6
advantages	2
advent	4
adventure	6
adventureaddicts	7
adventures	6
adventurous	7
adverb	7
adverbs	7
adversary	6
adverse	-10
adversely	7
adversities	7
adversity	7
advert	6
advertised	2
advertisement	4
advertisements	6
advertisers	6
advertises	7
advertising	-16
advice	-21
advisable	7
advise	-9
advised	-13
adviser	7
advisers	-6
advises	6
advising	7
advisor	7
advisors	6
advisory	-6
advocacy	4
advocate	2
advocatedns	7
advocates	-4
advocating	7
adwords	6
adx	7
ae	7
aegean	-21
aelia	6
aelod	43
aelodaeth	18
aelodau	38
aelodau'r	38
aelwyd	18
aelwydydd	18
aer	-4
aerial	-6
aeron	32
aeronaves	7
aerosmith	7
aesthetics	6
aeth	61
aethant	38
af	32
afael	18
affable	7
affair	6
affairs	-15
affect	-23
affected	-23
affecting	-6
affection	7
affectionately	7
affections	7
affidavit	-15
affidavits	4
affiliate	-10
affiliated	6
affiliates	4
affirmative	-4
affirmatively	6
affirming	7
affirms	7
afflicted	7
affliction	6
afford	-24
affordable	-10
afforded	4
affording	6
affords	7
affricanaidd	32
affront	6
afghan	-6
afghanistan	-26
afield	4
afloat	4
aflwyddiannus	18
aflwyddiant	18
aflwyddo	18
afon	46
afonydd	46
afor	7
aforementioned	4
afoul	4
afraid	-25
africa	-18
african	-13
african-	2
after	-64
aftereffects	7
afterlife	4
afternoon	-29
aftershock	7
afterward	7
afterwards	-4
ag	56
again	-64
againand	7
againbut	7
against	-58
againwind	7
agarose	7
age	-50
aged	2
agencies	-24
agency	-29
agenda	-14
agendas	4
agent	-35
agents	-34
agentsay	7
ages	-20
agggah	7
aggi	2
aggradation	-14
aggrading	7
aggrastat	6
aggravated	4
aggravates	7
aggravating	7
aggregate	6
aggregates	7
aggregator	7
aggression	7
aggressive	-14
aggressively	2
aggressors	7
agh	4
aghast	6
agile	7
agitate	7
agitated	6
agnew	7
agnodice	7
agnosticism	7
ago	-46
agony	4
agor	48
agored	43
agorodd	38
agorwyd	18
agos	48
agosach	32
agosaf	43
agr	7
agrarian	7
agre	7
agree	-45
agreeable	7
agreed	-30
agreeing	6
agreement	-27
agreements	-21
agrement	2
agresso	6
agressoconsultant	6
agri	7
agricultural	4
agriculture	-13
aground	7
agular	7
agwedd	38
agweddau	32
agwpt	7
ah	7
ahahhaha	7
ahead	-34
ahem	7
ahh	7
ahhh	2
ahmed	6
ahold	4
ahora	7
ai	44
ai'n	18
ai'r	32
ai-xxx	6
aico	7
aid	-20
aide	2
aided	2
aides	2
aiding	7
aids	6
aiff	18
aifft	18
aig	-6
ail	55
ailafael	18
ailddechreuwch	18
ailgychwyn	18
ailgydio	18
ailing	7
ailments	6
ailuno	18
ailwampio'r	18
ailymddangos	18
ailystyried	32
aim	-13
aimed	-4
aims	7
aint	7
air	-27
air-xd	7
airborne	-9
airbus	7
aircard	7
aircraft	-8
airfare	7
airfield	4
airfields	6
airflow	7
airing	7
airline	-9
airlines	4
airlocks	7
airmail	7
airmen	4
airplane	2
airplanes	6
airport	-2
airports	7
airpuffer	7
airspace	2
airtight	7
airwaves	7
airways	7
airy	7
aisle	6
ajax	7
ajc	7
ajmal	7
aka	4
akcfp	7
akerfeldt	7
akin	6
akinari	6
akinaxx	7
akrotiri	4
akroyd	7
aksa	7
al	-45
al-	7
alabama	6
aladdin	6
alai	6
alan	-41
alar	18
alarch	18
alarm	2
alarmed	7
alarming	6
alarms	6
alas	6
alaska	-13
alaskans	-4
alba	7
alban	18
albanian	7
albans	18
albany	6
albar	7
albatros	7
albeit	2
albert	-4
albertson-	7
albertsons	7
albornoz	6
albright	6
albumin	7
albums	7
alchohol	7
alcohol	-13
alcoholic	-2
aldolase	7
ale	2
alean	7
aleck	7
alert	-6
alerted	7
alerting	6
alertness	7
alerts	6
alex	-13
alexander	8
alexandria	7
alexis	-4
alfred	23
alfreds	18
alga	7
algebra	6
algorithm	-10
algorithms	7
algâu	38
ali	6
alias	2
aliases	7
alice	-17
alien	7
alienated	7
alienating	7
align	6
aligned	4
aligning	6
alignment	6
alike	-9
alimony	7
alimzhan	7
alinio	18
aliquam	4
aliquet	7
aliquots	7
alisha	7
alive	-24
alk	6
alkau	6
alkene	6
all	-63
all-time	7
alla	18
alla'	18
allaf	18
allah	2
allai	46
allan	28
allay	6
allbaugh	7
allbwn	38
alle	6
allegation	7
allegations	-4
allege	7
allegedly	4
allegheny	18
allegiance	7
alleging	6
allegorical	7
allegorically	7
allen	14
allet	18
alleviate	7
alleviating	7
alley	-4
alleys	6
alleyway	7
alleyways	7
alli	18
alliance	4
allied	6
allies	-12
alligator	6
alligators	7
alliteration	7
alliwalia	7
allocate	6
allocated	6
allocating	6
allocation	-4
allocations	6
allonfla	7
allosteric	7
allots	7
allotted	7
allow	-42
allowances	-2
allowed	-29
allowing	-22
allows	-26
allright	7
alls	7
allstar	7
allu	18
alluded	7
alluring	6
allusion	7
alluvial	-18
alluvium	4
allwch	32
allwedd	52
allweddi	38
allweddol	32
allwn	46
ally	7
almaen	18
almaeneg	32
almanac	6
almei­da	7
almighty	-6
almost	-48
aloha	7
alone	-43
alone--a	7
along	-48
alongside	-15
alonso	7
alot	4
aloud	4
alpau	18
alpha	2
alphabet	6
alphabets	7
alphabetti	7
already	-53
alright	-13
also	-64
altar	-8
altenergystocks	7
alter	-2
alteration	4
alterations	7
altercation	7
altered	-4
altering	7
alternate	-8
alternating	7
alternation	7
alternative	-17
alternatively	2
alternatives	-2
altes	7
although	-48
altiplano	7
altitude	7
alto	4
altogether	4
altos	7
altruist	7
alum	7
aluminum	2
alumnae	6
alumni	7
alun	18
alvares	7
alvarez	7
alvestrand	-6
alvin	7
alw	50
alw'n	43
alw'r	32
alwad	32
always	-58
alwodd	18
alzheimer	7
am	38
ama	6
amaethyddiaeth	32
amah	7
amair	7
amalgam	7
amalgamation	7
amaron	7
amas	7
amassed	7
amateurs	7
amaze	6
amazed	-2
amazement	4
amazing	-26
amazingly	7
amazon	-6
amazonfail	7
amazonian	7
ambarelo'r	18
ambassador	-8
ambassador_a	7
ambassadorial	7
ambek	7
ambell	51
amber	-16
ambeth	18
ambience	4
ambient	7
ambiguous	-6
ambition	4
ambitions	7
ambitious	-2
ambivalence	7
ambler	6
ambrose	7
ambulance	4
ambush	7
ambushed	7
amc	-23
amcan	32
amcangyfrif	18
amcanion	32
amdana	18
amdanaf	32
amdanat	46
amdani	18
amdano	54
amdanoch	50
amdanyn	32
amdanynt	32
amddiffyn	32
amddiffynnydd	18
ame	7
amelia	18
ameliorate	7
amend	-2
amendab	7
amended	2
amending	7
amendment	-36
amendments	-16
amendment”	18
amenities	2
america	-13
american	-59
americanaidd	32
americanism	7
americans	-38
americanwr	18
americanwyr	48
americas	-4
amerlegion	7
amersham	4
amex	4
amgen	18
amgueddfa	46
amgylch	32
amgylchedd	18
amgylcheddol	18
amgylchiadau	18
amharchus	18
amherthnasol	32
amheuaeth	32
ami	6
amicable	7
amicus	4
amid	2
amiddobeidioaddolirddelw	18
amidst	6
amigo	6
amigopwd	7
amino	-18
amino-transferases	7
aminoacyle	6
amira	7
amish	7
amizade	7
aml	59
amlaf	32
amlwg	52
amman	6
ammonium	7
ammunition	-4
amnesty	4
amo	7
amodau	18
amoeba	7
amoebae	7
amok	7
among	-47
amongst	2
amorim	7
amorphous	7
amortization	7
amortize	7
amount	-42
amounted	6
amounts	-16
amout	7
amp	6
ampcp	-10
ampersands	7
amphibians	7
ample	-4
amplified	4
amplifier	6
amppnp	2
amputating	7
amrediad	32
amrwd	18
amryw	38
amrywiaeth	32
amrywio	18
ams	-4
amsel	7
amser	60
amserydd	18
amsterdam	4
amtechnetworks	6
amtrak	7
amused	6
amuses	7
amway	7
amwythig	18
amy	-28
amynedd	18
amyneddgar	32
am–	-18
am–midnight	7
an	-64
an-	4
ana	16
ana-lyzing	7
anableddau	18
anabranching	7
anadl	32
anadliadau'r	18
anadlol	18
anadlu	32
anafu	32
anafu'n	18
anaheim	4
anal	7
analluogi	18
analog	-2
analogies	4
analogous	4
analogously	7
analogs	6
analogue	6
analogy	4
analyses	-12
analysis	-37
analyst	-6
analysts	-6
analytical	-2
analyze	2
analyzes	6
analyzing	2
anaml	18
ananimous	7
anant	6
anarchic	7
anarchically	7
anarchist	7
anarchy	-4
anatolia	4
anatolian	7
anatrim	-14
anatural	7
anawsterau	32
anbehav	7
ancestor	6
ancestors	-9
ancestral	2
anchor	-6
anchored	7
anchorman	7
anchors	6
ancient	-26
ancillary	7
and	-64
andante	6
andar	7
andean	7
anderson	-4
andersson	7
andhra	7
andiamo	7
andr	6
andre	6
andres	7
andrew	-4
andrews	4
android	20
androids	7
andros	44
androscoggin	7
andy	18
anecdotal	6
anecdotes	7
aneffeithiol	18
aneglur	32
anelodd	32
anelu	32
anelu'n	18
anenwog	18
anerchiad	18
anesthesiologist	6
anesthesiology	7
anew	7
anfantais	38
anfanteisiol	18
anferth	18
anffodus	50
anfodus	32
anfoesol	18
anfon	51
anfona	18
anfoner	18
anfonwch	18
anfonwn	18
anfuddiol	18
angel	-16
angela	6
angeles	-19
angeles–	6
angels	-14
angen	62
angenfilod	18
angenrheidiol	18
anger	-15
angering	7
angharad	18
anghenfil	32
anghenion	32
anghofiant	18
anghofient	18
anghofio	43
anghofiodd	18
anghydfod	32
anghyfannedd	18
anghyfartal	18
anghyfarwydd	18
anghyfiawnder	18
anghyfreithlon	18
anghytuno	38
anghywir	32
angina	4
angioplasty	6
angle	-18
angles	6
anglican	7
anglo-	7
angolini	7
angrier	7
angrily	7
angry	-16
anguish	7
anguished	7
anhapus	32
anhttp	7
anhygoel	32
anhysbys	18
ani	13
anianyddol	18
anifail	18
anifeiliad	18
anifeiliaid	48
animal	-36
animals	-41
animating	7
animation	7
animatronic	7
animosity	6
anion	7
anipals	7
anirban	7
anissina	-13
anjalis	7
ankles	2
anlagen	7
anllythrennog	18
ann	15
anna	2
annalee	6
annan	-6
annapolis	7
annarchy	7
anne	-6
annesley	-23
annex	7
annexes	7
annheg	18
annibyniaeth	38
annibynnol	38
annie	7
anniolchgarwch	18
annoeth	18
announce	2
announced	-20
announcement	-6
announcements	7
announcer	7
announces	6
announcing	7
annoy	7
annoyance	7
annoyed	-2
annoying	-4
annoys	7
annual	-27
annulled	7
annum	7
annwyl	43
annysgedig	18
anobeithiodd	18
anocheladwy	18
anodd	60
anoddach	18
anoddaf	18
anodized	7
anogodd	18
anomalies	7
anomalous	4
anomaly	7
anon	18
anonmous	7
anonymous	-6
another	-62
anoushka	7
anrheg	38
anrhegion	18
anrhydedd	18
anrhydeddu	18
anrhydeddus	32
ans	7
ansefydlog	18
ansi	2
ansiofi	18
ansiofis	32
anstieg	7
answer	-45
answered	-26
answering	-4
answers	-16
ant	-28
antagonistic	6
antarctic	7
antecedent	4
antecedents	7
antedated	7
antedates	7
antediluvian	7
antelope	4
antelopes	7
antenna	7
antennae	-10
anterior	4
anth	7
anthology	7
anthony	6
anthrax	7
anthropologist	7
anthropologists	7
anthropomorphizing	7
anti	-7
anti-	-15
anti-bikie	7
anti-idiotype	6
anti-spankers	7
antibiotics	7
antibodies	-6
antibody	-2
antica	7
anticipate	4
anticipates	4
anticipating	7
anticipation	4
anticlines	7
anticodon	4
anticodon-codon	7
antid	6
antidepressants	7
antie	-41
antifibrogenic	7
antifibrotic	6
antigen	4
antihomosexual	7
antiparos	6
antipasti	46
antipathy	6
antiquarian	7
antiquaries	7
antique	-6
antiques	-8
antiquities	4
antisense	7
antisexuality	7
antiterrorism	7
antitrust	7
antlers	7
antojo	7
antokoletz	7
anton	7
antonia	7
antonio	4
antony	4
ants	-35
anurddo	18
anwar	4
anwareiddiadwy	18
anweddus	18
anwes	18
anwesodd	18
anwiredd	18
anwybodaeth	18
anwybyddwyd	18
anxiety	6
anxious	-2
any	-64
anybody	-19
anyhow	7
anymore	-22
anyone	-25
anythi	7
anything	-55
anytime	2
anyway	-33
anyways	4
anywhere	-22
aol	-6
aorn	7
ap	27
apa	7
apart	-20
apartheid	6
apartment	-23
apartments	6
apathy	6
ape	-4
apelio	18
apermaking	7
apes	6
apeshit	7
aphrodisiac	7
aphrodite	-4
api	13
apiau	18
apic	7
apical	2
apiece	4
aplysia	6
apocalypse	6
apocalyptic	4
apollo	7
apologetically	7
apologies	6
apologise	7
apologises	7
apologize	-8
apologized	2
apologizes	7
apologizing	6
apology	-9
apostrophe	7
app	-9
appalled	7
appallingly	7
apparantly	7
apparel	7
apparent	-6
apparently	-24
appeal	-10
appealing	6
appeals	4
appear	-30
appearance	-16
appearances	-6
appeared	-25
appearing	-2
appears	-32
appease	6
appellation	4
appended	7
appending	7
appendix	-4
appered	7
appetite	-4
appetizers	7
applaud	6
applauded	7
applause	7
apple	12
apples	6
appliances	2
applicability	7
applicable	-12
applicant	7
application	-14
applications	-13
applied	-19
applies	-9
apply	-31
applying	4
appoint	6
appointed	4
appointee	7
appointing	7
appointment	-2
appointments	7
appraised	7
appraising	7
appreciate	-28
appreciated	-6
appreciates	6
appreciating	7
appreciation	-8
appreciative	4
apprehended	7
apprehension	4
apprehensive	7
apprise	7
approach	-35
approached	-8
approaches	-20
approaching	-8
appropriate	-37
appropriated	7
appropriately	-2
appropriation	-2
approval	-20
approve	-2
approved	-20
approves	7
approving	-6
approvingly	7
approximate	2
approximately	-32
apps	6
appt	6
apr	-12
aprendiz	7
apricot	7
april	-35
aprons	7
apt	2
aptly	7
apulcan	6
apulcans	6
apulco	2
apuleius	7
apwyntiad	18
apyrase	6
aqua	7
aquamarine	7
aquarium	-2
aquatic	7
aqueous	7
ar	64
ar-lein	55
arab	-22
arab-	4
arabia	6
arabic	2
arable	7
arabs	-6
arachidonic	7
araf	54
araith	32
arall	61
aralleirio	18
arancini	18
arare	7
arbenigedd	18
arbennig	51
arbiters	7
arbitrariness	7
arbitrary	-17
arbor	6
arc	7
arcade	2
archaeic	7
archaelogy	7
archaeological	2
archaeologist	6
archaeologists	4
archaeology	-4
archaic	4
archaics	6
archbishop	7
archbishops	7
archebai	18
archebodd	18
archebu	18
archebwch	18
archeologist	7
archeology	7
archery	7
arches	6
archetypes	6
archetypical	7
archibald	7
archif	18
archilochos	7
archimedes	7
archipelagos	7
architect	-25
architectonic	7
architects	-30
architectural	-23
architecture	-37
architectures	7
archive	18
archives	2
archway	6
archwiliad	18
archwilio	43
archwiliodd	18
arcs	7
arctic	2
ardal	51
ardd	53
arddangosfeydd	18
arddangosyn	18
arddel	18
arddull	18
ardor	7
arduous	6
are	-64
area	-53
areas	-35
areif	7
areithiau	18
aren	2
arena	6
arenas	4
arenn	6
arent	6
arestio	18
aretha	7
arf	18
arfer	60
arferai	18
arferion	18
arferol	18
arfon	18
arfordir	18
arfordirol	18
argh	6
arglwydd	18
arglwyddi	18
arglwyddiaethu	18
argot	7
argraff	32
argraffiad	18
argraffiadau	18
arguable	7
arguably	4
argue	-18
argued	-18
argues	2
arguing	-12
argument	-43
argumentative	6
arguments	-20
argyfwng	18
argyhoeddi	18
argyhoeddir	18
argymhellion	32
arholi	32
arholiadau	18
arhosant	18
arhosodd	18
arian	59
ariannog	18
ariannol	32
ariannu	32
ariannu'r	18
ariel	7
aries	7
arise	-14
arisen	4
aristocrats	7
aristotle	7
arizona	-14
arizonians	7
ark	2
arlein/	32
arletta	7
arlington	6
arllwysodd	18
arllwyswch	18
arloeswr	18
arlywydd	54
arlywyddiaeth	32
arlywyddion	18
arm	-32
armageddon	7
armani	7
armchair	6
armed	-12
armenian	6
armies	2
armin	6
armistice	6
armitage	2
armor	6
armored	4
armory	7
armour	7
armoury	7
armpac	6
armpits	4
arms	-36
armstrong	6
army	-22
arna	18
arna'	18
arnaf	46
arnat	18
arni	53
arno	56
arnoch	48
arnold	4
arnom	43
arnon	18
arnyn	18
arnynt	18
arogl	18
arogleuon	18
arolwg	32
aroma	7
arond	7
aronow	7
aros	54
arosamfsm	18
arose	6
around	-48
aroused	7
arrallin	2
arrange	-2
arrangement	-12
arrangements	-13
arranges	7
arranging	6
array	-20
arrays	4
arrest	-9
arrested	-15
arresting	2
arrests	6
arrgh	7
arrhythmias	7
arrival	-13
arrivals	7
arrive	-17
arrived	-29
arrives	-6
arriving	-4
arrogance	4
arrogant	4
arror	7
arrow	2
arrows	-4
arroyo	7
arsenal	6
arsene	7
arson	7
arsonists	7
art	-37
artdoc	7
artemis	6
artemisintl	6
arteries	7
artery	4
artesian	7
artforms	7
arth	18
arthritis	6
arthur	-35
arthurandersen	-2
artic	7
artichoke	4
article	-42
articles	-23
articulate	6
articulately	7
articulation	6
articulations	7
artifact	7
artificial	-9
artisan	6
artisans	6
artists	-9
artlessly	7
arts	-28
artwork	7
aruthrol	32
arw	18
arwah	7
arwain	46
arweinid	18
arweiniodd	18
arweinydd	43
arwr	18
arwydd	38
arwyddion	18
arwyddocáu	18
arwyr	18
as	-64
as-	6
asadpour	7
asap	6
ascend	4
ascended	2
ascending	2
ascends	7
ascent	4
ascertain	7
ascertainment	7
ascetism	7
ascii	-39
ascot	6
ascotmedia	7
ascotmediagroup	6
ascotmedianews	6
ascribe	7
ascribed	6
ase	7
aseismic	6
aseltine	7
asesu	18
ash	2
ashamed	4
ashcroft	-6
asher	6
ashley	18
ashok	6
ashore	-2
ashows	7
ashton	-6
ashtonishment	7
ashwander	7
asia	-6
asian	-13
asians	4
aside	-14
ask	-51
asked	-59
asking	-38
asks	-23
asla	4
asleep	-12
asma	6
asman	7
asp	6
aspartate	6
aspca	-17
aspect	-9
aspects	-9
asphalt	7
asphyxiating	7
aspirated	7
aspirations	4
aspires	7
aspirin	6
ass	-8
assassination	4
assault	-6
assay	6
assays	7
assemble	6
assembled	-10
assemblies	6
assembly	-2
assemblywoman	7
assent	7
asserting	2
assertion	2
assertions	6
assertive	7
assertiveness	7
asserts	7
asses	4
assesories	7
assess	-9
assessed	2
assessing	-6
assessment	-6
assessments	2
asset	-8
assets	-16
asshole	7
assholes	7
assigned	-2
assigning	6
assignment	4
assignments	6
assigns	6
assimilable	7
assimilate	7
assimilation	7
assist	-14
assistance	-31
assistant	-16
assistants	7
assisting	6
associate	-9
associated	-21
associates	-15
associating	4
association	-35
associations	-8
associativity	7
assorted	7
assortment	7
assume	-34
assumed	-12
assuming	-18
assumptions	-9
assurance	2
assurances	6
assure	-10
assured	-14
assuredly	7
assures	7
assyrian	7
ast	6
aster	-4
asthma	6
astonished	-2
astonishment	7
astoria	7
astounded	7
astounding	4
astounds	7
astragal	7
astral	7
astro	-12
astrologers	7
astronauts	7
astronomer	7
astronomical	7
astronomy	6
astros	6
astroturf	18
astroturfing	7
astudio	32
astudio'r	18
astudiodd	32
astute	7
asymmetric	7
asymmetrical	2
at	-22
ata	7
ataf	43
atal	18
atand	-14
atap	6
atat	18
ataturk	7
ate	-6
ateb	58
atebion	18
atebodd	38
atebwch	32
atef	7
atgenhedliad	18
atgoffa	32
atgoffodd	18
atgyfodi'r	18
atheist	-4
atheists	7
athenia	7
athenian	7
athens	-17
atherosclerosis	7
atherton	7
athletaidd	18
athlete	2
athletes	-6
athletics	-4
athrawes	38
athrawon	51
athro	38
athronyddol	18
athrylith	18
ati	55
atlanta	-18
atlantic	-2
atlas	6
atleast	7
atm	-14
atmosphere	-13
atmospheric	6
ato	18
atoch	32
atodi'r	32
atodiad	18
atom	2
atomic	-4
atoms	7
aton	18
atonal	6
atonality	7
atonement	7
atorvastatin	-12
atorvastatin-treated	6
atp	-26
atpase	-9
atpases	6
atril	38
atrium	7
atrocity	6
atrophy	7
att	-6
atta	7
attached	-32
attachement	6
attaches	7
attaching	7
attachment	7
attachments	-2
attack	-32
attacked	-9
attackers	4
attacking	2
attacks	-33
attainable	6
attained	4
attaining	7
attainment	-2
attatched	7
attempt	-27
attempted	-10
attempting	-10
attempts	-21
attend	-32
attendance	-2
attendant	4
attendants	7
attended	-32
attendees	7
attending	-13
attends	7
attention	-38
attentively	7
attested	7
attests	7
attic	7
attire	7
attitude	-6
attitudes	4
attorney	-32
attorney-	7
attorneyclient	7
attorneys	-9
attract	-8
attracted	-18
attracting	7
attraction	-8
attractions	-6
attractive	-13
attractiveness	7
attracts	6
attributable	4
attribute	-13
attributed	-9
attributes	4
attributing	4
attribution	6
atty	7
atynt	18
atypical	7
au	32
auburn	7
auckland	7
auct	7
auction	-26
auctioneer	6
auctions	7
auctionwally	7
audi	4
audible	7
audibly	7
audience	-23
audiences	7
audio	-14
audition	7
auditioning	6
auditorium	6
auditors	7
auditory	6
audits	7
audrey	6
audubon	-27
aug	-15
aught	7
august	-33
augusta	7
augusten	7
augusto	7
augustus	7
aunt	2
aur	34
auriemma	7
aussie	7
austere	4
austin	-12
australia	-33
australians	6
authentic	2
authenticate	6
authenticated	4
authenticating	6
authentication	-2
authenticity	-2
authentifications	7
author	-31
authored	7
authoress	7
authorial	7
authorised	7
authoritative	6
authoritatively	7
authorities	-13
authority	-38
authorize	7
authorized	-13
authorizes	2
authors	-33
authorship	7
autoantibodies	7
autobloggreen	4
autocatalytic	7
autocrine	7
autographs	6
autoimmune	-8
autoimmunity	4
automated	-8
automatic	-13
automatically	-10
automaton	7
automotive	-2
autonomous	-34
autonomy	7
autopay	7
autopia	7
autopilot	7
autopsy	7
autoregulate	7
auyfv	7
ava	2
avail	6
availability	-4
available	-48
avais	7
avant	6
avant-garde	7
ave	4
avena	7
avenged	7
avenida	2
avenue	-4
average	-25
averaged	-6
averages	7
avert	7
averted	7
avg	6
avi-	7
aviara	6
aviary	7
aviation	6
aviator	7
avid	7
avista	7
avoid	-34
avoidable	7
avoidance	7
avoided	4
avoiding	4
avoids	6
avon	7
avow	7
avowal	7
avulsion	7
aw	4
await	7
awaiting	4
awaits	2
awaken	7
awakened	4
awakening	7
awakens	6
award	-13
awarded	-6
awarding	2
awards	-8
aware	-30
awash	7
away	-55
awchus	18
awdur	43
awduron	18
aweful	7
awel	38
awesome	-20
awesomeness	7
awful	-10
awfully	6
awgrym	32
awgrymiadau	38
awgrymu	43
awhile	2
awk	2
awkwardly	7
awn	18
awning	6
awoke	2
awoken	7
awol	7
awr	55
awry	7
awsome	7
awst	32
awstralia	18
aww	4
awww	7
awydd	43
awyddus	51
awyr	43
ax	7
axe	7
axed	7
axes	7
axial	7
axing	7
axis	-4
axle	7
aya	7
aydan	7
aye	-23
ayeee	7
ayers	7
ayman	7
azalea	7
azeez	6
aziza	7
azizah	7
aztec	7
azulejos	7
a·a	-20
a·a·a	7
a·a·f	7
a·b	18
a·b·x	4
a·c·r	-18
a·c·s	2
a·d·p	-24
a·f	7
a·f·p	7
a·h·z·l	7
a·i·a	7
a·j	7
a·k-	7
a·k-forty	4
a·m	-43
a·m–	4
a·p	18
a·p·a	-8
a·p·d	4
a·s·a·p	2
a·t	18
a·t·b	6
a·t·l	6
a·t·t	6
a·v	7
a–b	7
a–c	7
b	-58
b-	-6
b-twenty	7
ba	34
ba-	7
ba-k-	7
bab-	7
baban	32
baban”	18
babble	7
babbled	7
babe	6
babes	6
babi	38
babies	-6
baboon	7
babushka	7
baby	-35
babylonian	7
bacalhao	7
baccarat	7
bach	60
bachelor	2
bachelors	7
bachgen	38
bachman	7
bachodd	18
bachu	18
back	-64
backal	7
backdrop	6
backed	-14
backfilling	7
backgammon	6
background	-34
backgrounds	4
backgrouns	7
backing	2
backlash	6
backlit	7
backlog	7
backpack	4
backpacking	2
backround	7
backs	-4
backseat	6
backstage	7
backup	2
backward	7
backwards	-8
backwater	7
backwaters	7
backyard	-9
backyards	7
bacon	6
bacteria	6
bacterial	7
bacterium	-9
bacteriumis	7
bacwn	18
bad	-44
badge	7
badit	7
badly	-12
bae	18
baent	18
bafaria	18
baffled	7
bag	-26
bagdahd	7
bagel	7
baggage	7
baggy	2
baglu	18
bagpiper	7
bagpipes	7
bags	-24
bai	46
baiki	7
bail	6
bailed	7
bailey	2
baillie	7
bailout	7
bailouts	7
bairing-gould	18
bairn	7
bait	6
baited	7
baja	7
bakan	6
baked	6
bakers	7
baking	-2
balaban	6
balance	-29
balanced	-13
balances	4
balancing	2
balart	7
balas	18
balch	18
balconies	7
bald	-2
balderdash	7
baldy	7
bale	18
balfour	6
balkans	-4
ball	-20
ballast	7
ballet	6
ballinger	7
ballistic	7
ballmer	7
balloon	4
ballooned	6
balloonist	4
ballot	-15
ballots	7
ballroom	6
ballrooms	7
balls	-8
balm	6
balson	2
baltimore	7
baltoslavic	7
balusters	6
balustrades	6
bam	6
bambino	7
bamboo	-15
ban	-19
banad	18
banana	6
bananas	4
banc	18
bancorpsouth	-4
band	2
bandage	7
bandaged	7
bandar	7
bands	6
bandw-	7
bandwagon	7
bandwidth	-4
baned	18
baneidiau	18
baner	38
baneri	18
bang	7
banged	7
banger	7
banging	6
bangor	55
banish	7
banisters	6
bank	-44
banker	7
bankers	7
banking	-6
banknotes	7
bankofamerica	4
bankrupt	6
bankruptcy	-8
banks	-21
banksters	7
bankston	7
bankwest	7
banned	4
banner	16
banpuppymills	7
banquet	7
bant	18
bantu	7
banyan	2
baptism	6
baptist	7
baptists	7
baptized	7
bapur	38
bapurau'r	18
bar	6
bar-*baric	7
bara	38
barablu	18
barack	25
baratoi	38
barbara	4
barbaric	4
barbatus	7
barbecue	2
barbed	6
barber	6
barbet	7
barbie	7
barbossa	4
barbs	7
barcelona	2
barch	7
barchu	32
barcio	18
barco	4
barcud	18
bard	7
bardd	50
barddol	18
barddoniaeth	18
bardwell	7
bared	7
baredthey	7
barefoot	6
barely	-14
bargain	-13
bargaining	6
bargains	2
barge	6
barges	7
barhau	46
baril	18
baring	38
bark	2
barked	6
barkeep	6
barker	7
barking	6
barks	6
barksdale	4
barlines	7
barlow	7
barman	7
barn	18
barna	6
barnacles	7
barnu	32
barnwyr	32
barnyard	7
barod	59
baroness	7
baroque	6
barra	19
barracks	6
barrage	4
barrel	-18
barreled	6
barrels	2
barrie	-6
barrier	2
barriers	-8
barring	4
barringer	7
barron	7
barrows	7
barry	28
bars	-26
bart	6
bartender	-2
bartenders	7
bartered	7
bartering	7
barth	7
bartholomewroberts	18
bartman	7
bartolo	7
bartók	-26
baru	19
baróc	18
bas	7
basan	18
base	-32
baseball	-16
baseboard	7
baseboards	-4
based	-55
baselevel	-15
baseline	-24
baseload	7
basement	-2
basements	7
baserunners	7
bases	-4
bash	4
bashed	7
bashevis	7
bashing	7
basic	-26
basically	-26
basics	2
basin	-14
basing	6
basins	-2
basio	18
basis	-33
bask	7
basket	6
baskets	7
basman	4
basque	6
basra	7
bass	-15
basso	7
bassoons	6
bastard	7
bastards	7
bastion	7
baswn	18
bat	2
bated	7
bates	7
bath	7
bathe	7
bathed	7
bathing	7
bathroom	-18
bathroom-	7
baths	7
bathtub	6
baton	7
batphone	7
batrachian	7
batshit	6
battalion	2
battalions	7
batted	6
batten	7
batteries	6
battery	-8
battle	-12
battled	7
battlefield	6
battlemodo	7
battles	6
bauer	4
bauhinia	7
baum	6
baw	32
bawb	52
bawd	18
bawled	7
baxter	7
bay	-15
baychem	7
bayes	-25
bayhcem--crease	7
bayonette	7
bayou	4
bays	7
bb	7
bb/	6
bbc	2
bbcworld	7
bberry	7
bc	-9
bc-b·b·a-angnote-ladn	6
bc-chefs-savingfish-n·n·s	6
bc-fig-o·l·y-arrest-one	6
bc-f·b·c-sec-notes-zero	6
bc-juliachild-sfchron	7
bc-juliachild-s·f	7
bc-producebin-sfchron	7
bc-producebin-s·f	7
bc-psychologists-drugs-s	7
bc-psychologists-drugs-sciam-art-nytsf	7
bc-s·t·v	7
bcc	-9
bck	7
bcot	7
bcragg	7
bcsj	7
bd	6
bddx	7
bdek	7
bdf	7
bdjaj	7
be	-64
be'	18
beach	-35
beachcomber	6
beaches	-8
beacom	6
beacon	7
bead	7
beads	2
beak	2
beams	4
bean	7
beans	4
beantownie	7
beaow	7
bear	-22
beard	2
bearded	7
beards	7
bearing	-2
bearings	7
bears	-4
bear”	18
beast	-8
beastie	4
beasts	6
beat	-18
beaten	4
beater	7
beating	-8
beatings	6
beatrice	7
beauties	7
beautiful	-36
beautifully	2
beauty	-23
beaux-	6
beaver	6
beca	7
became	-44
because	-64
bechgyn	18
beckett	-38
beckon	7
beckoning	7
beckons	7
becks	7
becky	7
become	-50
becomelet	7
becomes	-24
becoming	-24
becomingwhoyouwanttobe	7
becs	18
becso	18
becyn	32
bed	-40
bedair	32
bedclothes	7
bedding	7
bedpan	7
bedpartners	7
bedposts	7
bedrock	2
bedroom	-14
bedside	6
bedtime	7
bedw	18
bedwar	34
bedyddwyr	18
beebs	6
beeby	7
beech	7
beecroft	18
beefy	7
been	-64
beenteaching	7
beep	7
beeping	7
beer	-26
beers	6
beetle	4
beeton	7
befall	7
before	-64
beforehand	7
befriending	7
begain	7
began	-46
begawan	7
begged	7
begging	6
begin	-36
begining	7
beginners	7
beginning	-37
begins	-27
begow	7
begun	-9
behalf	-28
behalfthe	7
behave	2
behaved	7
behaves	6
behavior	-36
behavioral	-2
behaviors	-28
behaviour	-16
behavioural	6
behaviours	6
beheld	7
behemoth	7
behind	-53
behold	4
behooves	4
behring	7
beic	18
beichio	18
beichiogrwydd	18
beicio	32
beidio	55
beijing	4
bein	7
being	-64
being-	7
beings	-2
beiriant	18
beirniadu	18
beirniaid	38
bejn	7
bekn	7
belah	7
beld	7
belden	6
belen	18
belfast	7
belgium	6
beli	7
belief	-27
beliefs	-13
belies	6
believable	7
believe	-63
believed	-29
believer	2
believers	7
believes	-20
believing	-2
belive	7
belize	-2
bell	31
bella	-2
bellach	55
bellagio	4
bellamy	-16
bellas	7
belled	18
bellevue	7
bellezza	7
bells	2
bellsouth	7
belly	4
belmaine	6
belong	-10
belonging	2
belongings	6
belongs	4
beloved	-9
below	-39
belt	-9
belted	7
bem	6
bemn	7
bemow	6
ben	42
ben-blwydd	18
bench	-2
benches	6
benchley	7
benchmark	7
bend	6
bendant	18
bendefy	7
bendigedig	18
bending	4
bends	4
bene	7
beneath	-15
benedict	7
benefactor	6
beneficial	-2
beneficiaries	7
beneficiary	7
benefit	-36
benefits	-35
benefitted	7
benfro	18
bengal	19
beni	7
benign	7
benjamin	-6
bennaf	18
bennett	19
bennill	18
bennod	32
benny	7
benodol	18
bensaernïaeth	18
benson	7
bent	-9
benthyg	18
bentir	18
bentrefan	18
bentwr	18
benwythnos	18
benz	7
benzodiazepine	6
berating	7
berchen	18
berchennog	18
bere	7
bereft	7
bererinion	18
berezhnaya	6
berfformiadau	18
berfformio	43
berg	-6
bergdorf	7
bergh	6
berkeley	2
berkshire	7
berkshires	7
berlin	14
berllan	18
bernadette	6
bernanke	6
bernard	4
bernard-	6
bernardin	6
bernardo	-4
bernhard-	7
bernice	7
bernir	18
bernwch	18
berry	6
berserk	7
berson	43
bersonol	38
bert	7
bertha	6
berthing	7
berthnasol	18
bertholle	7
berths	7
berthynas	32
berw	38
berwedig	18
berwi	18
berwi'r	18
berwyn	18
beryglus	18
beside	-17
besides	-4
besiege	7
besieged	7
bessie	4
best	-57
bestfriend	7
bestowed	6
bestseller	7
bestsellers	7
bet	-4
beta	-8
betaprost	7
betas	7
beth	63
bethan	18
bethany	7
bethau	53
bethenny	7
bethought	7
betrayal	7
betrays	6
bets	4
better	-56
betty	6
between	-64
bev	6
beverage	6
beverages	7
beverly	4
bewail	7
beware	6
bewildered	7
bewitching	7
bewitchingly	7
beyond	-37
bf	7
bfer	7
bffb	7
bfgf	6
bfinanceuk	7
bg	7
bgroom	7
bhaskara	2
bhatnagar	6
bi	7
bias	-6
biased	6
biases	4
biau	18
bibendum	7
bible	-24
biblical	-4
bibliography	6
bibliometric	7
bibliothèque	7
bicultural	7
bicycles	7
bicycling	6
bid	-10
bidder	6
bidet	7
bids	2
big	-39
bigamy	7
bigger	-20
biggest	-17
bigot	7
bigoted	7
bigots	7
bik	7
bike	-33
biker	7
bikes	-2
bikini	6
bil	32
bilbainos	7
bilbao	7
biliau	18
bilingual	4
bilirubins	6
biliwn	23
bilked	7
bill	-20
billboard	6
billboards	4
billed	6
billie	7
billing	2
billion	-49
billionaire	7
billions	-12
billionth	7
billowing	7
bills	-18
billy	6
biltmore	4
bin	-24
binary	4
binational	7
bind	-6
binder	7
binding	-16
bing	7
bingo	6
binoculars	2
bins	18
bio	2
biochemical	7
biodiversity	6
biodynamic	7
biofuels	7
biographical	7
biography	6
biol	7
biological	4
biologists	7
biology	-38
biomed	7
biomedical	6
biomimetic	6
biopsies	4
bios	7
biosphere	-8
biospheres	7
biosynthesis	7
biotech	7
bipartisan	6
bipeds	7
birch	6
birches	7
bird	-23
birdfeeder	6
birdhouse	7
birding	7
birdman	7
birds	-22
birdsource	7
birdwatching	6
biricik	18
birmingham	23
birth	-13
birthday	-27
birthday”	18
birthplace	7
birthplaces	7
birtish	7
bishop	6
bisnis	7
bison	7
bit	-58
bit-	7
bitch	7
bite	-2
bites	2
biti	18
bitly	7
bitmapped	7
bitnet	7
bits	-8
bitten	6
bitter	-10
bitterly	2
bitterness	7
bitterroot	6
bittorrent	7
bizarre	-4
bizza	18
bjqt	7
bl	7
blabbermouth	7
black	-57
blackbird	7
blackbirds	-2
blackdress	7
blacked	6
blackest	7
blackhawk	7
blackjack	6
blacklined	2
blackmailing	7
blackness	4
blackouts	6
blacks	-4
blaen	59
blaenaf	18
blaenorol	18
blah	6
blahblahblah	7
blaid	48
blair	4
blakely	7
blame	-13
blamed	4
blames	4
blaming	7
blanc	6
blanched	6
blandit	6
blanhigyn	18
blank	-9
blanket	2
blankets	7
blant	54
blaring	7
blas	38
blast	-2
blasted	6
blasting	6
blasts	2
blaswch	18
blatant	6
blather	7
blawd	46
blayers	6
blaze	7
blazer	7
blazes	7
blazic	7
blazing	7
bldg	4
ble	61
ble'r	38
bleak	-4
blearily	7
bleary	7
bleats	7
bleed	7
bleeding	2
bleedpurple	7
bleep	6
bleidlais	32
blemaedaniel	18
blend	-6
blender	7
blending	7
blends	2
blenkinsop	7
blentyn	43
bleser	18
bleserau	18
bless	-15
blessed	-2
blessing	2
blessings	6
blethu	18
bleu	7
blewog	18
blewyn	18
blighted	6
blincin	32
blind	-18
blindbt	7
blinded	4
blindfold	7
blinding	7
blindly	4
blindness	7
blinds	7
bling	7
blink	2
blinked	-4
blinking	4
blino	32
blip	-14
bliss	7
blisters	7
blith	18
blithely	7
blither	7
blithering	7
blitz	7
bloated	4
bloc	18
block	-24
blockbuster	7
blocked	-6
blocks	-18
blodyn	32
blog	-34
blogged	7
blogger	2
bloggers	6
blogging	7
blogpost	7
blois	4
blond	6
blonde	-6
blondel	6
blood	-36
blood-curdling	7
blooded	6
bloods	7
bloodthirsty	7
bloody	-15
bloomberg	6
bloomed	7
bloomers	4
bloomfield	2
blooming	7
bloopers	7
blossom	6
blot	6
blouse	6
blouses	7
blow	-10
blower	7
blowgun	7
blowin	7
blowing	-4
blown	4
blownapart	7
blows	-4
blue	-36
blueprint	6
bluer	7
bluewater	2
bluewaterrubbers	6
bluff	7
blum	6
blunder	7
blunt	7
bluntly	7
blurb	6
blurred	7
blurry	7
blush	2
blushing	6
blvd	4
blwch	32
blwyddyn	50
bly	7
blychau	32
blynedd	43
blynyddoedd	43
blêr	18
bmw	6
bn	7
bnawn	18
bnbpools	7
bo	33
bo'	18
boa	6
board	-53
boarded	6
boarding	6
boardman	2
boardroom	6
boards	2
boast	7
boasted	7
boasting	7
boat	-28
boatman	7
boats	-15
bob	45
bobbejaanland	7
bobbi	7
bobbing	7
bobcat	7
bobcats	7
bobi	18
bobl	61
boblogaeth	38
boblogaidd	32
bobl”	18
bobol	18
bobolink	7
bobsleigh	7
boced	32
bochau	32
bocor	6
bod	63
bodd	32
bode	7
bodes	4
bodice	7
bodily	6
bodkins	7
bodlon	18
bodolaeth	18
bodoli	38
body	-36
bodybilt	7
boeing	4
boen	18
boeni	32
boeth	48
bofa	7
boffins	7
bogatyrivitch	7
bogeyman	7
bogged	7
boggled	7
boggling	4
bogons	6
bogota	6
bogs	6
bogus	7
bohemian	7
boi	38
boiled	2
boilerplate	7
boils	6
bol	38
bold	-3
bolder	7
boldly	6
boldness	7
boldy	7
bolivia	4
bolivian	7
bolster	7
bolstered	7
bolstering	7
bolt	19
bolted	7
bolten	6
bolton	7
bolts	6
bomb	-22
bombardment	7
bombay	7
bombed	4
bomber	6
bombers	7
bombing	-4
bombings	4
bombs	2
bon	4
bonanza	7
boncyff	18
bond	-9
bonded	7
bonding	4
bonds	6
bone	-6
boneddigesau	18
boneddigion	18
boneheaded	7
boner	7
bones	-2
bonesetter	-2
bonfire	2
bongos	7
bonham	4
bonnets	6
bonneville	4
bonnie	6
bono	6
bonsai	7
bonsell	-4
bonus	-15
bonuses	2
boobs	7
boogie	7
booing	6
book	-55
bookcase	4
bookcases	7
booked	6
booking	2
bookings	7
bookkeeper	7
books	-39
bookstore	6
boolean	-8
booleans	7
boom	-10
boomboxes	7
boomed	7
boomers	7
booms	7
boomtown	6
boon	4
boons	7
booroo	7
boos	7
boosh	7
boosle	7
boost	-8
booster	7
boosterish	7
boosting	4
boosts	7
boot	-4
booth	6
booths	7
booting	7
boots	-8
bootstrap	-21
bootup	7
booty	7
booze	6
bop	18
bopped	7
bora	7
border	-20
bordering	6
borderline	7
borders	-18
bore	61
bored	-9
borenstein	7
borg	7
borge	7
boring	5
bork	4
borka	2
born	-33
borne	7
borring	7
borrow	4
borrowed	-2
borrower	7
borrowers	-8
borrowing	-10
bortreadau	18
bosib	56
bositif	32
boss	-8
bosses	2
bosslady	7
boston	-22
botanical	6
botanically	7
botel	32
both	-64
botha	7
bother	-15
bothering	2
bothers	6
bothersome	7
botti	7
bottle	-34
bottlenecks	7
bottles	-13
bottom	-26
botwm	38
botymau	18
boucles	7
boudreaux	7
bouffant	7
bougeais	7
bough	7
bought	-26
bouillon	7
boule	7
bounced	7
bouncing	4
bouncy	6
bound	-32
boundaries	-10
boundary	-8
boundaryless	-32
boundarylessness	6
bounded	2
bounds	2
bounties	7
bountiful	7
bouquet	4
bourbon	7
bourdain	7
bourgeois	4
bourgeoisie	4
bourroughs	7
bout	2
boutique	7
boutiques	4
bovine	7
bow	2
bowdr	18
bowed	6
bowel	7
bowen	7
bowl	8
bowli	7
bowling	-4
bowls	4
bows	4
box	-37
boxed	7
boxes	2
boxing	6
boy	-42
boy's	18
boyfriend	-4
boyfriends	7
boyhood	4
boyish	7
boyle	-8
boys	-21
bqghyt	7
br	7
br/	7
bra	4
braced	4
bracedi	18
braces	4
bracket	4
bracketed	6
brackets	6
brad	4
bradley	4
brady	4
bradymediagroup	7
braf	54
brag	7
bragging	6
braich	18
braid	6
braidd	55
braided	-20
braids	7
brain	-24
brain-	7
brainless	7
brains	2
brainstorming	7
brainwashed	2
brainwashing	6
brainy	7
braised	7
braitenberg	6
brake	6
bran	6
branch	-10
branche	7
branched	6
branches	-20
branching	6
brand	-24
brand-new	7
branding	7
brandon	4
brands	-10
brannigan	-4
bras	25
brasgamodd	32
brass	-6
brathu	18
bratz	7
brave	-2
bravely	7
braver	7
bravery	7
braves	6
bravest	7
brawddegau	46
brawf	32
brawl	7
bray	6
breach	7
breaches	7
bread	-8
breadth	6
break	-30
breakdown	4
breakdowns	2
breakeven	7
breakfast	-6
breaking	-20
breaks	-18
breakthematrix	7
breakthrough	2
breas	7
breast	2
breastfeeding	7
breasts	4
breath	-26
breathe	-9
breathed	2
breather	7
breathing	-6
breathless	7
breathlessly	7
breaths	4
breathtaking	4
brechdan	18
brechdanau	32
brechlynnau	18
brecwast	18
bred	2
bree	6
breed	6
breeze	-6
breezes	7
bregethai	18
breichiau	18
breifat	18
breitling	7
bren	18
brenda	7
brenda_worley	7
brendan	7
breng	7
brenhinol	18
brenin	38
brenner	7
brent	4
brentlaggingriley	7
brethren	7
brethyn	18
breuddwyd	32
breuddwydio	18
breuddwydiodd	18
breuer	7
brew	7
brewed	6
brewers	4
breyer	-8
brian	-4
bribery	7
brick	-10
bricklayer	6
bricks	-14
brickwork	7
brickworks	6
bride	-2
bridge	-24
bridgely	7
bridges	7
bridgetowards	7
brief	-30
briefed	2
briefing	-2
briefings	7
briefly	-4
briefs	6
brien	7
brif	38
brifddinas	32
briffordd	18
brifo	32
brifysgol	50
brigau	18
brigham	6
bright	-23
brightens	7
brighter	7
brightly	4
brightness	7
brighton	19
brilla	7
brilliant	-6
brilliantly	6
brim	7
brimmed	7
brimming	6
brin	38
bring	-44
bringer	7
bringing	-15
brings	-20
brining	7
brink	4
briodas	18
briodferch	18
briodi	18
briodol	32
bris	18
brisk	7
briskly	7
bristles	7
bristol	7
britain	6
britains	6
britannica	6
britches	7
british	-32
british-	7
brits	4
brittany	7
brixton	7
broached	4
broaches	7
broad	-18
broadband	7
broadcast	-12
broadcaster	7
broadcasters	7
broadcasting	6
broadcasts	7
broaddrick	-12
broaden	7
broadened	7
broader	-4
broadest	4
broblem	58
brocades	7
brochure	4
brochures	7
brodorol	38
brodorol”	18
brofi	18
brofiad	38
broke	-24
broken	-29
broker	-2
brokers	6
bromide	7
bromophenol	6
bron	55
bronchitis	7
bronco	7
bronze	-12
bronzes	6
brood	6
brook	7
brooke	7
brooklyn	7
brooks	7
broses	38
brosiect	18
brotestio	18
broth	7
brother	-25
brothers	-18
brought	-37
brow	2
browed	7
brown	-8
brownback	6
brownies	7
browning	7
brows	6
browse	2
browser	-10
browsers	7
browsing	-4
bruce	-5
bruder	6
bruecken	6
bruised	7
bruises	7
bruising	7
bruker	7
brulte	-2
brunch	6
brunei	6
brunelleschi	6
brunette	7
brush	6
brushed	4
brussels	6
brutal	-2
brutalism	7
brutalist	7
brutality	7
brutally	7
brute	4
brutha	7
brwd	32
brwydr	18
bry	18
bryan	6
bryd	59
brydain	18
bryder	18
bryderus	32
brydferth	18
brynais	18
brynes	18
brynhawn	32
bryniau	18
brynu	43
brynu'r	18
brys	18
bryste	18
brysur	46
bs	6
bsb-electronics	7
bsing	7
bsm	7
bsq	7
btyh	7
bu	60
bu'n	53
bu'r	38
buan	32
buarth	18
buasai	18
buaswn	18
bubb	-4
bubba	7
bubble	-9
bubbled	7
bubbles	7
bubbling	4
bubonic	7
buchanan	7
bucholic	6
buck	4
bucket	2
buckhead	7
buckingham	-24
bucklaw	7
bucks	6
bud	-6
buddha	-8
buddhas	7
buddhism	-4
buddhist	-13
buddies	6
budding	7
buddsoddodd	18
buddy	-6
budge	7
budget	-26
budgets	6
buds	2
budurl	7
budweiser	7
buell	6
buff	7
buffalo	-2
buffer	-2
buffet	4
buffs	6
buffy	2
bug	6
bugdave	7
bugger	-9
buggy	6
bugs	7
bugsy	7
buick	7
build	-35
builder	6
builders	6
building	-54
buildings	-37
builds	4
built	-43
built-in	4
buised	7
bujumbura	7
bulb	7
bulbs	4
bulgaria	7
bulged	6
bulges	7
bulging	6
bulk	-2
bulky	6
bull	-12
bulldozer	7
bullet	6
bullets	6
bullies	7
bullpen	7
bulls	7
bullshit	6
bully	53
bullying	7
bulwark	7
bum	7
bumbler	7
bumbung	6
bummer	6
bump	-4
bumped	7
bumper	6
bumpers	7
bumping	7
bumps	7
bums	7
bun	4
bunch	-13
bunched	7
bunches	7
bungalow	7
bunk	6
bunker	6
bunnau	32
bunnoedd	43
bunny	7
buns	7
bunshaft	7
bunt	34
buont	18
buoyancy	7
buoyant	7
bupur	18
bur	40
burbank	7
burberry	4
burbon	6
burdan	18
burden	-20
burdening	6
bureau	-13
bureaucracy	6
bureaucratic	6
burgeoning	2
burger	7
burgers	6
burglar	7
burglaries	7
burglars	7
burial	4
buried	-9
burlington	6
burn	-10
burned	-16
burners	7
burnett	6
burning	-17
burns	6
burnt	7
burr	7
burrows-	7
burrrrned	7
burrs	7
bursar	-6
burst	-4
bursting	7
burton	7
bury	7
burying	7
bus	-24
busch	4
buses	-4
bush	-28
bush-	7
bushco	7
bushes	4
bushnell	7
bushwhacking	7
busier	7
busily	7
business	-55
businesses	-23
businesslayers	4
businessmen	7
businesswomen	7
bust-	7
bustach	18
busted	4
buster	7
bustling	7
busts	7
busy	-26
but	-64
but-	7
butcher	2
butchered	7
butchering	7
bute	6
butt	6
butter	2
buttered	4
butterflies	7
butterfliessmilescaringwarmhopefulgiddyrelievedamazedexcitedlaughinghappybreathlessheart-	7
butterfly	4
butters	7
buttocks	7
button	-12
buttons	4
butts	7
butyric	7
buuren	6
buwch	18
buxom	7
buy	-45
buyer	-8
buyers	-2
buying	-24
buys	2
buzz	2
buzzer	7
buzzes	7
buzzing	6
buzzkill	7
buzztect	6
bwgan	18
bwlch	18
bwled	-25
bwnc	18
bwrdd	52
bwriad	32
bwriadau	18
bwriadu	53
bwriant	18
bwrpasol	18
bws	48
bwthyn	43
bwy	18
bwyd	43
bwydo	32
bwyleg	18
bwynt	38
bwyntiau	32
bwysicach	18
bwysig	58
bwystfil	32
bwyta	46
bwytaodd	18
bwyty	38
bxd	7
bxs	7
by	-64
bychain	18
bychan	32
byd	61
bydd	63
bydda	18
bydda'	18
byddaf	43
byddai	55
byddai'n	50
byddai'r	38
byddan	18
byddant	32
bydde	18
bydde'n	32
bydden	18
byddi	32
byddwch	46
byddwn	54
bye	2
bye-bye	2
bygone	6
bygwth	18
bygylu	18
bygylwr	18
byk	7
bylchau	18
bylichka	7
bylichkas	7
bymtheg	14
bynciau'r	18
bynnag	55
bypass	4
bypassed	6
byproducts	7
byr	18
byrd	-4
byrddau	18
byrion	32
byrrach	18
bys	38
bysellfwrdd	18
byte	4
byth	58
byu	7
byw	61
byw'n	18
byw'r	32
byways	7
bywiog	18
bywoliaeth	18
bywyd	53
byzantine	-2
byzantines	7
byzantium	6
b·l·i·u·l·g	7
b·m·i	-29
b·o·f	-10
b·o·f-cum-w·g	7
b·r	2
b·r·c·s	6
b·r·l	7
b·s·a	7
b·t·c	7
b·t·w	7
b·x	7
b·y·t·c	7
béchamel	18
béla	2
bêl	38
bôn	18
b–d	7
c	-30
c-	-2
c-clamp	7
c-eighteen	7
c-fos	7
c-math-erb	-15
c-myc	7
c_struct	7
ca	-59
ca-	6
cab	6
cabbage	7
cabernet	7
cabg	6
cabildo	7
cabildos	7
cabin	-14
cabinetwork	7
cabins	6
cable	-23
cables	4
cablu	18
cabs	7
cac	-10
cacenni'r	18
cache	40
cachet	7
cactus	7
cad	7
cadair	18
cadarnhau	18
cadaver	7
cadeirlan	18
cadelliac	7
cadence	7
cadential	7
cadi	18
cadiac	7
cadillac	7
cadman	7
cadmium	7
cadw	46
cadw'i	18
cadw'r	43
cadwa	18
cadwch	43
cadwodd	38
cadwyn	32
cae	38
cael	63
caeodd	18
caer	18
caercrempog	18
caerdydd	43
caergrawnt	18
caesar	4
caeth	32
caethiwed	18
caethweision	18
cafe	-10
cafeteria	4
caffeinated	6
caffeine	4
caffi	18
cafodd	60
cafwyd	43
café	7
cafés	4
cage	-24
cages	-10
caiff	46
caine	7
caio	7
cairo	4
cais	18
cajoles	7
cajoling	7
cake	-8
cakes	14
calamity	6
calc	4
calculable	7
calculate	-4
calculated	-13
calculates	6
calculating	4
calculation	4
calculator	7
calculus	7
calcutta	7
caled	18
calendar	-15
calendars	4
calf	7
calgary	4
calger	7
cali	7
caliber	4
calibrate	2
calibration	6
calibre	2
caliche	7
california	-47
californian	6
californis	7
caligraphic	7
caligraphy	7
calipers	7
call	-55
calla	18
callahan	-2
called	-55
caller	6
callers	7
calligraphy	6
calling	-30
callio	18
calloused	7
callouses	7
calloway	7
calls	-29
calm	-18
calmed	7
calming	7
calmly	4
calmness	7
calon	38
calonnog	18
calves	6
calving	7
calvinist	7
cam	6
camargraff	18
cambridge	-12
camddarllen	18
camden	7
came	-56
camel	7
camera	-9
cameraman	7
cameras	2
cameron	2
camgyfrifodd	18
camgymeriad	18
camgymeriadau	18
camino	7
camisole	7
camouflage	7
camouflaged	6
camp	-29
campaign	-38
campaigner	7
campaigning	4
campaigns	-8
campbell	-13
camper	6
campers	-12
camperships	6
camping	-12
camps	2
campsite	7
campus	-8
campuses	7
camões	4
can	-62
can't	6
canaanite	6
canada	-26
canadian	-9
canadians	4
canal	7
canals	6
canasta	18
canberra	7
cancel	7
canceled	6
cancellation	6
cancelled	7
cancer	-10
cancers	7
cand	7
candace	6
candid	6
candidacy	4
candidate	-18
candidate-centric	7
candidates	-9
candied	7
candle	4
candleflame	7
candleholder	6
candles	4
candy	-4
cane	4
canes	7
caneuon	18
canfield	7
canfod	18
canfu	18
canfyddedig	18
canghennau'r	18
caniataodd	18
caniatau	18
caniatewch	18
caniatáu	32
caniatâd	38
canine	7
cani­drome	7
canllaw	18
canllawiau	38
canlyniadau	32
canlyniadau'r	32
canlynol	18
canmlwyddiant	18
canmolwyd	32
canned	6
cannes	7
cannibal	-32
cannibals	-13
cannoedd	18
cannon	-2
cannonade	6
cannonball	7
cannons	2
cannot	-36
canny	7
cano	7
canoe	-12
canoeing	4
canol	46
canolbwyntio	32
canoldir	18
canolfan	32
canon	6
canonge	7
canonical	2
canrif	18
canrifoedd	18
cans	7
cant	29
cant-b	6
canted	7
canteen	6
canterbury	7
cantina	7
canto	7
canton	-8
cantonese	-4
cantv	7
canu	53
canu'r	18
canvases	7
canyon	7
cao	6
cap	-10
capabilities	-9
capability	4
capable	-13
capacities	7
capacity	-19
cape	-12
capel	32
capeli	18
capillary	7
capital	-35
capitalism	4
capitalist	6
capitalize	7
capitalized	7
capitol	4
capitolina	6
capitoline	7
capitulation	7
capped	7
caprari	7
caps	-2
capsized	6
capsizes	7
capsizing	7
captain	-43
captains	7
captivated	6
captive	7
captivity	6
captors	4
capturado	6
capturador	-2
capture	-2
captured	-15
captures	6
capturing	7
cara	6
caramel	4
caravan	2
caravel	7
carbohydrate	6
carbohydrates	6
carbon	-24
carboxyl	-16
carboxypeptidase	6
carbs	7
carbuncle	7
card	-45
cardenas	7
cardholder	7
cardiau	18
cardinals	6
cardio	7
cardiology	7
cardiovascular	-9
cardmember	7
cards	-20
care	-54
cared	2
caredig	18
career	-41
careers	-31
careful	-13
carefully	-19
careless	7
carelessly	4
cares	-9
caresses	7
caressing	7
caretakers	7
careworn	7
carey	7
cargo	-2
cariad	32
cariadon	18
caribbean	4
caricature	6
caring	-19
cario	38
carl	8
carla	7
carlam	18
carleen	7
carlile	18
carlsbad	6
carlyle	18
carmen	7
carnage	7
carnal	7
carnegie	2
carneros	7
carnival	2
carnivore	7
carol	6
carol_benter	7
carolina-	7
carolyn	-2
carotid	7
carousel	7
carpenter	6
carpet	4
carpeted	7
carpeting	4
carriage	-14
carribbean	7
carribean	7
carrie	7
carried	-20
carrier	6
carriers	2
carries	-9
carrol	7
carrot	7
carruthers	6
carry	-32
carryin	7
carrying	-27
carryover	7
carrère	2
cars	-23
carson	7
cart	-8
carter	-6
carthage	7
cartier	6
cartoon	2
cartoonist	6
cartoons	-6
cartref	43
carts	7
cartŵn	18
caru	32
caru'r	18
carve	7
carved	-6
carville	7
carving	7
carwriaethol	18
cary	7
caryatids	6
casa	7
casar	7
cascading	7
case	-58
caselaw	7
cases	-36
caseworker	7
caseworkers	7
casey	6
casgliad	18
casgliadau	32
casglu	38
casglu'r	18
cash	-32
cashed	7
cashier	7
cashill	7
cashing	7
cashmere	7
casings	7
casino	-2
casinos	-13
casket	-2
caskets	6
casnewydd	18
caspian	7
cassandra	2
cassandra_roach	7
cassie	7
cassie_roach	7
cassio	7
cast	-16
castaways	7
castell	32
casterbridge	7
casting	4
castle	-2
castletown	7
castration	7
castro	-4
casts	4
casual	2
casually	-6
casualties	4
casualty	2
casys	18
casáu	18
cat	-33
catalina	18
catalog	6
cataloged	7
catalogue	4
catalogues	4
catalysis	-6
catalyst	4
catalysts	7
catalytic	-17
catalyzes	7
catapult	6
catcalling	7
catch	-29
catcher	4
catches	-6
catching	-16
catchment	7
categoric	7
categories	-14
categorize	7
categorized	4
categorizing	7
category	-13
categorïau	32
cater	7
catered	7
catering	6
caterpillar	6
caterpillars	7
caters	7
catfish	7
cath	32
catharine	7
cathedral	-2
cathedrals	7
catherine	7
cathe­dral	7
cathod	38
catholic	-17
cathy	6
cation	6
cations	2
catref	18
catrin	46
cats	-20
catskills	7
cattle	7
catwalk	6
caty	18
cau	46
cau'r	18
caucasian	7
caucasus	6
caucus	4
caudal	7
caught	-28
cauldwell	6
causal	-6
causally	6
causation	6
causative	7
cause	-43
caused	-29
causes	-20
causeway	-14
causing	-17
caution	2
cautious	6
cautiously	6
cavalier	6
cavaliers	7
cave	-8
caveat	7
caveats	7
caves	4
cavett	7
cavetto	7
caviar	4
cavity	7
cavuto	6
cawl	38
cawlach	18
cawn	32
cawodydd	18
cawsant	18
cawsoch	18
cawsom	18
cawson	32
cayman	7
cb	7
cbs	2
cbvyx	7
cbxud	7
cc	-40
ccknmc	7
ccny	2
cctblx	7
ccupation	7
cd	-10
cd-e·p·r	7
cda	7
cdajm	7
cdc	7
cdna	7
cdos	-6
cds	2
cdytty	7
cease	4
ceasealas	7
ceased	6
ceases	6
cecarian	7
cecdaf	7
cecerian	7
cedar	6
cefais	43
ceffyl	32
ceffylau	32
cefn	32
cefndir	18
cefnogaeth	18
cefnogi	38
cefnogodd	18
cefnogwyr	18
ceid	18
ceidwad	18
ceidwadol	18
ceiling	-18
ceilings	6
ceiniog	43
ceir	56
ceisiaf	18
ceisiais	18
ceisient	18
ceisio	57
ceisiodd	18
celeb	7
celebrate	-4
celebrates	4
celebrating	-2
celebration	-2
celebrations	7
celebrities	7
celebrity	-4
celebs	7
celery	7
celesta	7
celestial	7
celf	18
celfyddyd	18
cell	-32
celloedd	43
cellophane	7
cellphone	6
cells	-28
celsius	-22
celtaidd	18
celtiaid	32
celtic	4
celtics	7
celwydd	32
cemeg	32
cemegion	18
cementing	6
cen	43
cenedl	46
cenedlaethol	32
cenfigen	18
cenhedloedd	32
cenozoic	7
censorship	6
censure	7
cent	-6
centcom	4
center	-52
centered	4
centerpiece	6
centers	-23
centimeters	6
centimetr	18
centimetre	7
centimetres	4
central	-40
centralised	7
centralized	4
centre	-8
centres	6
centricon	7
centrifuged	7
cents	-32
centuries	-16
century	-44
ceo	-10
cepstra	6
cept	7
cer	18
cera	4
ceramic	4
ceramics	2
cerberus	7
cerbydwr	18
cerco	7
cerdd	18
cerdded	51
cerddodd	38
cerddorol	18
cereal	6
cerebral	7
cerebrovascular	7
ceremonial	7
ceremony	-9
cerflunydd	18
cert	2
certain	-44
certainly	-42
certainties	7
certainty	-9
certificate	2
certificates	4
certified	-2
certitude	7
cervix	7
ces	32
cesar	4
cesca	6
cesd	6
cesio	18
cess	7
cessna	7
cest	7
cewch	51
cf	7
cfgcustomers	7
cfnn	7
cfr	4
cg	7
cgi	7
cgn	7
ch	-14
cha-	7
chablis	7
chabon	7
chacen	18
chad	-31
chadach	18
chadair	32
chader	18
chadw	18
chadw'n	32
chael	43
chaergybi	18
chafodd	32
chafwyd	18
chaging	7
chagrin	7
chai	-10
chaiff	18
chaim	7
chain	-10
chained	6
chains	-4
chainsaw	6
chair	-32
chaired	-6
chairman	-25
chairperson	6
chairs	-15
chalk	7
challenge	-26
challenged	-4
challenger	7
challenges	-17
challenging	-9
chalon	32
chalonnau	18
chamber	-2
chamberlain	18
chambers	-12
chamelod	32
chamfered	7
champagne	4
champaignschools	7
champion	7
championed	7
champions	6
championship	6
championships	6
champollion	7
chan	7
chance	-37
chanced	7
chances	-12
chandelier	6
chandeliered	7
chandeliers	6
chang	-30
change	-57
changeable	7
changecamp	7
changed	-36
changes	-44
changing	-32
changs	7
chaniatewch	18
channel	-47
channeled	7
channels	-32
channeltrans	6
chanolfan	18
chant	11
chanteloup-les-	7
chanting	7
chanu'n	18
chao	7
chaos	-4
chaotic	2
chapati	7
chapel	-2
chapelwas	7
chaperming	7
chaperoning	7
chapin	18
chapman	7
chapter	-36
chapters	-8
character	-40
characterisation	7
characterise	7
characterised	6
characterises	7
characteristic	-6
characteristically	7
characteristics	-17
characterization	-6
characterizations	7
characterize	4
characterized	-9
characterizes	6
characters	-28
charade	6
charantia	7
charater	7
chardonnay	7
charge	-31
charged	-16
charger	6
charges	-28
charging	6
chario	18
chariot	6
charitable	4
charity	-10
charlatan	7
charles	-12
charley	6
charlie	7
charlotte	-4
charlton	6
charm	-2
charming	7
charms	7
charon	7
charred	7
charset	-44
charsets	-2
charts	4
chase	-4
chased	2
chases	7
chasing	-9
chasm	-8
chassis	-2
chastised	6
chat	2
chateau	6
chateaux	7
chater	7
chath	18
chatham	6
chattahoochee	2
chattel	7
chatterbox	-14
chattered	7
chattering	2
chatters	4
chatting	6
chau	-6
chaucer	7
chauvinist	7
cheap	-23
cheapening	7
cheaper	-9
cheapest	7
cheaply	7
cheated	7
check	-39
checkbook	7
checked	-20
checker	7
checkered	6
checkin	7
checking	-20
checklist	7
checkmate	6
checkout	4
checkpoint	7
checks	-13
checkstand	7
cheddar	7
cheek	-6
cheekbones	6
cheeks	-4
cheeky	6
cheer	7
cheerful	6
cheerily	7
cheering	6
cheerios	7
cheerleaders	7
cheers	-6
cheese	-2
cheesecake	6
cheeses	7
cheesy	6
cheetah	7
cheever	7
chef	8
chefais	18
cheffylau	32
chefn	18
chefnfor	18
chefs	-12
cheginau	18
chei	18
chek	7
chelator	6
chem	4
chemical	-34
chemicals	-8
chemiluminescence	7
chemokines	7
chemomyrdin	7
chemotaxis	4
chen	4
cheney	-10
cheng	7
chennai	4
cheoc	7
cheops	7
cheque	2
cheques	7
cherdded	38
cherddodd	32
cherie	18
cherish	7
cherished	7
cherries	7
cherry	7
cheryl	7
chesapeake	7
chese	7
chess	7
chessplayer	7
chest	-39
chests	7
chet	7
cheung	-6
chevalier	7
chevy	7
chew	4
chewed	7
chi	63
chi'n	58
chi'r	32
chic	4
chicago	6
chicano	7
chicanos	4
chicken	-10
chickens	6
chicks	7
chief	-36
chiefly	4
chiefs	6
child	-48
childcare	6
childhood	-12
childishly	7
children	-57
childs	7
chile	-4
chilean	-14
chili	4
chillen	7
chillin	7
chilling	7
chillout	7
chills	6
chimbey	7
chimbley	7
chimdey	7
chimley	7
chimmock	7
chimney	7
chin	6
china	-22
china's	7
chinatown	7
chinese	-44
ching	7
chip	-9
chipmunks	7
chipotle	7
chippings	18
chippy	7
chirac	7
chirped	7
chirps	7
chisholm	7
chit	7
chithau	32
chithe	18
chloch	18
chloe	-2
chloride	7
chloroform	7
chloron	18
chlorophyll	7
chocolat	7
chocolate	-2
chocolates	7
choeliech	18
choesau	18
choffi	18
chofio	18
chofiwch	18
choi	7
choice	-34
choicers	7
choices	-17
choinka	7
choir	4
choix	7
chok	7
choked	7
cholakis	7
cholangitis	6
choler	18
cholestatic	2
cholesterol	-17
cholli	18
cholo	7
cholos	7
chomping	7
chool	7
choose	-34
chooses	4
choosing	-14
chop	4
chopped	6
chopper	6
choppers	7
chopping	7
choppy	7
chops	4
chora	7
chord	-9
chords	4
chore	7
chorff	18
chorizo	18
chortled	7
chorus	2
chose	-16
chosen	-15
chot	18
chowder	7
chred	32
chrefft	18
chreu	18
chreulon	18
chriphmcnl	7
chris	-5
christ	-13
christamore	7
christendom	7
christian	-27
christian-	6
christianity	-9
christians	-4
christie	7
christina	7
christine	-13
christmahannakwanzaa	7
christmas	-27
christopher	-2
chromatic	2
chromatography	6
chrome	40
chromebook	18
chron	19
chronic	-6
chronicle	-8
chronicled	6
chronology	7
chrysler	7
chuan-	7
chubby	7
chuck	-13
chucked	7
chuckle	7
chuckled	7
chuckles	4
chuckling	7
chugging	7
chung	2
chunk	7
chunks	7
chuppies	7
church	-36
churches	-8
churn	7
churned	7
churning	4
chute	7
chutes	6
chutzpa	6
chutzpah	7
chutzpanik	7
chwa	18
chwaer	53
chwaith	50
chwalfa	18
chwarae	58
chwarae'n	18
chwaraeodd	18
chwaraewr	32
chware	38
chwareus	18
chwarter	43
chwe	29
chwech	22
chwech€	18
chwefror	32
chweil	18
chwerthin	43
chwerthinllyd	18
chwi	18
chwilfrydig	18
chwilio	54
chwisg	18
chwith	43
chwithig	32
chwmpas	18
chwyldro	18
chwyldroadol	18
chwyrn	32
chwythodd	18
chwythu	38
chx	7
chxbbz	7
chyfarch	18
chyfathrebu	18
chyfer	18
chyffro	18
chyfieitha	18
chyfieithiad	18
chyfieithu	18
chyfieithu'r	18
chyflaith	18
chyflwr	18
chyfrannu	18
chyfrif	18
chyfrifiaduron	32
chyfrinair	18
chyfyngiadau	18
chymathiad	18
chymdeithasol	18
chymorth	32
chymryd	18
chymuned	18
chymwysterau	18
chynghorau	18
chynnal	32
chynnwys	18
chyson	18
chywilydd	18
chywreinrwydd	18
château	6
ci	45
cia	-9
cic	18
ciciodd	18
cicoa	7
cidade	7
cider	7
ciencia	7
cig	18
cigar	7
cigarette	7
cigarettes	2
cigars	6
cilantro	7
cincinnati	6
cinder	4
cindy	6
cinemas	4
cinemax	7
cinergy	-4
cinio	46
cinnamon	7
cip	32
cipio	18
cir	7
circa	7
circadian	-10
circle	-24
circled	2
circling	7
circuit	-2
circuitry	7
circuits	7
circular	-6
circularity	7
circulate	4
circulated	7
circulating	7
circulation	-2
circumlocution	6
circumstance	4
circumstances	-22
circumstantial	7
circus	4
cirrhosis	-6
cision	6
cisionwire	7
cisneros	7
cit	18
citadel	4
citadels	7
citation	6
citations	6
cite	2
cited	-22
cites	2
citibank	-2
citibus	7
cities	-23
citigroup	4
citing	4
citizen	-19
citizenry	7
citizens	-35
citizenship	2
citizensvoice	7
citrus	7
city	-59
cityname	7
citywide	7
civic	2
civil	-23
civil-	7
civility	7
civilization	-9
civilizations	7
civilized	4
civillian	7
ciw	18
ciwio	18
cj	7
cjw	7
ck	7
clack	7
clacked	7
clackton-on-sea	18
clad	6
claf	18
claiborne	4
claim	-32
claimed	-10
claiming	-4
claims	-21
claire	6
clam	7
clamor	7
clamored	7
clamped	7
clams	7
clans	7
clapboarded	7
clapped	4
clapping	7
clara	7
clare	18
clarification	4
clarified	2
clarifies	4
clarify	-2
clarifying	4
clarinet	7
clarity	4
clark	-25
clarke	-10
clash	7
clashed	7
clashing	7
clasped	7
class	-40
classed	7
classes	-17
classic	-13
classical	-27
classicism	-6
classicist	6
classicists	7
classics	6
classification	-28
classifications	-16
classifications-	7
classified	-2
classifies	7
classiscm	7
classmate	7
classmates	2
classroom	-26
classrooms	2
clasuron	32
claude	7
clause	-36
clauses	6
claustrophobia	6
claw	6
clawdd	18
clawed	7
clawing	7
claws	-2
clay	-2
clays	7
clayton	7
cle	7
clean	-37
cleaner	-2
cleaning	-9
cleanliness	6
cleans	7
cleansed	7
cleansing	4
clear	-47
clearance	4
cleared	-8
clearer	6
clearest	7
clearing	2
clearinghouse	7
clearly	-32
clearness	7
clears	6
cleary	7
cleavage	7
cleave	7
cleaved	7
cleft	2
cleient	18
clemens	7
clemm	6
clench	7
clenching	7
cleopatra	6
clergyman	4
cleric	7
clerical	7
clerk	-2
cleveland	-12
clever	-2
cleverly	6
clewlow	7
cli	4
cliche	7
cliches	6
clichã	7
clichés	7
clicia	18
clicio	43
cliciwch	38
click	-31
clickaudit	7
clicked	2
clicky	6
client	-31
clientele	7
clients	-19
cliff	-13
clifton	6
climate	-20
climates	7
climatic	7
climax	7
climb	-17
climbable	7
climbed	-8
climbers	7
climbing	-4
climbs	4
cling	7
clinging	6
clinic	-4
clinical	-27
clinically	7
clinics	6
clinton	-26
clinton-	7
clip	5
clipping	7
clippings	7
clips	6
cliques	6
clir	19
clirio	32
clo	18
cloaked	7
clociau	32
clock	-24
clocked	7
clocks	6
clockwise	-2
clockwork	7
cloi	18
cloistered	7
clone	2
cloned	6
clones	7
cloning	7
close	-44
closed	-33
closed”	18
closely	-15
closer	-21
closest	2
closets	6
closing	-16
closings	4
closingthe	7
closure	4
closures	7
clot	7
cloth	-14
clothed	7
clothes	-21
clothing	-22
cloud	-10
cloudwood	7
clout	7
cloves	7
clown	7
clowning	7
clowns	7
cloy	7
club	-30
clubbing	7
clubhouse	7
clubs	-16
clue	-2
cluelessly	7
clues	6
clumsy	7
clung	6
cluster	4
clustered	2
clustering	6
clusters	-2
clusty	7
clutched	6
clutches	7
clutching	6
cluttered	4
clw	7
clwb	38
clwydfardd	18
clwydo	18
clymu	18
clytiau	18
clywais	32
clywed	54
clywodd	18
cm	2
cmc	6
cmglvf	7
cmhjye	7
cmoz	7
cn	-2
cn/	7
cnawd	18
cneg	7
cnn	-14
cnutsr	7
co	-21
co-opt	7
co-ordinate	7
co-worker	7
co-workers	7
coa	6
coach	-6
coaches	7
coaching	6
coal	-14
coalesced	7
coalition	-24
coalitions	4
coast	-33
coastal	-2
coaster	4
coastline	7
coasts	7
coat	-4
coated	7
coathanger	7
coating	7
coatings	7
coats	-4
coaxed	7
cob	7
cobo	7
cobra	7
cocaine	6
coch	52
cochion	32
cock	-2
cockamamie	7
cockamamy	7
cockcroft	7
cocked	4
cocklebur	7
cockleburs	7
cockroach	7
cockroaches	6
cocks	6
cocktails	7
coco	7
cocoa	7
coconstruction	7
coconut	-9
cocooned	7
cod	22
coda	19
codaf	18
code	-38
codebaboon	7
coded	6
codefined	7
codepage	2
codepoint	7
codes	-8
codex	7
codi	59
codi'n	32
codification	7
codified	4
codify	6
coding	2
cododd	38
codog	18
codon	7
cody	7
coed	38
coelio	32
coenzyme	6
coerced	6
coes	18
coesau	32
coevolve	6
coevolving	7
coexistence	7
cof	52
cofactor	-2
cofer	7
coffa	18
coffee	-26
coffeebreak	7
coffi	32
cofia	43
cofiais	18
cofier	18
cofio	48
cofio'r	18
cofion	43
cofiwch	51
cofnodion	18
cofrestredig	6
cogdogroo	7
coginio	32
coginiwch	32
cogitator	7
cognitive	6
cognizant	7
cogs	7
cogydd	18
cohead	7
cohen	7
coherence	6
coherent	4
cohesion	4
cohesive	6
cohesiveness	7
cohn	6
cohort	-4
cohorts	6
coif	7
coil	7
coiled	7
coils	6
coin	-24
coinage	7
coincide	4
coincided	7
coincidence	4
coincidentally	7
coincides	7
coined	7
coins	-8
coke	7
coking	6
col	7
colares	7
colbert	6
cold	-34
colder	6
coldly	7
colds	6
coleco	4
colen	7
coleridge	7
coli	4
colin	4
coliseum	6
coll	7
collaborate	6
collaboration	-4
collaborations	6
collaborative	-4
collaborators	7
collagen	-4
collagenase	7
collapse	-14
collapsed	-4
collapses	4
collapsing	2
collar	6
collarbone	6
collars	7
collateral	4
collateralized	7
colleague	-13
colleagues	-4
collect	-6
collected	-12
collectible	7
collectibles	6
collecting	-8
collection	-30
collective	-9
collectively	-2
collectives	7
collectivization	4
collectivize	7
collector	2
collects	6
colleen	4
college	-23
colleges	2
colli	43
colli'r	18
colliding	6
collier	7
collins	-4
collision	2
collisions	6
collodd	18
collopy	7
colloquia	7
colloquialisms	7
collusion	7
colo	7
coloane	4
colombia	-17
colombian	-18
colon	6
colonel	7
colonels	7
colonial	-20
colonialism	4
colonialists	7
colonic	7
colonies	4
colony	-9
color	-45
colorable	7
colorado	-6
colored	-4
colorful	-16
colorized	7
colorless	7
colorlessness	4
colors	-29
colubmine	7
columbia	-15
columbian	6
columbians	7
columbine	-10
columbus	18
column	-16
columns	-20
colwyn	18
col­­o­n­na­­ded	7
com	-19
com-pany	7
com/	-2
com/#	7
com>	2
com[s·m·t·p	6
com]	4
coma	6
comb	7
combat	-9
combating	6
combed	7
combinable	7
combination	-23
combinations	4
combine	-6
combined	-16
combines	4
combustion	7
come	-64
comeback	4
comedian	6
comedies	7
comedy	2
comers	7
comes	-45
comey	2
comfort	-6
comfortable	-15
comfortably	4
comfy	7
comic	-2
comical	6
comics	4
comig	18
comin	4
comin'	7
coming	-48
comision	7
comisiwn	18
comission	6
comiwnyddol	18
comm	6
comma	7
command	-20
commanded	7
commander	-2
commanders	6
commanding	2
commandment	6
commando	7
commands	4
commas	4
comme	7
commemorated	6
commemorates	7
commencement	6
commencing	7
commend	7
commendable	7
commended	7
commends	7
comment	-31
commentary	7
commented	-14
commenters	7
commenting	6
comments	-40
commerce	-10
commercial	-23
commercialized	7
commercially	6
commercials	2
commies	7
commission	-47
commissioner	6
commissions	-4
commit	-10
commitment	-23
commitments	-4
committed	-20
committee	-42
commodities	4
commodity	2
commodo	7
commodore	2
commodores	7
common	-43
commonly	-4
commons	7
commonsense	4
commonwealth	7
commotion	4
communal	7
communally	7
communicating	4
communication	-21
communications	-16
communicative	7
communicator	7
communion	-13
communique	7
communism	6
communist	-6
communists	4
communities	-22
community	-50
community-	7
commutative	7
commuter	4
commuters	6
commuting	7
comnes	7
comodo	7
comon	6
comp	6
comp-	7
compact	4
companies	-41
companion	6
companions	7
companionship	6
company	-55
companynewsmolt	7
comparable	-6
comparative	6
compare	-13
compared	-33
compares	2
comparing	-9
comparison	-14
comparisons	-2
compartment	7
compartments	7
compasation	7
compass	-29
compasses	7
compassion	-2
compassionate	2
compatibility	6
compel	7
compelled	6
compelling	-2
compels	4
compendium	7
compensate	4
compensated	7
compensates	7
compensating	7
compensation	-10
compensatory	7
competed	6
competence	4
competency	7
competes	7
competing	-10
competition	-24
competitions	4
competitive	-21
competitor	6
competitors	-2
compiled	2
compilers	7
compiling	7
complacency	7
complain	4
complained	2
complaint	-15
complaints	-2
complement	4
complements	7
complete	-31
completed	-25
completel-	7
completely	-31
completes	6
completing	-4
completion	2
complex	-38
complexed	7
complexity	-2
compliance	-23
complicated	-17
complicating	7
complication	4
complications	-2
complicity	7
complied	6
compliment	4
complimentary	6
compliments	7
comply	-9
component	2
components	-4
compose	6
composed	-6
composer	7
composers	6
composing	-8
composite	-10
composites	7
composition	-2
compositional	4
compositions	4
compost	2
composting	7
composure	6
compound	7
compounded	7
compounding	7
compounds	6
comprehend	7
comprehending	7
comprehensible	7
comprehension	7
comprehensive	-17
compress	4
compressed	-4
compression	7
comprised	7
comprising	4
compromise	-6
compromised	7
comps	7
comptroller	2
comptrollers	7
compulsion	7
compuserve	7
computational	7
compute	2
computer	-42
computers	-13
computing	4
comrades	7
con	-2
con-	7
con-servative	7
conan	7
conant	7
concanavalin	7
concatenating	6
conceal	6
concede	2
conceded	7
conceivable	-2
conceivably	6
conceive	6
conceived	6
concentrate	2
concentrated	2
concentrates	7
concentrating	6
concentration	-14
concentrations	-4
concept	-27
conception	2
conceptions	7
concepts	-14
conceptual	6
conceptually	6
concern	-27
concerned	-33
concerning	-13
concerns	-33
concert	-2
concerto	2
concerts	-10
concession	6
concessions	6
conch	6
concise	7
conclude	-18
concluded	-18
concludes	-2
concluding	2
conclusion	-28
conclusions	-18
conclusive	4
conclustion	7
concocted	7
concocting	7
concordancer	18
concourse	7
concrete	-17
concubine	7
concur	-4
concurred	7
condemn	4
condemned	2
condensation	7
condiment	7
condimentum	7
condition	-12
conditional	7
conditionally	6
conditioned	-8
conditioning	7
conditions	-24
conditionsfrom	7
condo	7
condoleezza	7
condolence	7
condominium	7
conducive	7
conduct	-19
conducted	-18
conducting	-6
conductive	7
conductor	7
conducts	7
conduit	7
cone	7
conf	7
confer	7
conferees	7
conference	-30
conferred	6
confessed	7
confession	6
confessional	7
confetti	7
conficker	7
confide	7
confided	7
confidence	-23
confident	-4
confidential	-36
confidentiality	-4
confidentially	6
confides	6
config	6
configuration	-2
configuring	7
confine	6
confined	2
confines	7
confirm	-14
confirmation	-8
confirmatory	7
confirmed	-15
confirming	7
confirms	-2
confiscated	4
conflate	7
conflict	-20
conflicting	4
conflicts	-10
conflictuous	7
confluency	7
confluent	7
conform	4
conformance	7
conformation	-8
confounding	7
confront	-2
confrontation	7
confrontational	7
confronting	4
confronts	7
confucian	2
confucian-	7
confused	-20
confusing	2
confusing--	7
confusion	-8
confuzzled	7
cong	7
congeners	6
congenial	6
congery	7
congested	7
congestive	7
congrats	-2
congratulate	7
congratulations	2
congregated	7
congregation	-2
congress	-51
congresses	6
congressional	-13
congressman	6
congressmen	-8
congtu	7
conjunction	7
conjunctive	-2
conjuring	7
conn	6
connaught	6
connect	15
connected	-14
connectedness	7
connecticut	-2
connecting	6
connection	-27
connections	-8
connects	6
connex	7
connoisseur	6
connor	2
connor-	7
conquer	4
conquered	-2
conquerors	7
conquest	6
conquistador	7
cons	4
conscience	2
conscientious	7
conscientiously	7
consciously	6
consciousness	-9
conscription	7
consectetuer	4
consecutive	7
consensus	-10
consent	7
consented	6
consenting	7
consequat	7
consequence	-10
consequences	-13
consequently	-4
conservation	-27
conservative	-10
conservatives	2
conservativism	7
conservatorship	7
conservatory	6
conserved	4
consider	-41
considerable	-12
considerably	-4
consideration	-24
considerations	-14
considered	-37
considering	-22
considers	6
consist	6
consisted	2
consistency	-6
consistent	-32
consistently	4
consisting	4
consists	-4
consolation	7
console	6
consoles	7
consolidate	7
consolidated	6
consoling	7
consonant	7
consonants	7
conspicuous	2
conspiracies	7
conspiracy	-8
conspirator	6
conspiratorially	7
conspirators	6
conspired	7
constant	-23
constantine	6
constantinople	4
constantly	-16
constants	7
constellation	6
consternation	7
constituencies	7
constituents	7
constitute	2
constituted	4
constitution	-33
constitutional	-25
constitutionality	7
constrain	6
constrained	7
constraint	2
constricting	7
construct	-2
constructed	-6
constructing	6
construction	-36
constructions	-12
constructive	7
consular	7
consulate	6
consulates	7
consulation	7
consult	6
consultancy	6
consultant	7
consultating	7
consultation	7
consulted	6
consulting	-4
consults	4
consume	-2
consumed	6
consumer	-21
consumers	-25
consumes	7
consummation	7
consumption	-4
consys	7
cont	7
cont'd	-19
conta	7
contact	-44
contacted	-14
contactid	7
contacting	-10
contacts	-8
contagion	6
contagious	7
contain	-21
contained	-10
container	4
containerization	7
containers	4
containing	-20
containment	6
contains	-30
contaminated	4
conte	7
contemplate	6
contemplated	4
contemplating	6
contemplation	7
contemporaneous	7
contemporaneously	7
contemporaries	6
contemporary	-18
contempt	7
contemptuous	7
contended	4
contender	7
contending	7
contends	7
content	-33
content-	-41
contentedly	7
contentious	2
contentment	6
contents	-18
contest	4
contested	6
context	-32
contexts	4
contiguous	7
continent	4
continental	2
contingency	4
continual	7
continually	-2
continuation	7
continue	-45
continued	-34
continues	-26
continuing	-21
continuity	4
continuous	-9
continuously	6
continuum	7
contorted	6
contour	-2
contoured	7
contours	7
contra	7
contract	-26
contracted	7
contractions	7
contractor	-4
contracts	-16
contractual	6
contractually	7
contradict	6
contradicted	7
contradicting	4
contradiction	6
contradictory	6
contradicts	6
contraindications	7
contraption	6
contrarian	7
contrary	-9
contras	7
contrast	-20
contrasting	7
contrasts	4
contravention	7
contreras	7
contribute	-20
contributed	-22
contributes	2
contributing	-10
contribution	-29
contributions	-20
contributor	4
contrition	7
control	-49
controlled	-19
controller	4
controlling	-8
controls	-16
controversial	4
controversies	6
controversy	-17
convene	4
convened	6
convenes	7
convenience	-6
conveniences	7
convenient	-6
conveniently	2
convening	6
convention	-9
conventionally	7
conventions	-6
convergence	7
converging	6
converj	7
conversation	-30
conversational	7
conversations	-14
converse	7
conversely	6
conversion	2
convert	-4
converted	-10
convertible	4
convertors	7
convexities	7
convey	4
conveyed	4
conveying	7
convicting	7
conviction	-2
conviently	7
convince	-13
convinced	-16
convincingly	7
convulsed	6
cood	6
cook	3
cookeher	7
cookery	7
cookie	7
cookies	6
cooking	-18
cookoff	7
cooks	2
cool	-30
coolly	6
cools	7
coons	-2
cooper	4
cooperate	6
cooperated	7
cooperating	6
cooperation	-17
cooperative	6
coordinate	4
coordinated	-2
coordinating	4
coordination	-2
coordinator	-4
copi	48
copia	2
copied	4
coping	7
copper	4
coppices	7
coppola	6
cops	4
copters	7
coptic	7
copulated	7
copy	-37
copying	2
copyright	-29
copyrights	-16
copïo'r	18
coral	2
corbet	7
corbusier	-2
cord	6
corddi	18
cordial	32
cordon	7
cordova	7
cords	7
core	-19
corey	7
corff	50
corfflu	18
corfforol	18
corgi	7
coridor	18
cork	7
corker	18
corn	2
corneli	32
cornell	-17
corner	-30
cornered	7
cornerstone	7
cornerstones	7
cornice	7
corning	7
corny	7
corollary	7
coronafirws	32
coronary	-31
coronel	7
corp	-31
corporate	-33
corporation	-8
corporations	-12
corporatism	4
corps	2
corpse	6
corpses	7
corpulent	6
corpus	7
correct	-43
corrected	-8
correcting	4
correction	4
corrections	7
corrective	6
correctly	-14
correl	7
correlate	7
correlated	2
correlates	7
correspond	-6
corresponded	7
correspondence	-4
correspondences	7
correspondent	6
correspondents	6
corresponding	-10
correspondingly	7
corresponds	4
corridor	6
corridors	6
corroborate	7
corroborating	7
corroboration	6
corrosion	7
corrugated	7
corrupt	4
corrupted	4
corrupting	7
corruptions	7
corruptly	7
cortex	6
corymbus	7
cos	7
cosgrove	7
cosjjf	7
cosmetics	6
cosmology	6
cosmopolitan	7
cosmovision	2
cost	-15
costa	-10
costau	32
costi	18
costiai'r	18
costing	4
costio	18
costiodd	18
costly	-4
costs	-44
costume	4
costumes	6
costus	18
cote	2
coterie	7
cothi	18
cotswold	6
cotta	7
cottage	7
cottages	4
cotton	-18
cottonville	7
cotwm	18
cou	7
couch	-12
couches	2
coudrote	7
cougar	2
cough	7
coughed	7
coughing	6
coul	7
could	-64
coulda	7
couldn	-27
couldnt	6
council	-14
councils	4
counsel	-15
counseled	7
counseling	2
counselors	4
count	-16
counted	-9
counter	-27
counteract	6
counteracts	7
counterbalance	7
counterclockwise	4
countered	7
counterfeit	6
counterform	7
counterparties	7
counterpoint	7
counterproductive	7
counters	-2
countersigned	7
counterterrorism	4
counterterrorist	7
counties	-4
counting	-6
countless	-2
countries	-37
country	-54
country's	6
countrypeople	7
countryside	-2
countrywide	6
country‘	18
counts	2
county	-42
countywide	7
coupez	7
couple	-41
coupled	4
couples	6
couplet	7
coupling	6
couplings	7
coupon	7
couponalbum	7
coupons	-2
courage	-12
courageous	6
course	-53
courses	-16
coursework	6
court	-51
courtesy	7
courthouse	4
courthouses	7
courtneygallstoneallison	7
courtroom	2
courts	-10
courtyard	7
cousin	4
cousinavi	6
cousins	6
covariate	7
covariates	-10
cove	7
covenant	7
coventry	7
cover	-31
coverage	-10
coveralls	7
covered	-31
covering	6
coverings	7
covers	-8
covert	4
coveted	7
covid-un	18
covina	7
covington	7
cow	6
coward	6
cowboy	-6
cower	7
cowering	7
coworking	7
cox	-29
coyly	7
coz	6
cozy	6
cp	7
cpannesley	-9
cpcd	7
cpdoj	7
cprb	7
cpu	4
cpuc	7
cpuctalkingpoints	7
cqqex	7
cqt	7
cr	4
crab	-6
crabmeat	7
crabs	7
crack	-10
cracked	-4
crackers	6
crackheads	7
cracking	6
crackled	7
crackling	7
cracks	4
cracrwydd	18
cradle	7
craff	18
crafodd	18
craft	-4
crafted	2
crafting	7
crafts	-6
craftsmanship	7
craftspeople	7
cragg	7
craggy	7
crai	-8
craig	4
craiggory	7
craigslist	7
cram	-6
crammed	6
cramming	7
cranberry	7
crane	6
craned	7
cranial	7
crank	6
cranking	7
cranky	4
crap	-6
crappily	6
crappy	7
craps	7
cras	19
crash	-6
crashed	-6
crate	7
crated	7
cratered	7
crates	6
craton	7
craven	18
craving	6
crawfish	7
crawford	19
crawl	6
crawled	7
crawling	6
crawls	6
crayon	6
craze	7
crazies	7
crazy	-27
creak	7
creaked	7
creaks	7
cream	-8
crease	6
creased	7
creases	7
creasing	7
create	-34
created	-39
creates	-10
creating	-24
creatinine	7
creation	-22
creationism	-12
creationists	4
creations	2
creative	-9
creativecommons	7
creativecrowdscolleague	7
creativity	-4
creativos	7
creator	-6
creators	7
creature	-13
creaturenamely	7
creatures	-20
creawdwr	18
credaf	18
credai	18
credence	7
credentials	2
credibility	-10
credible	-4
credir	32
credit	-44
credited	2
creditor	7
creditors	4
credits	-10
creditworthiness	7
credu	59
credyd	18
creek	-10
creep	7
creepy	6
crefftau	32
crefydd	32
crefyddol	38
cregg	7
cremated	7
crenshaw	-8
creodd	18
crept	7
crescent	6
crescents	7
crespo	7
crest	7
crested	7
cretaceous	7
crete	2
creu	53
crew	-38
crewman	-10
crewmate	7
crewmates	4
crewmember	-10
crewmen	-13
crews	2
cric	7
criced	38
cricket	4
crickets	6
cried	-20
cries	6
crime	-24
crimes	-20
criminal	-15
criminalize	7
criminals	-4
crimson	4
cringing	7
crinkled	7
crio	18
cripplegate	7
crippling	2
crises	6
crisis	-43
crisis--a	7
crisp	6
crisper	7
crispin	-2
crisply	7
crispy	7
crisscross	7
criteria	-14
criterion	6
critic	4
critical	-27
critically	4
criticism	-6
criticisms	6
criticize	4
criticized	-2
criticizing	7
critics	-27
critiquesoros	7
crittenden	7
critters	7
criw	38
crm	7
croaked	7
croaks	7
croc	7
crocodile	7
croeg	7
croen	18
croes	18
croesawu	18
croesgyfeirio'n	18
croesi	18
croesi'r	18
croeso	58
croesodd	18
croissant	7
croix	7
cronyism	7
cropian	18
crops	2
crosbie	7
cross	-34
cross-country	2
cross-referencable	7
crossed	-2
crosses	-8
crossing	-8
crossings	6
crosslinking	7
crossover	7
crossroads	6
crosswalk	7
crossword	6
crouched	6
crouching	4
croupier	7
crow	-2
crowd	-36
crowded	-16
crowds	-2
crowdsourcing	7
crown	-13
crowning	7
crows	6
crozier	7
croûtons	18
crucial	-10
crucified	7
crucifix	7
crucifixion	2
crude	7
crudely	7
crudest	7
cruel	-12
crueler	7
cruelly	6
cruelties	7
cruelty	-18
cruise	-19
cruisers	7
cruises	-2
cruising	7
crum	4
crumb	7
crumble	6
crumbly	7
crumbs	4
crumpled	7
crunch	6
crunches	7
crunching	7
crunchy	7
crusade	6
crusader	4
crusaders	2
crusades	6
crush	-2
crushed	2
crushing	-2
crust	7
crustal	7
crusty	7
crutch	6
crutches	7
crwst	18
crwydro	38
cry	-12
crybabies	7
crybaby	7
cryf	18
cryfhau'r	18
crying	-9
cryn	38
cryostat	7
crypt	7
cryptic	6
crypto	7
cryptogenic	7
cryptographers	7
crys	38
crystalline	7
crystallize	7
crystals	7
crème	6
cs	-8
csd	7
cshezs	7
csi	6
csnr	7
csny-carry	7
css	7
ct	6
ct=	7
ctea	2
ctions	4
ctk	7
cuba	-6
cuban	2
cuban-	7
cube	6
cubes	6
cubist	7
cucumber	7
cucumbers	7
cudd	18
cuddir	18
cuddling	7
cuddly	7
cudgelling	7
cue	7
cues	2
cuffed	7
cufflinks	7
cuffs	7
cuisine	-2
cuisines	7
cul	7
cularly	7
culling	7
culni	18
culprit	6
cult	6
cultivate	7
cultivated	6
cultivates	7
cultivating	7
cultural	-26
culturally	6
culture	-40
cultured	-8
cultures	-14
cundall	6
cuneiform	7
cunning	6
cunningham	2
cuny	2
cuomo	7
cup	-13
cupcakes	7
cupped	4
cupping	7
cups	7
curable	7
curb	2
cure	-9
cured	7
cures	6
cures--	7
curio	6
curiosities	7
curiosity	-6
curious	-14
curiously	6
curled	6
curlew	7
curls	-2
curly	6
curo	32
curren	7
currencies	7
currency	-15
current	-44
currently	-35
curriculum	-17
curried	7
curries	7
curry	18
curse	4
cursed	2
cursing	6
cursive	7
cursor	6
cursus	7
curt	7
curtailed	4
curtailment	4
curtain	6
curtains	2
curtly	7
curve	2
curved	7
curves	2
curving	7
curwch	18
cusan	32
cushion	6
cusin	7
custalow	18
custard	7
custom	-15
customary	2
customer	-22
customers	-36
customize	4
customized	-2
cut	-42
cutcliffe	2
cute	-9
cutesy	7
cuthbert	7
cuticular	-4
cutlass	7
cutler	-29
cutoffs	7
cuts	-16
cutthroat	7
cutting	-20
cutting-edge	6
cuz	-20
cv	7
cv-	7
cvs	6
cwarantîn	18
cwbl	38
cwblhau	38
cwch	18
cweit	18
cwestiwn	53
cwestiynau	43
cwm	43
cwmni	43
cwningod	18
cwpan	18
cwpwl	18
cwpwrdd	18
cwrdd	32
cwricwlwm	18
cwrs	38
cwrw	18
cwudty	7
cwympo	18
cwyno	38
cx	-6
cxescj	7
cxqah	7
cy	45
cyanol	7
cyber	2
cychod	18
cychwyn	46
cychwynnol	32
cycladic	7
cyclase	7
cycle	-13
cycles	-6
cyclic	6
cyclical	7
cycling	6
cyclists	7
cyclooxygenase	4
cyd	32
cyd-destun	32
cydfodoli	18
cydleoliadau	18
cydlyniad	32
cydnabod	18
cydweithiodd	18
cydwybod	18
cydymdeimlad	18
cyfaddef	18
cyfaddefodd	18
cyfagos	38
cyfaill	18
cyfamser	32
cyfan	54
cyfandir	46
cyfansoddiad	18
cyfansoddiadol	18
cyfanswm	32
cyfarfod	53
cyfarfodydd	18
cyfarwyddiadau	52
cyfatebiaeth	18
cyfathrebu	32
cyfeillgar	18
cyfeiriad	53
cyfeiriadau	18
cyfeiriadur	18
cyfeiriodd	18
cyfeirir	18
cyfer	32
cyferiad	18
cyffredin	32
cyffredinol	38
cyffro	18
cyffuriau	18
cyffwrdd	18
cyfiawnder	32
cyfiawnhau	38
cyfieithiad	57
cyfieithiadau	48
cyfieithu	48
cyfieithu'r	38
cyfieithydd	32
cyflawni	18
cyfle	52
cyfleu'r	18
cyfleusterau	18
cyfleustra	18
cyflogau	18
cyflogi	32
cyflogwyr	18
cyflwr	38
cyflwyno	18
cyflym	18
cyflymaf	32
cyflymu	18
cyflythreniad	18
cyfnod	51
cyfnodau	18
cyfoethog	38
cyfraddau	18
cyfredol	18
cyfreithiol	38
cyfreithiwr	18
cyfreithlon	18
cyfres	32
cyfri	18
cyfrif	51
cyfrifiadur	50
cyfrifo	18
cyfrinachol	18
cyfrinair	38
cyfrwng	32
cyfryngau	43
cyfryw	18
cyfuno	18
cyfuno'n	18
cyfyngodd	18
cygliad	18
cyhoedd	38
cyhoeddi	32
cyhoeddir	18
cyhoeddodd	32
cyhoeddus	32
cyhoeddwyd	46
cyhuddiadau	18
cyhuddo	18
cylch	32
cylchlythyr	32
cylchlythyrau	18
cylinder	7
cyllell	32
cyllido	18
cymaint	46
cymal	18
cymbals	7
cymdeithas	18
cymdeithasol	43
cymdogion	32
cymeradwyo	18
cymered	18
cymeriad	18
cymeriadau	18
cymerodd	38
cymerwyd	18
cymharol	43
cymharu	18
cymharu'r	18
cymhleth	18
cymhlethdodau	18
cymorth	51
cymorth/	18
cymraeg	59
cymreig	38
cymro	32
cymru	59
cymru'n	32
cymru/	18
cymrwch	18
cymry	43
cymryd	52
cymunedau	18
cymwynasgar	18
cymysgedd	18
cymysgent	18
cymysgu	18
cymysgwch	18
cyn	61
cynde	7
cyngerdd	38
cynghorau	32
cynghori'n	18
cynghrair	18
cyngor	46
cynhaeaf	32
cynhaliodd	18
cynharach	18
cynheswch	38
cynhwysfawr	18
cynhwysion	32
cynhyrchiant	18
cynical	7
cynifer	18
cynigiodd	18
cynigir	18
cynilo	38
cynllun	46
cynllunio	32
cynnal	38
cynnar	43
cynnau'r	18
cynnes	18
cynnig	48
cynnwys	51
cynnydd	18
cynon	18
cynorthwyol	18
cynrychioli	18
cynrychioliadol	18
cynrychiolwr	18
cynrychiolwyr	32
cyntaf	58
cynthia	7
cynulliad	18
cynwys	18
cynyddodd	32
cynyddol	18
cynyddu	38
cynyddu'n	18
cyrano	7
cyrhaeddais	18
cyrhaeddwn	18
cyrillic	7
cyrraedd	56
cyrsiau	32
cyrus	6
cysegredig	32
cysgair	18
cysgeir	50
cysgliad	61
cysill	60
cysondeb	32
cyst	7
cystadleuol	18
cystadleuydd	32
cystadlydd	18
cystal	32
cystic	7
cystrawennau	18
cystyllwch	18
cyswllt	18
cysyllta	32
cysylltiad	18
cysylltu	51
cythruddo	18
cytokine	6
cytokines	2
cytoplasm	7
cytuno	46
cywain	18
cywilydd	18
cywilyddus	18
cywir	46
cywiriad	18
cywrain	18
cywreinrwydd	18
czar	7
c·a	18
c·b·o	6
c·d	-23
c·d·t	4
c·e·c	2
c·e·t	7
c·f	18
c·f·r	7
c·h	18
c·h·f	7
c·h·k·c	6
c·h·s	4
c·i	6
c·j·w	6
c·m·o	7
c·m·s	4
c·n	7
c·n·b·c	7
c·n·o	7
c·n·s	-10
c·o	2
c·p·h·q	7
c·p·k	7
c·p·l	-9
c·p·r	7
c·q	7
c·r·a-regulated	7
c·r·c	7
c·r·l·f	6
c·r·r	6
c·s	7
c·s·r	7
c·s·s	6
c·t·r·l-alt-delete	6
c·w	7
c·w-e·p·r	4
c·w·s	6
cân	32
cânt	32
céspedes	7
côr	18
cŵl	18
cŵn	18
c”	7
d	-45
d'oeurves	18
d-	-19
d-d-	7
d-do	7
d-hawaii	7
d-ohio	6
d_	6
da	63
da-aaaad	7
daaaa-aaaad	7
dab	6
dacluso	18
dad	23
dadansoddi	32
dadau	18
dadl	32
dadlau	18
dadleuol	18
dado	7
dadrithio	32
dads	7
dadwneud	18
daeardy	18
daeth	56
daethpwyd	32
dafarn	50
dafell	18
dafod	18
dafydd	51
daga	7
dagger	6
dagmar	4
dagmarilande	7
dagrau	43
dah	6
dahh	7
dai	7
dai-	7
daid	18
dail	32
daily	-35
dailymotion	7
daina	7
dair	38
dairy	7
dais	7
daisme	7
daith	38
dakota	19
dal	59
dalach	18
dale	2
daleithiau	53
daleithiau”	18
dalentau”	18
daley	7
daliodd	18
dallas	-6
dallt	18
dalltings	18
dalma	-26
dalu	38
dalu'r	18
dalv	7
daly	6
dalys	7
dam	-14
damage	-19
damages	4
damaid	18
damascus	7
dame	14
dammed	6
damming	7
dammit	6
damn	-20
damned	6
damp	6
dampeners	7
dampening	7
damper	7
dams	7
dan	36
dana	7
danamccauley	7
dance	-26
danced	6
dancers	-4
dances	2
dancing	-19
dand	6
danger	-18
dangereux	6
dangerous	-25
dangerously	6
dangers	6
dangled	7
dangles	7
dangling	-2
dangos	55
dangosed	18
dangoser	18
dangoswch	18
daniaramireztv	7
danica	7
daniel	15
danielides	7
danielle	7
danish	6
danity	7
danny	18
danscartoons	4
danville	7
danysgrifio	18
dap	7
darbwyllo'r	18
darcy	7
dared	6
darganfod	46
darganfyddiad	18
darged	18
dargens	4
daring	6
dark	-38
darken	7
darkened	4
darker	7
darkest	7
darkness	-12
darling	6
darlithwyr	18
darlledu	18
darllen	57
darllenydd	32
darlun	48
darlunio	18
darn	46
darnau	18
darostwng	18
darostyngedig	18
darpariaeth	32
darparu	38
darparu'r	18
dart	2
darted	6
dartiau	18
darw	18
darwin	-17
darwinian	-2
darwinism	7
daschle	2
dasg	38
dasgau	18
dash	7
dashing	7
dasovich	-9
dat	4
data	-12
database	-10
databases	4
datapoint	7
datapoints	7
datblwygwr	18
datblygiad	32
datblygwr	18
datblygwyr	18
date	-57
dated	6
dateline	4
datelined	7
daten	32
dates	-10
datgan	18
datgelir	18
dating	-9
datrys	43
datrysiad	18
datws	38
dau	16
daughter	-30
daughters	-2
daunting	6
dave	-18
david	-22
davidic	7
davidson	7
davies	32
davis	4
davison	4
davy	-37
daw	18
daw'r	32
dawkins	6
dawn	-14
dawned	6
dawning	7
dawnsio	43
day	-64
day-by-day	7
day-to-day	4
daydreaming	6
daylight	4
dayloans	7
days	-52
daytime	-4
dayton	7
daytona	7
dayvel	7
daze	7
dazzling	6
db	7
dbkqgv	7
dc	-6
dcollins	6
dd	10
dda	61
ddadansoddi	32
ddadl	18
ddaear	43
ddaeareg	18
ddaeth	18
ddaethon	18
ddal	38
ddalfa	32
ddallu	18
ddamwain	32
ddangos	46
ddangosodd	18
ddantfelys	18
ddarganfod	38
ddarllediadau	18
ddarlledu	18
ddarlledwyd	18
ddarllen	51
ddarlun	18
ddarn	38
ddarnau	32
ddarostyngedig	18
ddarpariaeth	18
ddarparu	18
ddaru	46
ddata	18
ddatblygiad	32
ddatblygu	38
ddathlu	18
ddatrys	18
ddatrysiad	18
ddau	60
ddaw'r	18
ddawnsfa	18
ddawnsio	32
ddbvd	7
ddeall	32
ddechrau	55
ddechrau'r	38
ddechreuodd	32
ddeddf	32
ddeddfwyr	18
ddedfrydwyd	32
ddedwydd	18
ddeffro	18
ddeffrodd	18
ddefnydd	18
ddefnyddio	60
ddefnyddio'r	38
ddefnyddiodd	18
ddefnyddiol	43
ddefnyddir	32
ddefnyddwyr	18
ddeg	10
ddeilen	18
ddeilliodd	18
ddeintbigau	18
ddelfrydol	18
ddelwedd	32
ddemocrataidd	18
ddemocratiaeth	18
ddeng	18
ddenu	18
dderbyn	43
dderbynfa	32
dderbyniol	38
ddes	18
ddeuddeg	16
ddeudis	18
ddeunaw	18
ddewin	18
ddewis	46
ddewr	18
ddi	19
ddi-dâl	18
ddiacon	18
ddiamwys	18
ddibrisdod	18
ddibynnol	18
ddibynnu	18
ddiddiwedd	18
ddiddordeb	32
ddiddorol	38
ddiddymu	18
ddieithr	18
ddieithriad	18
ddiffiniadau	18
ddiffodd	32
ddiffyg	18
ddifrifol	32
ddifuant	32
ddifyr	18
ddigidau	18
ddigofaint	18
ddigon	53
ddigonol	18
ddigwydd	43
ddigwyddodd	32
ddileu'r	32
ddillad	38
ddilyffethair	18
ddilyn	48
ddilynol	32
ddim	63
ddinas	43
ddinistrio'n	18
ddiod	38
ddiofal	18
ddiog	18
ddiogel	43
ddiolch	38
ddirgelwch	32
ddisgrifio	18
ddisgwyl	38
ddisgyblion	32
ddisgyn	32
ddistaw	38
ddistawrwydd	18
ddisymwth	18
ddiwedd	53
ddiweddar	43
ddiweddarach	46
ddiweddaraf	18
ddiweddaru	18
ddiweddaru'r	18
ddiwethaf	18
ddiwrnod	32
ddiwrnodau	18
ddiwydiannau	18
ddiwyllio	32
ddoctor	18
ddod	58
ddoe	51
ddoethuriaeth	18
ddofn	32
ddogfen	50
ddogfennau	32
ddois	18
ddolen	43
ddoleri	18
ddoniol	18
ddosau	18
ddraig	18
ddrama	38
ddramâu	32
ddringo	43
ddrud	38
ddrwg	52
ddrwgdybus	32
ddrwgweithredu	18
ddryllion	18
ddryswch”	18
ddt	7
ddu	32
ddulliau	18
dduw	32
ddwedes	18
ddweud	58
ddwy	55
ddwyieithog	32
ddwylo	18
ddwyn	18
ddwyreiniol	18
ddychmygu	18
ddychrynir	18
ddychwelyd	43
ddydd	52
ddyddiau	38
ddyddiol	18
ddyfeisio	18
ddyfnach	18
ddyfynnu	18
ddygymod	18
ddylanwad	32
ddylaswn	18
ddylen	18
ddyletswydd	32
ddylsem	18
ddylwn	32
ddyn	46
ddynes	18
ddyngar	18
ddynion	32
ddynol	18
ddyrchafiad	32
ddyrys	18
ddysgent	18
ddysges	18
ddysgir	18
ddysgu	52
ddysgu'r	32
ddywedaf	18
ddywedais	18
ddywedaist	18
ddywedan	18
ddywedir	18
ddywedodd	38
ddŵr	43
de	4
de-	7
de[s·m·t·p	7
dea	7
deacon	6
deactivated	6
dead	-39
deada	7
deadline	-8
deadlines	7
deadly	13
deadman	7
deaf	6
deal	-45
dealer	-9
dealers	7
dealership	7
dealerships	7
dealing	-17
deall	57
deallus	18
deals	-10
dealt	-4
dean	2
dear	-45
dearie	7
dearly	6
death	-43
deathbed	7
deaths	-6
debacle	7
debark	7
debased	7
debasement	7
debatable	6
debate	-34
debated	-4
debates	-4
debating	6
debauchery	6
debbie	7
debenture	7
debit	7
debiting	7
debits	7
deborah	6
debra	6
debris	2
debt	-29
debtholder	7
debts	-2
debugging	7
debut	7
debyg	46
dec	-17
decach	32
decade	-14
decadence	4
decadent	7
decades	-18
decaf	7
decal	6
decapitation	7
decarboxylase	6
decatur	7
decay	6
decayed	7
decaying	4
deceit	7
deceive	4
deceiver	6
deceives	7
deceiving	7
december	-21
decency	4
decent	4
deception	6
deceptive	6
deceptively	7
dechnegau	18
dechnegydd	32
dechnoleg	32
dechrau	57
dechrau'n	18
dechre	18
dechreuais	18
dechreuodd	32
dechreuwyd	18
decide	-26
decided	-43
decidedly	4
decides	-2
deciding	-8
decimal	7
decipher	7
deciphered	6
deciphering	7
decision	-44
decision-making	4
decisions	-29
decisive	6
decisively	7
deck	-34
decked	7
decker	2
deckhand	7
deckhands	7
decks	7
declarants	7
declaration	4
declare	-6
declared	-16
declaredbe	7
declares	7
declaring	6
decline	-18
declined	-8
declines	6
declining	6
decode	7
decoded	6
decoder	4
decoding	7
decompress	6
decompression	7
deconstructing	7
decontrol	6
decorating	4
decoration	4
decorative	6
decorator	7
decorators	7
decorously	7
decorum	7
decrease	-9
decreased	-22
decreasing	2
decree	6
decreed	7
decry	7
deddfau	18
deddfau'n	18
deddfwr	32
deddfwyr	38
dedeand	7
dedicate	4
dedicated	-23
dedication	-2
deduce	-4
deduct	7
deductible	-13
deducting	7
deduction	2
dee	7
deed	7
deeds	4
deemed	-4
deep	-32
deepened	7
deepens	7
deeper	-9
deeply	-18
deer	-19
deere	6
deerfield	7
def	7
defaid	38
default	-10
defaulted	4
defaults	7
defeat	-14
defeated	-4
defeating	7
defeatingterrorism	7
defeats	7
defect	6
defective	6
defects	7
defence	7
defend	-21
defendant	4
defendants	-17
defended	2
defender	2
defenders	-6
defending	6
defense	-28
defenses	7
defer	7
deference	7
deferred	-2
deferring	6
deffro	38
deffrois	18
defiant	7
deficiencies	7
deficiency	7
deficient	6
deficit	4
defies	7
defilement	7
defilements	7
define	-13
defined	-26
definetly	4
defining	-12
definite	7
definitely	-25
definition	-23
definitional	7
definitive	4
definitively	7
deflect	7
deflected	7
deflection	7
deflects	7
defnyddiais	48
defnyddio	59
defnyddio'r	52
defnyddiodd	18
defnyddiol	32
defnyddir	18
defnyddiwr	18
defnyddwyr	18
deforestation	7
deformation	-23
deformed	-2
defrost	7
deftly	7
defy	4
deg	21
degenerates	7
degenerative	7
degol	18
degradation	-12
degrades	7
degree	-25
degrees	-40
deg€	18
dehongli'r	18
dehongliadau	18
dehumanize	7
dehydrated	7
dei	6
deietegol	18
deimlad	18
deintydd	38
deirgwaith	32
deisher	6
deism	7
deithiau	32
deithio	38
deithio'n	32
deithwyr	38
deity	7
del	16
delab	2
delainey	6
delaney	7
delaware	2
delay	-12
delays	4
delectable	6
deledu	38
delegating	7
delerau	32
delete	-6
deleted	6
deletion	7
delfrydol	18
delhi	2
deli	7
delian	7
deliberate	2
deliberately	-4
deliberations	2
delicacies	7
delicacy	7
delicate	-16
delicately	4
delicatessen	7
delicious	-8
delight	-2
delightedly	7
delightful	2
delimited	6
delinquency	7
delinquent	7
delio	18
delirium	7
delisted	7
deliver	-9
delivered	-16
deliveries	7
delivers	6
delivery	-28
deliverymen	7
deliveryservice	7
dell	7
delos	2
delta	6
deltas	6
deluge	7
deluged	7
delusion	7
deluxe	7
delve	4
delved	7
delving	7
delweddu	18
delyth	18
demand	-32
demande	7
demanding	2
demands	-17
demean	7
demeaner	7
demeanor	6
demented	7
demerara	18
demesne	7
demetria	7
demi	4
demilitarized	7
demo	2
democracy	-17
democrat	-6
democrataidd	18
democratiaeth	32
democratic	-9
democratized	7
democrats	-16
demographic	7
demolished	2
demolition	7
demolitions	7
demon	2
demonstrably	6
demonstrate	-13
demonstrated	-10
demonstrates	-2
demonstrating	2
demonstration	7
demonstrations	7
demoralize	7
demos	7
demosthenes	-13
dems	7
demtid	18
demurrage	7
demystified	7
den	-2
denatured	7
denau	38
dendritic	2
denephew	7
deneubourg	7
deng	32
denham	7
denial	6
denied	-13
denies	6
denigrate	7
denim	6
denko	7
denne	-4
dennett	-8
dennis	7
dennyn	18
denominate	7
denominator	4
denoting	7
dense	2
densities	7
denton	7
denver	-4
deny	4
denying	7
dep	7
departed	2
departing	2
department	-40
departments	2
departs	7
departure	-14
departures	4
depend	-10
dependability	7
dependable	6
depended	2
dependence	7
dependency	4
dependent	-12
depending	-19
depends	-20
depict	4
depicted	7
depicting	7
depiction	6
depleted	2
depletes	7
depletion	7
deplored	7
deployed	4
deployment	4
deployments	7
deploys	7
depopulated	7
deportation	6
deported	7
depos	6
deposed	6
deposit	-9
depositary	6
deposited	2
depositing	2
deposition	-34
depositions	-6
depository	7
deposits	-2
depot	4
depraved	7
depreciation	7
depressed	-6
depressing	7
depression	-15
depressions	6
deprived	7
depriving	7
dept	7
depth	-16
depthless	7
depths	-2
deputies	4
deputy	-10
dequacaine	7
derailed	7
derangement	6
derbyn	48
derbyniaf	18
derbyniodd	38
dere	6
deregulate	7
deregulation	6
derek	7
derelicts	7
derferment	7
derision	6
derivation	4
derivations	7
derivative	-2
derivatives	-17
derivatization	7
derive	4
derived	-19
derives	2
deriving	7
derm	18
dermau	32
dermiadur	18
derminoleg	18
derogatory	7
derw	18
derwyddon	18
des	4
desales	7
descend	7
descendants	4
descended	-2
descending	-2
descends	4
descent	-19
descri	7
describe	-24
described	-37
describes	-21
describing	-8
description	-20
descriptive	-2
descriptivism	7
desdemona	6
dese	7
desensitize	7
desert	-23
deserted	2
deserts	2
deserve	-4
deserved	2
deserving	6
desgiau	18
deshong	7
desi	6
design	-42
designate	7
designated	-8
designating	6
designation	-6
designed	-34
designer	-10
designers	-6
designing	6
designism	7
designs	-23
desirability	6
desirable	-2
desire	-19
desired	-15
desk	-30
desktop	20
desktopanywhereinstructionsfull	18
despair	6
desperate	-2
desperately	-6
desperation	7
despised	7
despising	7
despite	-35
dess	7
dessert	-2
destabilize	7
destination	-14
destinations	2
destined	6
destinies	7
destiny	-6
destitute	7
destroy	-6
destroyed	-18
destroying	7
destroys	6
destruction	-18
destructive	4
destructiveness	7
destun	43
destunau	18
detach	7
detail	-23
detailed	-23
detailing	6
details	-39
detain	6
detained	7
detainee	4
detect	-29
detectable	4
detected	-27
detecting	6
detection	-4
detective	7
detectives	7
detectors	-12
detects	6
detention	7
deter	4
deteriorated	4
deteriorates	7
deteriorating	7
determinant	7
determinants	7
determination	-16
determinations	7
determine	-34
determined	-18
determinedly	7
determines	-9
deterministic	7
detested	7
detonation	7
detour	4
detractions	6
detractor	7
detractors	6
detrain	7
detriment	7
detroit	-31
detroiters	7
deuddeg	18
deuddegfed	18
deulu	43
deunydd	46
deus	7
deuterium	6
deutsche	6
deux	7
dev	4
devalues	7
devaluing	7
devasiess	7
devastated	7
devastating	-2
devastation	2
deve	7
deveiver	7
develop	-32
developed	-36
developer	4
developers	-12
developing	-38
development	-50
developmental	-2
developments	-2
development­–	7
develops	2
deviation	4
deviations	7
device	-14
devices	-10
devil	-4
deviled	7
devise	7
devised	2
devoid	4
devolves	7
devoted	-2
devotion	6
devotions	7
devoured	7
devout	7
dew	19
dewan	7
dewch	52
dewey	19
dewi	38
dewin	48
dewiniaeth	18
dewis	59
dewisiadau	18
dewiswch	18
dewitt	7
dewr	18
dewrder	18
dexterity	7
deyrnas	18
dfbyb	7
dgallagher	7
dgamino	7
dgoced	7
dh	6
dharma	7
dhhqtf	7
dhl	7
di	61
di'n	51
di'r	38
dia	7
diagnose	6
diagnosed	4
diagnosing	6
diagnosis	11
diagnostic	-6
diagram	2
diagrams	7
dial	-2
dialect	-10
dialectical	7
dialectologists	7
dialectology	6
dialects	-4
dialed	2
dialing	4
diallo	-6
dialog	6
dialogue	-12
dialysis	7
diam	4
diameter	7
diamond	-15
diamonds	6
diana	-2
diane	7
dianto	7
diaper	-8
diapers	2
diarrhea	6
diating	7
dibetrus	18
dibynadwy	18
dic	19
dichotomy	6
dick	8
dickens	4
dickson	4
dictate	7
dictated	7
dictates	2
dictating	7
dictator	4
dictatorship	7
diction	7
dictionaries	6
dictionary	-21
did	-64
didactic	7
diddordeb	18
diddorol	46
diddymdra	18
didier	7
didn	-38
didn't	7
didnt	2
didoriad	18
die	-32
died	-35
dieflig	18
diegni	18
diego	-9
diehards	7
dierent	2
diering	7
diet	6
diethyldithiocarbamic	7
dietrich	7
diets	7
difaru	18
diff	7
diffe	7
diffeithwch	18
differ	-10
differed	4
difference	-45
differences	-32
different	-59
differential	7
differentiate	6
differentiated	7
differentiation	6
differently	-14
differing	2
difficult	-37
difficulties	-6
difficulty	-16
diffiniad	32
diffiniadau	18
diffrent	7
diffuant	18
diffused	6
diffyg	32
diflannu	32
diflannu'n	18
diflas	32
diflasu	18
difrifol	43
difrod	18
dig	11
digerati	7
digest	7
digestive	7
digg	-2
diggbar	7
digging	-15
digimax	7
digio	32
digital	-16
digitally	7
dignify	7
dignity	-2
digofaint	18
digon	56
digoxygenin	7
digoxygenin-	7
digress	7
digression	7
digrif	32
digrifwch	18
digs	7
digwydd	55
digwyddiad	32
dihunangar	18
diid	7
dik	6
dike	7
diks	7
dila	32
dilapidated	7
dilation	7
dilbert	7
dilemma	7
dileu	38
dileu'r	38
diligent	7
diligently	4
dillad	18
diller	6
diluted	7
dilution	4
dilworth	4
dilyn	50
dilyniant	18
dilynol	32
dilys	32
dim	56
dimacs	2
dimension	6
dimensional	6
dimensions	4
dimes	7
dimethylformamide	7
diminished	7
diminishes--	7
diminution	7
diminutive	7
dimly	7
dimmer	7
dimness	7
dinasoedd	18
dine	4
diner	7
diners	7
dinesen	7
dining	-6
dinistr	18
diniwed	18
dink	7
dinner	-33
dinnertime	7
dinoethi	18
dinosaur	-9
dinosaurs	-10
diocese	7
diod	32
diode	6
diodorus	6
diogel	32
diogelu	32
diogelwch	51
diolch	62
dior	7
dioscrimination	7
dioxide	-2
dip	6
diphosphohydrolases	7
diploma	-2
diplomas	7
diplomat	7
diplomatic	-6
diplomatically	6
dipped	7
dipping	7
dips	6
dipyn	18
dir	27
dire	2
direct	-37
directed	-18
directing	7
direction	-30
direction-	6
directional	6
directions	-16
directive	-6
directives	6
directly	-32
director	-32
directories	2
directors	-13
directorship	7
directory	2
dirgelaidd	18
dirgryniad	18
diriogaeth	32
dirk	7
dirt	-24
dirty	-9
dirwasgiad	18
dirwy	18
dirwyn	18
dis	7
dis-	4
disabilities	-10
disability	6
disable	6
disabled	18
disadvantage	7
disadvantaged	6
disadvantageous	6
disadvantages	7
disaffected	6
disagree	-19
disagreed	7
disagreement	7
disagreements	4
disallow	7
disappear	-2
disappearance	7
disappearances	7
disappeared	-18
disappears	4
disappoint	7
disappointed	-8
disappointing	4
disapproval	7
disapproves	7
disapproving	7
disap­pointing	7
disassociated	7
disaster	-13
disasters	6
disastrous	6
disavowing	7
disband	7
disbelief	7
disbelieved	7
disc	4
discard	6
discarded	7
discards	7
discern	4
discernible	7
discharge	-2
discharged	7
discipline	-12
disciplined	6
disciplining	7
disclaim	7
disclosed	-2
disclosure	-8
disclosure--	7
disclosures	7
disco	6
disco'n	18
discomfited	7
discomforting	7
disconcerting	7
disconnected	7
discontent	7
discount	-4
discounted	-2
discounts	6
discourage	6
discouraged	7
discourages	7
discouraging	6
discourse	-15
discourses	7
discover	-9
discovered	-4
discoveries	7
discovering	-2
discovers	7
discovery	-14
discrediting	7
discredits	7
discreet	6
discreetly	7
discrepancies	6
discrepancy	7
discrete	6
discretion	-4
discriminate	-6
discriminated	7
discrimination	-14
discuss	-31
discussed	-26
discusses	2
discussing	-16
discussion	-36
discussions	-15
disdain	4
disease	-38
diseased	7
diseases	2
disembark	6
disembarks	7
disembodied	7
disengaged	7
disengagement	7
disfiguring	7
disglair	38
disgleiriach	18
disgleirio	18
disgrace	7
disgrifiad	18
disgrifiodd	32
disgruntled	4
disguise	6
disguised	4
disgust	4
disgusted	6
disgusting	2
disgwyl	55
disgwylir	32
disgwyliwyd	18
disgyblion	53
disgyn	18
disgynnodd	43
dish	-4
dishes	-6
dishnetwork	7
dishonest	4
dishonesty	6
dishonoured	7
disinformation	7
disingenuous	6
disinterest	7
disinterested	6
disk	-18
diskette	7
disks	2
dislike	2
disliked	7
dislocations	7
disloyalty	7
dismal	4
dismantle	7
dismantled	7
dismay	6
dismiss	6
dismissal	7
dismissed	6
dismissing	6
dismissive	7
dismount	7
disney	2
disneyland	7
disobedient	7
disopropylethylamine	7
disorder	4
disorders	6
disorganized	4
disoriented	7
disorienting	7
disparate	4
disparity	4
dispassionate	7
dispatch	-10
dispatches	7
dispense	6
dispensed	7
dispersal	7
dispersed	7
disperses	7
dispirited	7
dispirted	7
displace	7
displaced	-2
displacement	-15
display	-17
displayed	-8
displaying	2
displays	-8
displeased	7
disposable	2
disposables	7
disposition	-2
dispositions	7
disprove	7
dispute	-6
disputed	7
disputes	4
disputing	6
disqualify	7
disraelaidd	18
disregard	2
disregarding	7
disrespect	7
disrupt	7
disrupted	7
disrupting	7
disruption	-2
disruptive	6
dissatisfied	4
dissect	7
dissected	7
dissecting	7
dissembler	7
disseminate	7
disseminating	6
dissemination	-10
disseminators	7
dissension	6
dissent	6
dissenting	7
dissertation	6
disservice	7
dissidents	7
dissimilar	6
dissipate	6
dissipates	6
dissolved	7
dissonance	2
dist	6
distance	-34
distanced	7
distances	7
distancing	7
distant	-6
distasteful	7
distiller	7
distinct	-15
distinction	-23
distinctions	6
distinctive	-2
distinctly	-9
distinguish	-12
distinguishable	7
distinguishes	4
distinguishing	2
distort	7
distorted	2
distorting	6
distortion	-2
distortions	7
distract	6
distracted	7
distracter	7
distracting	2
distraction	6
distractions	7
distracts	7
distraught	6
distress	7
distressed	7
distressing	7
distribute	-6
distributed	-20
distributes	7
distributing	4
distribution	-24
distributor	2
distributors	6
district	-38
districts	-6
distrust	6
disturb	7
disturbance	6
disturbed	4
disturbing	2
disturbingly	7
dit	7
dit-	7
ditch	6
ditransitive	7
div	7
dive	7
divergence	7
divergent	6
divers	7
diverse	-9
diversified	7
diversity	-9
divert	6
divide	4
divided	-20
dividend	-2
dividends	7
divider	6
dividing	7
diviner	2
diving	4
divinities	7
divinity	7
division	-19
divisionism	7
divisions	-2
divorce	4
divorcee	7
divulged	7
diwallu'r	18
diwedd	55
diweddar	38
diweddaraf	48
diweddariadau	18
diweddaru'r	18
diweddglo'r	18
diweithdra	18
diwethaf	50
diwnrod	18
diwrnod	53
diwydiannau	18
diwydiant	18
diwygiad	43
diwylliannol	32
diwylliant	18
dixon	7
diy/	7
diystyru	18
dizer	7
dizygotic	7
dizziness	7
dizzy	7
dizzying	7
dj	-8
django	7
djb	7
djew	7
djewish	7
djs	7
djtiesto	7
dk	2
dkdpxe	7
dkf	7
dkuug	6
dlp	7
dmg	7
dmlrv	7
dmot-pot	6
dmso	7
dmtc	7
dmuvrq	7
dn	7
dna	2
dnase	7
dns	7
do	-64
do-	7
dobbens	-8
doberman	7
doc	-22
docbook	7
dock	-8
docket	-17
docno	-29
docs	7
doctor	-46
doctoral	7
doctorate	2
doctoriaid	18
doctors	-21
doctrine	4
document	-42
documentaries	6
documentary	-10
documentation	2
documented	-9
documents	-26
docynnau	18
dod	61
doddodd	18
dodecanese	-2
dodge	6
dodged	6
dodrefn	18
doedd	59
doedden	38
doeddwn	51
does	-6
doesn	-13
doeth	18
dog	-42
dogfen	18
dogged	7
doggie	6
doggone	7
dogma	6
dogs	-25
dogsled	7
doh	6
doherty	7
doi	7
doin	7
doing	-53
doings	2
dojo	7
dolce	7
doled	7
dolen	18
dolenni	18
doll	7
dollar	-19
dollars	-39
dollmaker	7
dollop	4
dolls	7
dolly	7
dollymount	7
dolor	2
dolphin	4
dolphins	-6
dom	18
doma	6
domain	-23
domains	7
domatos	18
dome	-4
domed	7
domes	7
domestic	-22
domestically	7
domesticity	7
dome”	18
dominance	7
dominant	-21
dominants	7
dominated	-4
dominates	6
domination	2
domino	7
dominos	7
don	-44
don't	6
donald	6
donaldson	2
donate	-8
donated	4
donation	-20
done	-52
done-	7
donec	6
doneyou	7
dongwooinc	7
doniol	18
donk	6
donkey	-2
donnell	-28
donnie_	18
donor	-10
donors	2
donotreply	7
dont	2
donuts	4
donít	7
door	-52
doorbell	4
doorframe	6
doorknob	7
doorman	7
doornkamp	6
doors	-20
doorstep	4
doorway	-12
doorways	7
dop	18
dopers	7
dopplr	7
dorcalonnus	18
dorf	32
dori	18
dorians	7
doric	7
dorm	6
dorothy	4
dorri	38
dorri'n	18
dorro'r	18
dorrodd	18
dorsal	6
dorset	7
dorsey	7
dorthy	7
dorïaidd	18
dos	18
dosage	7
dosbarth	52
dosbarthiad	18
dosbarthiadau	32
dose	-4
doses	-2
dosturi	18
dot	-12
dots	2
dotted	7
dotty	7
double	-39
double-check	7
double-tensed	7
doublechecking	7
doubleheader	7
doubling	6
doubt	-24
doubted	6
doubters	7
doubtful	7
doubtless	7
doubts	7
dough	7
douglas	7
douglass	7
douls	7
douse	7
douses	4
dove	4
dover	-38
dowd	7
down	-43
downbeat	7
downdip	7
downdropped	6
downed	7
downfall	4
downgraded	7
downgrades	7
downgrading	7
downhill	7
download	2
downloaded	7
downloading	6
downpayment	7
downplayed	7
downright	7
downside	7
downsizing	7
downstairs	4
downstream	-16
downtime	7
downtown	-13
downturn	4
downvalley	7
downward	-6
downwards	7
downwind	7
doze	7
dozen	-4
dpr	7
dr	-10
dr_mcwealth	4
draddodiadol	18
draed	32
draeniwch	18
draeth	18
drafferth	32
draffig	18
drafod	43
draft	-24
drafted	-4
drafter	7
drafts	6
drag	-8
dragged	-2
dragging	2
dragon	6
dragonfly	7
dragons	7
drags	2
drai	18
drain	4
drainage	-20
drained	2
drains	7
drama	11
dramatic	-10
dramatically	-9
dramor	32
drangondexan	7
drank	7
drape	7
drapes	4
draping	7
drastic	6
draw	15
drawback	7
drawers	4
drawing	-15
drawings	7
drawled	7
drawn	-19
draws	25
drawsnewid	18
dre	32
dread	6
dreadful	4
dreading	7
dream	-23
dreamed	4
dreamer	-2
dreaming	7
dreampleasuretours	7
dreams	-24
dreamweaver	7
dream”	18
dreary	7
drech	32
dredged	7
dref	50
drefn	38
drefnu	18
dreftadaeth	18
dreigladau	18
drenewydd	18
dress	-36
dressed	-15
dresser	7
dresses	7
dressing	6
dressings	7
dreulio	38
drew	-25
drewllyd	18
dri	52
dried	2
drier	7
driest	7
drift	6
drifted	6
drifting	2
drifts	7
drilling	7
drin	38
drindod	18
driniaeth	32
drink	-32
drinkable	7
drinking	-16
drinks	-4
drio	38
drip	6
dripping	6
dripples	7
drist	32
drive	-33
drivel	7
driven	-10
driver	-16
drivers	-9
drives	2
driveway	6
driving	-30
drizzle	-4
dro	56
drodd	18
droed	32
droi	38
drom	18
drones	6
drool	6
drop	-19
droplets	7
dropouts	7
dropped	-21
droppin	7
dropping	-9
drops	-16
dros	61
drosodd	43
drosof	18
drosti	32
drosto	32
drought	7
drove	-14
droves	7
drowned	6
drowning	2
drowsiness	7
drp	7
drpfilbert	7
drs	7
druan	18
drudgery	4
drueni	18
druenus	18
drug	-29
drugs	-27
drugstore	6
drukpa	7
drum	7
drummer	7
drums	-6
drunk	-4
drunken	4
drunkenness	7
drupal	7
drupal-surfboard	7
drwch	18
drwchus	32
drwg	43
drwm	18
drws	57
drwsio	38
drwy	48
drwy'r	51
drwydded	46
drwyddo	18
drwyn	18
dry	-22
dryad	7
dryads	7
drydarodd	18
drydydd	18
drying	7
dryll	18
dryly	7
drysau	18
dryslyd	18
drysor	32
ds	7
dsm	4
dsnider	7
dsquared	7
dsr	-12
dtds	7
dtiglobal	7
dtv	6
du	30
dual	2
duality	6
dub	7
dubai	-21
dubbed	7
dubbing	7
dubious	7
dublin	-27
dubliner	7
dubliners	7
dubloons	7
duche	6
duchess	6
duck	-2
ducked	2
ducks	-8
ducktail	7
duct	6
dudalen	53
dude	-2
dudley	6
dudnprecisionbif	7
dudnpxzlbif	7
due	-40
dueling	2
duelists	6
duels	7
dues	7
duffel	7
dug	4
duh	7
duhan	7
dui	7
duke	4
dull	15
duluth	7
duly	2
dumb	-9
dumbass	6
dummy	7
dumont	-4
dump	4
dumped	7
dumping	7
dumps	6
dumpster	4
dumpsters	7
dumpty	7
dun	7
dunbar	7
duncan	7
dunce	7
dune	7
dunes	2
dunk	7
dunked	7
dunleavy	4
dunn	7
dunno	4
duo	7
duon	46
duped	7
duple	7
duplicate	6
duplicates	7
duplicating	6
duplicitous	7
dupont	7
dur	18
durable	7
duran	7
duration	-8
durden	7
durham	7
durier	7
during	-58
dusk	4
dust	-17
dusted	7
dustin	18
dusting	6
dustman	6
dutch	-4
dutchman	-30
dutchmen	7
duty	-23
duvian	7
duwiau	18
dv	6
dvd	4
dvorov	-17
dw	59
dwarf	7
dwarfs	7
dwedais	18
dwell	2
dwelling	4
dwelt	7
dweud	61
dwi	59
dwi'n	53
dwiggins	7
dwight	18
dwindled	7
dwli	18
dwp	18
dwr	-9
dwy	40
dwyane	7
dwyll	32
dwylo	48
dwyn	18
dwyrain	32
dwyreiniol	18
dwys	18
dwyt	38
dxbk	7
dy	63
dya	7
dyb	18
dyblygiad	18
dyblygu	18
dychan	18
dychmygu	18
dychmygwn	18
dychwelodd	18
dychwelyd	38
dychymyg	18
dych­mygwn	18
dydd	59
dyddiad	18
dyddiau	18
dyddie	18
dydd”	18
dydee	7
dydi	48
dydi'r	32
dydw	54
dydy	38
dydych	18
dydyn	46
dye	7
dyed	6
dyer	7
dyes	6
dyf	7
dyfeisio	18
dyfodol	56
dyfodol”	18
dyfu	18
dygymod	18
dyheu	18
dying	-17
dylai	54
dylai'r	38
dylanwad	38
dyle	32
dylech	38
dylem	18
dylet	38
dylid	46
dylino	18
dylino'r	18
dyluniad	18
dyluniwyd	32
dylunydd	18
dylwyth	18
dyma	58
dyma'i	18
dyma'r	57
dymor	18
dymunai	18
dymunasai	18
dymuniad	32
dymuno	46
dymunodd	18
dymun­asai	18
dyn	59
dyna	61
dyna'r	55
dynamic	-4
dynamically	7
dynamics	-2
dynamicsperhaps	7
dynamite	4
dynastic	7
dynasties	6
dynasty	-12
dyna­sty	7
dyner	18
dynes	18
dynesu	18
dyngu	18
dynion	38
dynn	32
dynol	43
dynolryw	18
dysfn	7
dysfunction	4
dysfunctional	7
dysgais	18
dysgedigion	18
dysgl	18
dysgu	57
dyslexia	7
dyw	48
dyw'r	18
dywed	38
dyweda	18
dywedais	38
dyweded	18
dywedodd	60
dywedon	18
dywedwch	32
dywyll	18
dywyllaf	18
dywyllu	18
dyzafs	7
dzo	7
dzueuc	7
d·b·a	7
d·g	18
d·g·t·f·x	6
d·h·l	7
d·h·s	6
d·i·y	7
d·l	18
d·l·f	7
d·m	6
d·m·c·s	7
d·m·d	7
d·m·v	7
d·p·i	7
d·s	6
d·s-ten	6
d·s·t	4
d·t·d	4
d·t·v	-8
d·v·m	7
d·v·t	7
dân	32
dão	7
décor	7
déjà	38
díaz-	7
dîm	18
dôn	18
dŵr	50
dŷ	38
dƒ	7
e	4
e'n	56
e-	-19
e-bost	52
e-bostio	18
e-bostiodd	18
e-bostiwch	32
e-commerce	-4
e-gear	7
e-go	-6
e-ink	7
e-mail	-28
e-mailed	6
e-mails	2
e-ntpdase	2
e-ntpdases	7
e-reader	7
e-rev	7
e-trade	7
e-vector	7
e_v_a	7
each	-60
eachother	7
eaden	6
eager	-6
eagerly	2
eagle	-14
eagles	2
eal	7
eames	7
eang	46
ear	-10
eared	7
earlier	-41
earliest	-6
earline	7
early	-33
earn	-14
earned	-24
earners	7
earnhardt	7
earning	4
earnings	-17
earp	6
earplugs	6
earring	4
ears	-20
earshot	6
eart	7
earth	-37
earthquake	-4
earthquakes	7
earthy	7
earwax	7
ease	-9
eased	7
easier	-23
easijericho	7
easily	-26
east	-45
eastbay	6
easter	-14
easterling	4
eastern	-16
eastward	2
east–	7
east–west	6
easy	-43
easy-easter-dessert/	7
easywebautomation	7
eat	-30
eaten	4
eati	7
eating	-22
eaton	7
eats	6
eaves	4
eavesdropping	7
eb	7
ebay	-8
ebb	7
ebbing	7
ebcdic	4
ebony	6
ebook	7
ebost	32
ebrill	38
ebullient	7
ec	7
eccentric	6
eceived	7
echelin	18
echinacea	7
echo	4
echoed	2
echoing	6
eclipse	7
ecma	4
eco	2
ecole	7
ecological	-2
ecology	-2
ecom	-9
economic	-38
economical	6
economically	2
economics	-10
economies	6
economists	6
economy	-36
ecoregions	7
ecosystem	2
ecosystems	6
ecrm	7
ecstacy	7
ecstatic	7
ecto-	4
ecto-mesenchyme	7
ectoderm	2
ectodermal	-8
ectokinases	7
ecuador	7
ecumenical	6
ed	-21
eddin	7
eddy	7
eden	7
edens	7
edgar	4
edge	-24
edict	7
edicts	7
edinburgh	-2
edit	4
edited	7
editing	-2
edition	-4
editions	6
editor	-23
editorial	-19
editorials	7
editors	-4
edm	7
edmonton	7
edmund	18
edmygu	43
edmygu'r	18
edn	7
edomex	7
edrych	61
edrychai'n	18
edrychodd	46
edrychwch	18
edrychwn	18
eds	-4
edta	7
edu	-39
educate	2
educated	-9
educates	7
education	-40
educational	-12
educationalist	7
educator	6
educators	7
edward	11
edwardian	2
edwards	4
edwin	-20
edwins	7
ee	-4
eecc	6
eects	7
eeedddwwwinnnn	7
eeeerrrrrrrrr	7
een	7
eensy	7
eeo	4
eerie	6
ees	4
eeseepi	7
ef	60
efallai	55
efcc	7
effaith	46
effec	7
effect	-45
effected	6
effective	-36
effectively	-17
effectiveness	-4
effector	4
effects	-27
effeithiai'r	18
effeithio	32
effeithiol	38
effeithiolrwydd	18
effeithlon	18
effete	7
efficacy	-20
efficiencies	7
efficiency	-9
efficient	-22
efficiently	4
effigy	7
effort	-38
efforts	-39
effrontery	7
efo	50
efo'i	18
efo'r	18
efore	7
efrog	43
efron	7
eg	6
ege	6
egerton	7
egestas	7
eget	2
egg	-6
eggs	4
egino	32
eglurhad	32
egluro	32
eglwys	46
eglwysi	18
eglwysig	18
egni	18
egnïol	18
egoless	7
egr	7
egregious	4
egret	6
egrets	7
egypt	-12
egyptians	6
eh	-9
eh-mih-lee	7
ehangach	32
ehangu'r	18
ei	64
ei-nhub	7
ei-nmumbai	7
eich	62
eicon	46
eiconau	43
eicosanoid	4
eicosanoids	6
eicu	7
eid	4
eidal	43
eidalaidd	32
eiddew	50
eiddgar	43
eiddo	38
eider	7
eifl	18
eight	-63
eight-	7
eighteen	-39
eighteen-	7
eighteenth	-9
eighteenth-	7
eighth	-12
eighthin	7
eighths	2
eighties	7
eighty	-49
eiiti	6
eileen	7
eiliad	38
eilwaith	18
ein	60
eingl-gymreig	18
einheit	6
einstein	2
eira	46
eirfa	18
eiriadur	18
eiriau	51
eirlys	32
eironig	18
eisenhowers	18
eisiau	60
eisoes	51
eistedd	38
eisteddfod	38
eisteddfodol	18
eisteddodd	18
eitc	-4
eitem	32
eitemau	32
eitha	18
eithaf	48
eithafol	32
either	-48
eithr	18
ej	7
ejaculated	6
ejaculates	7
ejaculation	6
ejected	7
ekdnn	7
el	-9
el-	7
el-aksa	7
elaborate	-4
elaborated	7
elaine	19
elapsed	7
elastic	6
elasticity	7
elation	6
elavon	7
elayne	7
elco	6
elder	7
elderly	-9
elders	6
elding	-4
eldred	7
eldritch	7
ele	7
elearning	7
elect	6
elected	-10
election	-18
electiondayconsulting	7
elective	6
electric	-16
electrical	-2
electrically	7
electrician	6
electricity	-24
electrocardiogram	6
electrocardiographic	7
electronic	-21
electronically	6
electronics	-12
electrophoresis	6
electrophoretically	7
electroshock	7
elegant	-10
elegantly	6
element	-13
elementary	-4
elements	-25
elementum	7
elena	6
elenco	7
eleni	32
elephant	-14
elephants	4
eleri	18
elevated	-2
elevating	7
elevation	2
elevations	7
elevator	2
elevators	7
eleven	-64
eleven-	7
eleventh	-6
elevenths	-28
elf	14
elfen	18
elfennau	18
elgin	7
eli	6
elias	7
elicit	4
elicited	7
eliciting	7
eliffantod	32
eligibility	4
eligible	-8
elim	18
eliminate	-16
eliminated	-4
eliminates	7
eliminating	-6
elimination	-2
elinor	7
elisa	7
elit	6
elitist	7
elizabeth	-55
elkton	7
ella	18
ellen	-6
ellie	-20
ellington	6
elliot	7
elliott	7
ellir	38
ellis	18
ellison	6
elm	2
elmwood	7
elongation	7
eloquence	6
eloquently	7
else	-51
elsevier	-18
elsewhere	-20
elusen	38
eluted	7
elves	6
elvis	2
elw	18
elwir	18
elynol	18
elyrch	18
em	4
em-i-lee	7
emaciated	7
email	-54
emailaccountsquota-limit	7
emailed	6
emailing	6
emails	-9
emanate	4
emanating	7
emancipated	7
emancipation	6
emarketer	7
embalmed	7
embargo	7
embark	4
embarrassed	-6
embarrassing	-2
embarrassment	2
embassy	2
embattled	7
embayment	4
embedded	-4
embedding	6
embeds	7
embellish	6
embellishe	7
embellishes	7
embellishing	6
embellishments	-8
embers	7
embodied	4
embody	7
emboldened	7
embraced	-2
embraces	7
embracing	4
embroidered	2
embroidery	7
embryo	-6
embryogenesis	7
embryos	-17
emerald	2
emerge	-6
emergence	6
emergency	-20
emerges	-6
emerging	-6
emerson	2
emigrants	7
emigrating	7
emil	-20
emilia	7
emiliano	6
emilie	4
emily	2
eminent	2
emirate	6
emirates	7
emission	-10
emissions	-38
emit	6
emits	6
emitted	7
emitters	4
emitting	7
emlyn	18
emma	7
emmby	7
emmett	7
emo	7
emond	4
emory	7
emotion	-4
emotionally	6
emotionless	7
emotionnal	7
emotions	-4
emotive	7
empathetically	7
empathy	7
emphasis	-12
emphasise	6
emphasised	7
emphasises	7
emphasized	-4
emphasizes	4
emphatic	7
emphysema	7
empire	-27
empirical	2
empirically	4
empirio	7
empl	7
employ	-8
employed	-4
employee	-20
employees	-30
employer	-8
employers	-4
employing	6
employment	-28
employs	6
empower	6
empowered	7
empowerment	7
empowers	6
emptied	7
emptiness	7
empty	-23
empty-handed	7
emulate	7
emulated	7
emulating	7
emynau	38
emyr	18
en	5
en-gb	18
ena	-4
enable	-15
enabled	4
enabler	7
enablers	6
enables	4
enabling	6
enact	2
enacted	-9
enacting	2
enactment	-26
enaid	18
enamored	7
enas	7
enbyd	18
encapsulating	7
encased	4
enchanted	6
enciclopedia	6
encircled	7
enclosed	-32
encloses	7
enclosing	2
enclosure	6
enclude	7
encode	2
encoded	7
encodes	6
encoding	-36
encodings	6
encomienda	7
encompass	6
encompasses	6
encompassing	6
encore	6
encounter	-4
encountered	-4
encountering	7
encourage	-21
encouraged	-8
encouragement	4
encourager	7
encourages	2
encrusted	6
encrypted	6
encrypting	7
encryption	6
encrypts	7
encyclopedia	6
encyclopedias	7
encyclopedias--	7
end	-62
endanger	4
endangered	-13
endangering	7
endears	7
endeavor	6
endeavored	7
endeavors	6
endeavoured	7
endeavours	7
ended	-23
enderly	6
endevor	7
endgame	7
ending	-12
endlessly	7
endoderm	2
endorse	6
endorsed	2
endorsement	-9
endorsements	7
endorses	7
endowments	7
endpoint	-8
ends	-17
endure	6
endured	7
endures	7
enduring	-4
endy	7
enegetic	7
enemies	-6
enemy	-10
energies	7
energized	7
energy	-41
enewsletter	7
enfant	7
enfawr	43
enfolding	7
enforce	-8
enforceable	6
enforced	6
enforcement	-19
enforcing	4
eng	7
engage	-12
engaged	-18
engages	7
engaging	-2
engender	7
enghraifft	56
enghraifftc	18
enghreifftiau	38
engine	-17
engineer	-9
engineers	7
engines	-6
england	-26
english	-10
englishman	7
englishmen	7
englynion	18
engr	2
engrafiad	18
engrossed	7
engrossing	7
engulf	7
enhance	-6
enhanced	4
enhances	6
enharmonically	6
eni	32
enillodd	38
enillwch	18
enim	4
enitity	6
enjoy	-31
enjoyed	-20
enjoying	-12
enjoys	4
enlai	7
enlarge	6
enlarged	7
enlargement	7
enlargers	7
enlightened	7
enlightening	7
enlightenment	7
enlisted	7
enlistments	7
enlists	7
enliven	6
enlivened	7
enmity	7
ennill	38
ennyn	18
enola	2
enormous	-18
enormously	2
enough	-54
enquiries	6
enraged	7
enriched	6
enricher	7
enriching	6
enrichment	4
enrique	6
enriquez	6
enroll	6
enrolled	2
enrollment	2
enron	-64
enron_development	-20
enronxgate	-2
enshrined	6
enslaved	7
ensu	7
ensue	7
ensued	4
ensues	6
ensuing	6
ensure	-32
ensured	6
ensuring	2
entails	7
entangled	7
entanglement	7
enter	-33
entera	4
entered	-14
entering	-12
enterprise	-6
enterprises	4
entertain	6
entertained	2
entertainers	7
entertaining	6
entertainment	-18
enthralled	7
enthralling	7
enthusiasm	4
enthusiast	7
enthusiastic	6
enthusiastically	7
enthusiasts	7
enticing	7
entire	-35
entirely	-31
entirety	4
entities	-12
entitled	-9
entitlement	6
entitles	6
entity	-15
entourage	7
entrails	7
entrance	-10
entrances	7
entrants	7
entrap	7
entrapment	7
entrenched	6
entrepreneur	2
entrepreneurial	7
entrepreneurs	4
entries	-6
entrust	7
entrusted	4
entrusting	7
entry	-24
entrée	7
enumerated	7
enumeration	7
enunciated	7
envelope	-12
enveloped	7
envied	7
envious	6
environment	-41
environmental	-30
environmentalist	7
environmentalists	6
environmentally	6
environments	4
envision	6
envisioned	7
envisioneering	7
envisions	7
enw	59
enw'n	18
enw'r	18
enwau	43
enwau'r	32
enwebiad	18
enwebu	32
enwedig	43
enwi	18
enwog	46
enwyd	18
enzo	7
enzymatic	6
enzyme	-12
enzymes	-9
eorts	6
ep	7
epeat	7
ephemeral	7
epic	2
epicenter	7
epicurean	6
epidemiologic	7
epidemiological	7
epidemiologist	7
epidermal	7
epidural	7
epiphany	7
epipsychidion	7
episod	18
episode	-2
episodes	-4
episodic	7
epistemology	7
epithelia	7
epithelium	4
epithet	7
epithets	7
epitome	7
eponyms	7
eprovision	7
epsilons	7
eq	-15
equal	-20
equality	2
equalizer	7
equally	-20
equals	-64
equation	-13
equations	-6
equatorial	-24
equilibrated	7
equilibration	7
equilibrium	7
equip	7
equipe	7
equipment	-24
equipping	7
equitable	4
equity	-14
equivalency	7
equivalent	-15
equivalents	6
equus	2
er	62
er-	7
era	-27
eradicated	7
eraill	60
erally	7
erase	6
erased	6
erat	2
erb	2
erbamont	6
erbyn	61
erchyll	32
erechtheon	7
erect	7
erectile	6
erection	2
erections	4
erequest	7
erfyn	38
erg	7
ergo	7
ergogenesis	6
ergonomic	2
ergyd	18
erhead	7
eric	-15
erick	6
erickson	6
ericm	2
erik	6
erin	7
erioed	56
erl	7
erlyn	18
erm	7
ernest	14
ernst	-13
erodibility	7
eroding	7
eroro	7
eros	-20
erosion	-15
erosional	7
erotic	4
err	7
errands	7
errant	7
erroneous	4
erroneously	7
error	-23
errors	-4
errrrr	7
errrrrr	7
ers	56
erthygl	43
erthyglau	43
erupted	7
eruption	7
eryri	32
es	28
esboniad	43
esbonio	46
esboniwch	18
escalate	7
escalated	6
escalator	4
escalators	7
escapades	7
escape	-26
escaped	-14
escapees	7
escapes	4
escaping	2
eschew	6
eschewed	7
escort	4
escorted	7
escrow	7
eserver	4
esgid	18
esgidiau	38
esgob	18
esgor	18
esgus	32
esgusodion	32
esgyrn	18
eshbach	7
esiampl	32
esioes	32
esmtp	6
esmwythach	18
esophageal	7
especial	7
especially	-38
especialy	7
espectador	4
espionage	6
esplanade	7
espn	-6
espresso	6
esprit	7
esps	7
espy	7
esq	-4
essay	-6
essays	6
esse	7
essence	-8
essential	-21
essentially	-20
essentials	2
est	-9
esta	7
establish	-23
established	-30
establishes	-4
establishing	-8
establishment	-13
establishments	7
estate	-19
estate-	7
estates	6
esteem	-2
esteemed	7
estefana	7
ester	7
estimate	-15
estimated	-18
estimates	-4
estimation	7
estoppel	7
estrangement	7
estron	18
estroniaid	18
estroniaith	18
estronol	32
estuaries	7
estuary	7
estyna	18
estynedig	32
estyniad	18
et	-35
etc	-27
etcetera	7
etched	2
eternal	-6
eternally	6
ethanol	7
ethelberta	4
ether	7
ethereal	7
ethic	6
ethical	-12
ethically	7
ethicists	7
ethics	-24
ethnic	-9
ethnically	7
ethnicities	7
ethnicity	-4
ethnologist	6
etholaeth	18
etholiad	51
etholwyd	18
ethos	7
ethyl	4
etiam	7
etifeddiaeth	18
etifeddodd	18
etifeddol	18
etiopathogenesis	7
etiquette	7
etna	7
eto	60
eto'n	18
etora	7
etrade	7
etruscan	6
etymologies	7
etymology	7
eu	63
eugene	7
euh	6
euismod	7
eunuchy	6
euog	32
euraidd	18
eurasia	7
eurasian	7
eurchf	7
eurgbp	7
euro	6
europe	-32
european	-34
europeans	2
eurovision	19
eustacian	7
eustacy	7
eutrophication	7
eva	11
evacuate	6
evacuated	7
evacuation	7
evading	6
eval	7
evaluate	-4
evaluated	2
evaluation	-4
evaluations	4
evans	-30
evaporated	4
evaporating	7
evaporation	4
evasive	7
eve	-6
eveland	-6
evelyn	2
even	-64
evening	-32
evenings	2
evenly	2
event	-33
event-	7
events	-41
eventual	4
eventually	-30
ever	-57
eveready	7
everest	6
everglades	6
evergreens	7
evernote	7
everthing	7
everton	18
every	-61
everybody	-27
everybuddy	7
everyday	-10
everyone	-45
everything	-47
everytime	7
everywhere	-23
evgfp	-9
evict	7
evicted	6
evictions	7
evidence	-44
evidenced	-6
evident	-4
evidently	4
evil	-13
evildoers	7
evils	6
evinced	7
eviscerate	6
evocation	7
evocative	6
evoke	7
evoked	7
evoking	7
evolution	-27
evolutis	7
evolve	6
evolved	-10
evolves	2
evolving	4
evry	7
ew	4
ewch	48
ewrop	38
ewropeaidd	18
ewyllys	32
ewythr	18
ex	-13
ex-	2
exacerbated	2
exact	-18
exactions	7
exactly	-44
exacty	7
exaggerated	4
exaggerates	7
exaggerating	7
exaggeration	-2
exaggerations	2
exaggerator	7
exam	2
examination	-21
examinations	6
examine	-22
examined	-12
example	-58
examples	-32
exams	7
exam­inations	7
exasperated	7
exasperating	7
exasperation	-6
excalibur	7
excavate	7
excavated	7
excavating	7
excavation	7
exceed	6
exceeding	6
exceeds	6
excel	36
excelerator	6
excellence	8
excellent	-24
excels	7
excelsior	7
except	-34
excepting	7
exception	-9
exceptionals	7
excerpt	6
excerpts	4
excess	-13
excesses	4
excessive	2
exchange	-30
exchanged	2
exchequer	7
excise	7
excised	7
excited	-18
excitedly	4
excitement	-2
exciting	-22
exclaimed	4
exclaiming	7
exclaims	4
exclamation	2
exclude	7
excluded	-2
excluding	6
exclusion	7
exclusions	7
exclusive	-20
exclusively	4
excoriated	7
excruciating	4
excursions	4
excuse	-21
excused	7
exec	7
execs	7
execute	4
executed	2
execution	4
executive	-29
executives	-8
executor	7
exemplified	2
exemplify	7
exempt	7
exempted	7
exenron	7
exercise	-16
exercised	-4
exercises	2
exercising	2
exert	4
exerted	4
exertions	7
exhaled	4
exhausted	4
exhausting	7
exhaustion	-2
exhaustive	6
exhaustively	7
exhausts	7
exhibit	-23
exhibited	6
exhibiting	7
exhibition	-6
exhibitions	6
exhibits	-10
exhilarating	6
exhortation	7
exhortations	7
exile	2
exiles	6
exist	-20
existed	-10
existence	-18
existences	7
existing	-35
exists	-19
exit	-17
exited	7
exiting	7
exits	2
exocrine	4
exocrinopathy	6
exodus	7
exogamy	7
exon	7
exorbitantly	7
exorcise	7
exorcist	7
exotic	-4
exotica	4
expand	-12
expanded	-21
expanding	-4
expanse	7
expanses	7
expansion	-6
expect	-31
expectation	4
expectations	-13
expected	-35
expecting	4
expects	-4
expediently	7
expedite	6
expedited	-2
expediting	7
expedition	2
expeditions	6
expeditious	4
expelled	6
expelling	7
expended	7
expending	7
expenditures	7
expense	-19
expenses	-9
expensive	-26
experience	-39
experienced	-10
experiences	-8
experiment	-24
experimental	-19
experimentally	6
experimentation	4
experimenters	7
experimenting	4
experiments	-22
expert	-20
expertise	-4
expertly	7
experts	-13
expiration	7
expire	-6
expired	2
expires	7
expiry	7
explain	-33
explained	-29
explaining	-14
explains	-18
explanation	-21
explanations	2
explanatory	7
expletives	7
explicit	-4
explicitly	-8
explode	6
exploded	6
explodes	7
exploit	4
exploitable	7
exploitation	6
exploited	7
exploration	-8
explorations	7
explore	-24
explored	-2
explorer	-14
explorers	2
explores	7
exploring	-2
explosed	7
explosion	-6
explosions	7
explosive	6
explosively	6
explosives	7
expo	7
exponential	7
exponentially	7
export	-4
exported	7
exporter	7
exporting	6
exports	6
expos	-2
expose	6
exposed	-17
exposes	4
exposing	7
exposition	-16
exposition–	7
exposure	-13
exposures	4
express	-23
expressed	-28
expresses	-2
expressing	6
expression	-43
expressionless	7
expressions	-12
expressive	4
expressly	7
expressways	7
expulsion	7
exquisite	6
ext	-9
extant	7
extend	-24
extendable	7
extended	-29
extendible	7
extending	-2
extends	-9
extensible	6
extension	-32
extensions	-10
extensive	-15
extent	-22
exterior	4
external	-8
externalities	7
externality	7
externally	7
externals	7
extinct	4
extinction	-2
extinguish	7
extinguished	7
extolling	7
extort	7
extortionate	7
extra	-26
extracellular	6
extract	2
extracting	6
extraction	6
extractions	7
extracurricular	2
extracurriculars	7
extradited	7
extradition	6
extraneous	7
extraordinaire	6
extraordinarily	2
extraordinary	-12
extrapolate	7
extraterrestrial	7
extraterrestrials	6
extravagance	7
extravagant	6
extravaganza	7
extreme	-2
extremely	-21
extremism	6
extremist	4
extrinsic	7
exuberance	7
exuberant	7
exudes	7
eye	-33
eyeballs	7
eyebrow	-2
eyebrows	7
eyed	-4
eyeing	7
eyeless	7
eyelids	2
eyes	-51
eyesight	6
ezinearticles	7
eziyeti	7
ezra	7
ezzie	7
e·c	19
e·c·f	7
e·c·g	6
e·c·l	7
e·c·t	-17
e·d·t	-24
e·e	18
e·e·s	-10
e·f·t	7
e·i·a	7
e·n·e-n·s	7
e·o·d	7
e·p·a	-16
e·p·r	-27
e·r·p	7
e·s·c	6
e·s·q	6
e·w·s	7
f	-21
f'arglwydd	18
f-	-10
f-ing	6
f_	4
faa	7
fab	16
fabiola	7
fabled	7
fabric	4
fabricated	7
fabricating	6
fabrication	7
fabrics	4
fabulous	-4
fabulously	7
face	-55
facebook	-4
faceboook	7
faced	-13
faceless	7
faces	-19
facetiously	7
facets	7
faceup	7
fach	50
fachgen	32
fachlud	18
fachu	32
facial	7
facially	7
facil	7
facilisi	7
facilisis	6
facilitate	-9
facilitating	7
facilitation	7
facilities	-20
facility	-12
facing	-21
faco	18
fact	-60
fact-	7
faction	6
factor	-20
factories	-9
factors	-32
factory	-21
facts	-32
faculty	-4
fadarch	18
faddau	32
fadder	7
fade	6
faded	2
fades	4
fading	6
fads	7
fae	18
faerie	6
faery	7
faesyfed	18
fagais	18
fagan	7
fagu	18
fagwyd	18
fahrenheit	4
fai	18
faidd	18
fail	-24
failed	-26
failing	-10
failings	7
failure	-30
failurelimited	7
failures	-9
fain	32
faint	54
fainted	4
faintly	4
fair	-39
fairies	7
fairly	-15
fairport	7
fairs	7
fairy	2
fairytale	7
faith	-34
faithful	2
faithfully	6
faithfuly	7
faiths	7
fake	-6
fakes	7
faking	6
fala	7
falch	51
falconesque	7
falender	7
fall	-36
fallacy	2
fallen	-17
falling	-21
falloff	7
fallout	7
falls	-30
false	-24
falsely	4
falseness	7
falter	7
falters	7
fam	51
fame	-18
familar	7
familial	6
familiar	-28
familiarity	4
families	-39
family	-54
famous	-34
fam­ily	7
fan	37
fanatics	6
fanceinion	18
fancies	7
fanciest	7
fanciful	7
fancifully	7
fancy	-9
faneca	7
faner	38
fangor	18
fangs	4
fanhouse	6
fanion	18
fanling	4
fanned	6
fannie	-14
fans	-22
fantan	7
fantasized	7
fantastic	6
fantastic-	7
fantasy	-4
fanteisiol	18
fanwl	32
fanwoody	7
fanylion	43
far	-53
faraway	7
farbaraidd	32
farce	6
farchnad	48
farchogaeth	18
fardd	18
fare	4
fares	7
farewell	7
farfrae	7
fargen	43
farley	7
farm	-6
farmed	7
farmer	-9
farmers	-12
farmhouse	7
farming	-9
farmland	4
farmlands	7
farms	2
farn	51
farnell	-6
farnsworth	7
farouk	7
farr	7
farrar	7
farrell	18
farther	-10
farthest	6
farw	38
farwol	18
farwolaeth	38
fasa	18
fasano	7
fasat	32
fascias	7
fascinate	7
fascinated	6
fascinates	7
fascinating	-12
fascination	6
fascism	6
fashion	-24
fashionable	2
fashioned	7
fashionista	7
fashionistas	7
fashions	7
fasnachwr	18
fast	-38
fasteners	6
faster	-13
fasting	6
fastly	7
fat	-15
fatal	2
fatale	-8
fataleand	7
fate	-13
fateful	7
fater	43
fath	56
father	-38
fathers	4
fathima	7
fathom	7
fatigue	7
fatter	7
fatua	6
fauci	18
fault	-26
faulted	6
faulting	-6
faults	-9
faulty	6
fauna	7
faux	7
fav	4
fave	7
favor	-19
favorable	6
favored	2
favorite	-28
favorites	2
favors	2
favour	6
favourite	7
favourites	7
favours	7
favrd	7
favs	7
fawr	61
fawrth	18
fax	-24
faxed	4
faxes	7
façade	-9
façades	7
fbi	-22
fdded	7
fe	62
fe'i	38
fe'm	38
fe'n	32
fe'th	18
feacalc	4
fear	-32
fearful	7
fearing	4
fearsome	7
feasibility	7
feasible	4
feast	4
feasting	7
feat	7
feathers	4
feats	7
feature	-29
featured	-2
featureless	7
features	-35
featuring	4
feb	-27
febian	2
february	-24
fed	-10
fedal	18
fedd	18
feddalwedd	46
feddw	32
feddwl	53
feddyg	18
feddyliai	18
federal	-47
federalize	7
federally	7
federated	7
federation	-15
fedex	-14
fedra	32
fedraf	32
fedrai	32
fedrant	18
fedri	43
fedru	32
fedrwch	38
fedrwn	38
feds	7
fee	-19
feeblest	7
feed	-10
feedback	-6
feeder	7
feeding	-2
feeds	4
feel	-53
feelin	7
feeling	-40
feelings	-10
feels	-30
feely	7
fees	-21
feet	-37
feibion	43
feibl	32
feic	18
feigns	7
feik	7
feingold	6
feinstein	7
feirniad	32
feirniadaeth	18
feirniadu	18
feist	2
feistr	38
feisty	7
feithrinfa	32
fel	63
feld	7
feldman	6
felecia	7
felen	18
felicia	7
felicity	7
feline	7
fell	-37
fellow	-21
fellows	6
fellowship	6
fellowships	7
felly	61
felly'n	38
felonies	7
felt	-43
felyn	32
felynu	18
female	-24
females	-8
feminine	-2
femininity	7
feminino	7
feminised	7
feminism	7
feminist	-6
feminists	7
femme	-12
fence	-6
fences	7
fencing	7
fenders	7
fendigedig	18
feng	4
feniger	7
fenton	2
fentonite	7
fenway	7
fer	19
ferch	51
ferf	18
fermentation	6
fermented	7
fermentum	7
fern	7
fernández-	7
ferried	7
ferries	-4
ferry	-22
ferryboat	7
ferryboats	7
fersiwn	59
fertile	2
fertility	7
fertilization	7
fertilized	6
fertilizer	6
fervent	7
ferwi	32
fest	7
festered	7
festering	7
festival	-8
festivals	6
festooning	7
fesul	43
fetch	2
fetched	6
fetches	7
fetching	7
feted	7
fetel	18
fethu	32
fetsoran	7
fetters	7
fetus	-14
fetuses	2
feudal	7
feudalism	7
feunyddiol	18
feverently	7
feverish	7
feverishly	7
few	-55
fewer	-15
fewest	6
fewn	58
ff	-4
ffa	43
ffactor	18
ffafr	18
ffaith	32
ffan	32
ffansi	18
ffantasi	18
ffarwel	32
ffarwelio	32
ffash	18
ffasiwn	46
ffatri	32
ffederal	32
ffedog	18
ffefryn	32
ffefrynnau	38
ffeil	43
ffeiliau	32
ffeiliau'n	18
ffeindio	32
ffeindio'r	32
ffeithiol	18
ffenestr	50
fferins	32
fferm	46
ffermdy	18
ffermwr	32
ffermwyr	18
fferm”	18
ffeuen	18
fff	7
ffig	18
ffili	18
ffilm	48
ffilmiau	38
ffilter	18
ffin	43
ffitio	18
ffit”	18
fflat	18
fflwff	18
fflwfflyd	18
ffodus	18
ffolach	18
ffonau	46
ffoniwch	18
fforc	32
ffordd	59
fforddolion	18
ffordd”	18
fformat	18
ffoto	43
ffotograffydd	18
ffotos	38
ffraeo	18
ffrainc	52
ffrancwyr	18
ffrangeg	43
ffrengig	32
ffres	32
ffreutur	32
ffrind	43
ffrindiau	50
ffrio	18
ffriwch	32
ffrwydro	18
ffrwyth	18
ffrwyth'	18
ffrwythau'	18
ffrwythau'n	18
ffrynt	18
ffrâm	18
ffug	32
ffuglen	18
ffurf	38
ffurfiais	18
ffurfio	43
ffurfio'n	18
ffurflen	32
ffwng	43
ffwngaidd	18
ffwrdd	46
ffwythiannau	18
ffwythiant	32
ffyddlon	38
ffyddlondeb	18
ffyngau	43
ffynhonnell	18
ffynnon	38
ffynonellau	38
ffyrdd	50
ffyrnig	18
ffyrnigaf	18
ffón	18
ffôn	51
fh	7
fhe	7
fi	61
fi'n	48
fiancè	7
fiancèe	7
fiancé	7
fiancés	7
fiasco	6
fiat	18
fiathuwpuw	18
fiber	6
fibers	4
fibonacci	7
fibres	7
fibroblast	-4
fibroblasts	-31
fibrogenesis	7
fibrous	7
ficam	7
fickle	7
ficlet	-2
ficlets	4
fiction	-10
fictional	6
fictions	7
fictitious	7
fiddle	7
fiddled	7
fidel	7
fidelity	6
fideo	43
fidgeting	7
fidi	7
fidm	7
fido	7
fidole	7
fiefdoms	7
field	-30
fielder	7
fielding	7
fields	-10
fieldstone	7
fieldworkers	7
fiend	7
fienna	18
fierce	-4
fiercely	7
fiery	4
fiesta	-2
fifteen	-40
fifteen-	7
fifteenth	-13
fifteenths	-6
fifth	-23
fifties	7
fiftieth	6
fifty	-60
fifty-	7
fig	-35
figaro	7
fight	-35
fighting	-23
fights	4
figlnk	4
figment	7
figuero	7
figurative	7
figuratively	4
figure	-54
figured	-16
figures	-26
figuring	7
fiji	7
fil	37
file	-19
filed	-27
files	-26
filesystem	6
filfed	18
filing	2
filipino	7
filippo	7
filiwn	38
filiynau”	18
filiynydd	18
fill	-26
filled	-33
fillet	7
filling	-13
fillings	7
fillmore	7
fills	-2
film	-42
filmed	7
filmmaker	6
filmmakers	6
filmmaking	-2
films	-15
filoedd	32
filter	-8
filtered	6
filtering	7
filters	2
filtration	7
filwrol	18
filwyr	18
fin	31
final	-36
finale	7
finalize	6
finalized	6
finalizing	7
finally	-49
finals	6
finalsiteu	7
finance	-16
financed	2
finances	6
financial	-54
financially	2
financing	-8
find	-62
findable	7
finder	7
findfood	6
finding	-26
findings	-24
findlaw	7
findmidden	6
finds	-23
fine	-40
fined	7
finegr	18
finely	6
finer	2
finest	4
finf	7
finger	-13
fingered	6
fingernail	6
fingerprint	6
fingerprints	6
fingers	-30
fingertips	7
finiog	18
finish	-27
finished	-33
finishes	6
finishing	-9
finite	-8
finke	7
finklesteins	7
finland	7
finnish	2
finny	7
fire	-40
firearms	6
fired	-13
firefighters	7
fireflies	7
firefly	7
firefox	10
firehouses	7
firemen	7
fireplace	-6
firepower	6
fireproof	7
firewood	7
firing	4
firings	7
firm	-26
firmly	-6
firmness	7
firms	-32
first	-64
first-	7
first-rate	4
firsthand	7
firstly	6
firstname	7
firws	38
fis	18
fiscal	-20
fiscally	2
fischer	6
fish	-28
fished	6
fisher	6
fisheries	-12
fisherman	-6
fishery	7
fishface	7
fishing	-21
fishkill	4
fishnet	7
fisoedd	18
fisol	18
fist	6
fists	7
fit	-29
fitch	6
fitness	-2
fits	-6
fitted	2
fitter	6
fitters	7
fittest	7
fitting	2
five	-64
five-	7
five-year	6
fives	4
fix	-20
fixable	7
fixed	-23
fixer	7
fixing	2
fixings	7
fjbg	7
fla	7
flab	7
flabbergasted	7
flaen	46
flaenau	18
flaenllaw	18
flaenorol	18
flag	-8
flagged	7
flags	4
flagship	7
flagstaff	7
flagstoned	7
flail	7
flailing	6
flair	4
flake	32
flaky	7
flame	10
flamehanging	7
flames	6
flaming	7
flamingo	-12
flanagan	32
flanked	4
flannel	7
flapping	2
flare	4
flared	6
flareup	7
flash	-12
flashback	7
flashed	-2
flashes	6
flashier	7
flashing	6
flashlight	6
flashpoint	7
flasus	50
flat	-20
flatly	6
flats	6
flatscreen	7
flatscreens	7
flattening	7
flatter	4
flattered	7
flattery	6
flatwater	7
flavor	4
flavored	7
flavors	4
flavoured	7
flaw	6
flawd	18
flawed	2
flawless	7
flaws	6
flea	7
flecked	7
flecks	7
fled	-2
fledged	2
fledgling	7
fleeced	7
fleeing	4
flees	6
fleet	7
fleeting	2
fleets	7
flendish	7
flesh	-8
fleshy	6
fletcher	6
flew	-6
flexibility	-12
flexible	6
flexibly	7
flick	7
flicker	7
flickered	6
flicking	7
flies	-6
flight	-27
flights	-15
flimsy	7
flin	58
flinched	6
flinders	7
fling	6
flinging	7
flings	7
flino'r	18
flint	-2
flintlock	7
flip	6
flipped	4
flipping	7
flips	4
flirt	7
flirting	7
flit	7
flits	7
float	4
floated	6
floating	-17
floats	-2
flock	4
flodau	32
flood	5
flooding	6
floodlamps	7
floodplain	2
floods	7
floor	-42
floorboards	7
flooring	6
floors	-6
floppies	7
floppy	7
flora	19
floral	6
florally	7
florence	6
florida	-22
flotilla	7
flotillas	7
floundering	7
flour	7
flourish	6
flourished	-8
flourishes	7
flourishing	6
flout	7
flow	-22
flowed	6
flower	2
flowered	7
flowering	6
flowers	-17
flowing	-8
flown	-2
flows	-4
floyd	-9
flu	-10
fluanting	7
fluctuation	7
fluently	7
fluff	7
fluffy	-4
fluid	2
fluidity	6
fluke	7
flume	2
flung	4
fluorescent	7
fluoride	7
flush	6
flushed	7
flustered	6
flute	6
fluted	7
flutter	6
fluttered	7
fluttering	7
flutters	7
fluvial	7
flux	7
flwyddyn	57
fly	-20
flyer	7
flyin	7
flying	-38
flylip	6
flynedd	32
flynyddoedd	43
flyswatter	7
flywyddyn	32
fm	-4
fm/~four	2
fmla	7
fo	51
fo'r	32
foam	7
fob	7
focal	4
fochyn	18
focus	-29
focused	-20
focuses	2
focusing	-8
fod	63
fodd	48
fodder	6
foddi	18
foddlon	18
foddlonir	18
fodlon	43
fodrwy	18
fodryb	18
foe	6
foes	7
foethi	18
fog	2
foggiest	7
foggy	6
fol	32
fold	-2
folded	-6
folder	-2
folders	-10
folding	-10
foldswordm	7
foley	7
folio	7
folk	13
folklore	2
folks	-20
folksong	7
folktales	7
follies	7
follow	-44
follow-	7
follow-up	-14
followathese	7
followed	-37
followers	-10
followfthese	7
following	-49
followjthese	6
followng	7
followqthese	7
follows	-27
follows-	7
followup	7
followwthese	7
folly	6
foment	18
foncyff	18
fonder	7
fondest	7
foneddigaidd	18
foneddwr	18
fong	6
font	-6
fontographer	7
food	-51
foodies	7
fook	7
fool	-16
fooled	7
foolish	-2
fools	7
foot	-24
footage	2
football	-20
foothill	7
foothills	7
foothold	6
footnote	7
footnotes	7
footprint	-9
footstep	6
footwear	2
for	-64
for-	6
forage	-16
forager	-14
foragers	-24
foraging	-18
foray	7
forbade	7
forbearance	7
forbid	7
forbidden	16
forbidding	7
forbids	7
forcast	7
force	-38
forced	-26
forcefully	7
forces	-34
forces-	7
forcesin	7
forcing	6
forcruz	-16
ford	4
fore	16
forearmed	7
forebears	7
foreboding	7
forebodings	7
forecast	2
foreceful	7
foreclosure	6
foreclosures	7
forefathers	6
forefront	7
foregoing	7
foreground	6
forehead	2
foreign	-36
foreigner	6
foreland	7
forelimb	-2
foreman	6
foremost	2
forensics	6
foreseen	6
foreshadow	7
foreshadowed	7
foreshadowing	7
foreshadows	7
foresighting	7
forest	-18
forestall	7
forested	7
forever	-26
foreward	7
forewarned	7
foreword	7
forex	-8
foreyard	6
forfeited	7
forge	6
forged	6
forget	-30
forgetful	7
forgetting	2
forgive	-6
forgiven	7
forgiving	6
forgot	-10
forgotten	-18
fork	2
forks	7
form	-52
form-	7
formal	-23
formaldehyde	6
formalities	7
format	-10
formation	-16
formations	6
formed	-19
former	-37
formerly	-6
formidable	2
forms	-33
formula	2
formulas	4
formwork	7
forrester	4
fort	-1
forte	2
forth	-28
forthwith	6
forthwyl	18
forties	7
fortifications	7
fortified	4
fortitude	7
forts	6
fortuitous	6
fortunate	4
fortunately	-2
fortune	-9
fortunes	2
fortuneteller	7
forty	-64
forty-five	6
forum	-8
forums	2
forward	-43
forwarded	-19
fory	38
fossil	4
fossils	6
foster	-10
fostering	7
fosters	4
fotwm	18
fought	-13
found	-59
foundation	-24
foundational	7
foundations	-6
founded	-23
founder	-4
founders	4
founding	4
foundling	7
foundry	7
fountain	4
fountains	6
four	-52
four-	6
four-year	6
fours	6
fourteen	-51
fourteen-	7
fourteenth	-20
fourth	-30
fourths	-9
four~it	7
foward	7
fowl	7
fowlenzia	7
fowler	4
fox	-2
foxes	7
foxx	7
foyer	4
fr	4
fraction	-10
fractioned	7
fractions	6
fracture	7
fractured	2
fradwr	18
fragile	-2
fragmented	7
fragments	6
fraich	18
frame	-16
framed	-2
framers	-20
frames	-4
framework	-6
framing	4
fran	4
france	-20
franchise	7
francis	23
francisco	-20
francisk	7
francois	7
franglais	7
frank	-18
franken	6
frankfort	7
franklin	-4
frankly	-15
franks	-4
frantically	4
française	7
françois	7
frappaccino	7
frapuccino	7
fraternal	6
fratres	6
frau	18
fraud	-10
fraudprevention	7
frauds	4
fraudsters	6
fraudulent	-2
fraught	7
frawd	51
frawddeg	38
frawddegau'n	18
fray	7
freak	4
freaked	7
freaking	2
freaklink	7
freaks	7
freazer	7
freckles	6
fred	-10
fred-franzia-wine-s-archie-bunker-with-a-dose-of-donald-trump-one	7
freddie	-4
freddy	7
frederick	6
fredric	6
fredrick	6
fredrickclifton	7
free	-57
freebies	18
freed	4
freedom	-14
freedoms	6
freegan	7
freelance	2
freely	-6
freeman	7
freer	7
freestyle	7
freeway	7
freeways	7
freeze	2
freezer	7
freezing	4
freighters	6
fremont	6
french	-38
frenchman	7
frenetic	7
frenhines	18
frenhiniaeth	18
frenin	18
frenzied	4
frenzy	4
frequently	-18
frescoes	7
fresh	-23
freshly	6
freshman	6
freshwater	6
fresno	7
frethyn	18
freud	4
freudtoy	7
frevert	7
freyja	7
fri	-26
frick	6
friction	7
friday	-33
friday–	7
fridge	6
fried	4
friedmans	7
friedrich	7
friend	-48
friendlier	7
friendly	-12
friends	-47
friendship	-8
friendships	6
frieze	7
friezes	7
fright	4
frightened	6
frightening	7
frilly	7
frin	7
fring	7
fringe	7
fringes	7
frite	7
fritos	7
frittata	18
fritter	7
frivolity	7
frivolous	4
frizzy	6
frodo	6
frodorol	38
frog	7
froggy	7
frogs	7
frogtown	7
frolicking	7
frolio	18
from	-64
fromhorse	7
fron	7
frond	6
front	-47
frontal	7
frontiers	6
frontón	7
frost	7
frosted	7
frown	20
frowned	-4
frowning	7
frowns	7
froze	7
frozen	-10
fruit	10
fruitful	7
fruitless	6
fruits	-2
frustrating	2
frustration	6
frustrations	7
frwd	32
frwydr	18
fry	4
fryn	18
frys	7
ft	-8
ft-	7
ftp	7
fu	21
fu'n	32
fuan	48
fuck	-8
fuckable	7
fuckin	7
fucking	-6
fuckingbastards	7
fucks	7
fuckyeahalltimelow	7
fuckyeahjohnohhh	7
fuddugol	18
fuddugoliaeth	18
fudge	7
fudo	18
fuel	-13
fuels	2
fugato	-6
fugitives	7
fui	7
fujitsu	7
fulfil	7
fulfill	4
fulfilled	4
fulfillment	7
fulfills	6
fulkerson	6
full	-48
full-blown	7
full-size	7
fuller	2
fully	-35
fumble	7
fumbling	6
fumed	7
fumes	7
fumi	7
fun	-40
funcml	7
function	-43
functionable	7
functional	-6
functionalism	7
functionalist	7
functionality	2
functionally	2
functioned	7
functions	-13
fund	-42
fundamental	-16
fundamentals	7
funded	-2
funding	-20
fundraiser	6
fundraising	6
funds	-31
funeral	4
funerals	7
funerary	7
fung	7
funicular	7
funk	6
funniest	7
funny	-24
funud	19
fuodd	32
furddun	18
furever	7
furiau	18
furikake	7
furious	-2
furiously	6
furlough	7
furman	7
furnace	6
furness	7
furnish	4
furnished	7
furnishing	7
furnishings	6
furniture	-17
furrow	7
furrowed	6
furry	2
furs	6
further	-48
furthered	6
furthering	7
furthermore	-16
fury	7
fusce	7
fusing	7
fusion	7
fusnesau	18
fuss	4
fussy	7
futile	2
futilely	7
futility	7
future	-46
futurenow	7
futures	2
futuristic	7
fuzzier	7
fuzzy	6
fvlmb	7
fvlnk	7
fvxvg	7
fvy	6
fw	7
fwcio	18
fwd	7
fwiw	7
fwpk	7
fwrdd	52
fwriadwyd	32
fwy	61
fwyaf	58
fwyd	55
fwydlen	18
fwydo	18
fwydo'i	18
fwynhau	32
fwyta	32
fwzdu	7
fx	7
fxstreet	7
fy	63
fycolegol	18
fyd	32
fyd-eang	18
fydd	61
fydda'	18
fyddaf	46
fyddai	53
fyddai'n	32
fyddai'r	32
fyddan	38
fyddar	18
fyddech	32
fyddi	32
fyddwch	18
fyddwn	32
fydr	7
fye	2
fyfyriwr	18
fygu'r	18
fyi	2
fyi-i	7
fynd	61
fynegeio	18
fynegi	18
fynegiant	18
fynn	38
fynnont	32
fyny	52
fynyddoedd	18
fyqyg	7
fyr	46
fysedd	18
fyth	38
fyw	50
fywyd	48
f·a·a	7
f·a·q	7
f·b	4
f·b·c	7
f·b·s	4
f·c	7
f·d·r	38
f·e·v	7
f·f	7
f·h·m	7
f·l	19
f·n·c	7
f·n·s	7
f·p	7
f·r	7
f·r·e	7
f·t·c	6
f·t·g-s·t·g-f·t·g	7
f·t·l	7
f·w	4
fân	38
fôr	18
f–d	7
g	-31
g-	4
ga	-13
gaahhh	7
gaan	7
gaba	-20
gabaergic	7
gabbana	7
gable	7
gabriel	-4
gad	-13
gadael	55
gadair	32
gadarnhaol	32
gadarnhau	18
gadarnhau'r	18
gadawodd	32
gadewch	48
gadget	4
gadgets	4
gadgetwise	7
gadw	48
gadw'r	18
gadwyn	18
gaead	18
gaeaf	38
gaeedig	18
gael	63
gaelic	6
gaer	18
gaerfyrddin	18
gaethion	18
gafael	32
gaffael	18
gaffe	2
gafodd	43
gag	6
gaga	7
gaglines	7
gagn	7
gah	7
gail	4
gailhaguet	-10
gaiman	7
gain	-28
gained	-9
gaining	2
gains	-4
gainsaying	7
gair	57
gait	7
gal	7
gala	7
galactic	7
galay	6
galchen	18
galed	51
galehead	7
gall	60
gallaf	43
gallagher	6
gallai	32
galleria	6
gallerie	7
galleries	2
gallery	-9
gallet	18
galley	7
gallons	7
gallows	7
gallu	60
galluoga	18
galluogi	32
gallwch	50
gallwn	43
galon	18
galore	7
galw	53
galw'n	18
galw'r	32
galwad	32
galwadau	32
galway	32
galwodd	52
galwyd	38
gam	34
gamau	18
gambler	7
gamblers	6
gambling	-16
gamddealltwriaeth	18
gamddehongli'r	18
game	-40
gamechangers	7
gamefacegaming	7
gamer	7
gamerdna	7
games	-25
gaming	-4
gamino	6
gampfa	18
gampws	18
gamut	6
gan	63
ganddi	55
ganddo	57
ganddo'r	18
ganddoch	18
ganddyn	43
ganddynt	50
gander	7
ganed	32
ganeuon	18
ganfod	18
gang	-2
gangen	32
ganges	46
gangly	7
gangplank	7
gangs	2
gangster	7
ganlyniad	32
ganlynol	18
ganmol	18
gannoedd	32
ganol	46
ganolbwynt	18
ganolbwyntio	38
ganolfan	43
ganrif	32
ganslo	18
gant	23
gantores	18
ganu	48
ganwyd	18
gap	-14
gaped	6
gaping	6
gaps	4
gar	38
garafán	18
garage	4
garbage	2
garcharor	18
garcharu	38
garcia	4
gardd	18
garddio	18
garde	7
garden	-28
gardeners	7
gardens	-13
gardez	7
gardner	6
garedig	43
garej	18
garejys	18
gareth	32
gariad	43
gariadon	18
garish	6
garki	7
garland	7
garlic	4
garlicky	7
garment	4
garments	4
garmin	4
garnais	18
garnishes	7
garret	7
garrod	18
gartref	43
garu	18
garw	18
garwdiroedd	18
garwr	18
gary	16
gas	-19
gasgliad	32
gasglu	18
gaskets	6
gasnewydd	18
gasoline	4
gasp	2
gasped	6
gasping	7
gasps	2
gaston	7
gastrointestinal	7
gate	-12
gategoreiddio	18
gategorïau	18
gates	-9
gateways	6
gath	48
gather	-9
gathered	-15
gatherer	7
gathering	-10
gatherings	4
gathers	6
gatholig	18
gators	-2
gatts	6
gau	48
gaudens	7
gaudy	7
gaudí	7
gauge	7
gaussians	6
gave	-44
gavel	4
gavin	18
gawl	18
gawn	18
gay	-26
gaydar	7
gayhistory	6
gays	4
gaze	10
gazed	4
gazes	7
gazing	6
gd	-22
gdb	7
gdp	-2
ge	7
gear	6
geared	6
gearing	7
gears	6
ged	4
gedb	7
gee	4
geek	-16
geeking	7
geeks	7
geese	6
geesey	-4
geev	7
geez	7
geezers	7
gefais	43
geffyl	18
gefn	32
gefnder	18
gefndir	18
gefndiroedd	32
gefnogaeth	18
gefnogi'r	18
gefnogwyr	18
geg	18
gegin	38
gehen	6
gehry	-15
geidwadaeth	32
geidwaid	18
geifr	18
geilw'r	18
geiniog	18
geir	18
geirchwiliwr	18
geirfa	18
geiriadur	32
geiriadurol	18
geiriaduron	18
geiriau	56
geisio	46
geisio'i	18
geisiodd	18
geisiwn	18
geithner	7
gelbart	7
geldof	7
gelert	18
gelfyddydau	32
gell-	7
gellar	7
gelles	7
gelli	32
gellir	51
geltaidd	32
geltiaid	18
gelwir	52
gelwydd	18
gelyn	18
gem	7
geminia	7
gemstone	7
gemstones	7
gen	38
gender	-10
genderless	7
gene	-15
genedl	46
genedlaethol	18
general	-51
generalizability	7
generalization	7
generalizations	7
generalize	7
generalized	7
generally	-28
generals	7
generate	-6
generated	-14
generating	4
generation	-35
generations	-12
generative	7
generators	-17
generic	-6
generically	7
generosity	2
generous	-18
generously	4
genes	4
genesis	7
genetic	-13
genetically	7
geneticorp	7
geneva	7
geneviève	7
genhadaeth	18
genhedlaeth	18
genhedloedd	18
geni	32
genial	6
genie	4
genies	7
genitals	6
genius	-6
geniuses	7
gennau	18
gennifer	7
gennych	50
gennyf	52
gennym	53
gennyt	43
geno	7
genocide	2
genoese	4
genre	-6
gens	7
genteel	7
gentile	7
gentle	-4
gentleman	-4
gentlemen	-15
gentler	7
gently	-10
gents	7
genuine	-12
genuinely	4
geoff	7
geoffrey	7
geographic	2
geographical	4
geographically	7
geography	-8
geological	2
geologically	7
geologies	7
geologists	6
geology	7
geometric	7
geometrical	6
geometrically	7
geometry	7
geomorphic	6
geophoto	7
geophysical	7
geopolitical	7
george	-1
georgeanne	6
georgetown	7
georgia	-10
georgian	4
georgie	7
geothermal	6
ger	38
gerald	16
gerbron	18
gerdd	18
gerdded	43
gerddi	18
gerddoriaeth	48
gerddorion	18
gerddorol	18
gerdyn	18
geriach	18
geritol	7
germ	6
german	-12
germanic	4
germans	2
germany	-9
gernisht	7
gershwin	7
gert	32
gertie	7
gertrude	7
ges	18
gestation	7
gesture	-4
gestured	6
gestures	2
gesturing	7
gestyll	32
get	-64
getaway	7
getaways	6
getcase	7
gethin	18
getix	7
gets	-40
gettin	4
getting	-51
gezellig	7
ggjf	7
ghana	-4
ghetto	7
ghi	7
ghille	7
ghost	-6
ghosts	7
ghraib	7
ghz	7
gi	38
gia	6
gianna	-14
giannini	7
giant	-22
giants	2
gibbs	-49
gibbs-	6
giblet	7
gibson	6
gic	18
gicio	32
giddy	2
gif	7
gift	-47
gifted	4
gifting	6
gifts	-26
gift”	18
gig	23
gigabytes	6
gigantic	-2
gigaom-twitters	7
giggle	4
giggled	2
giggling	2
gignet	7
gigog	32
gigs	6
gihon	7
gilbertian	7
gilded	7
giles	-2
gilliam	7
gillnets	7
gills	7
gilometrau	18
gilt	7
gilydd	54
gimmick	6
gin	19
ginger	7
gingerly	6
gingl	7
ginio	32
ginsburg	2
ginseng	7
girl	-40
girlfriend	-6
girlfriends	4
girls	-32
giroux	7
girth	6
giselle	2
gish	7
gist	18
git	7
gita	7
gitex	7
giuliani	-2
give	-58
giveaway	4
giveaways	7
given	-49
gives	-36
giving	-33
gizmodo	7
gizzard	7
gjnzwiza	7
gk	7
gkermit	7
glacial	7
glaciers	2
glad	-22
gladdu	18
glade	7
gladly	4
gladys	6
glamorous	2
glance	-13
glanced	-10
glances	2
glancing	-2
gland	-2
glands	-2
glanweithdra	18
glare	7
glared	2
glares	6
glaring	7
glas	43
glasnost	7
glass	-34
glasses	-8
glassner	7
glassware	7
glasuron	32
glaswellt	18
glaw	46
glazed	7
gleam	7
gleamed	6
gleaming	2
glean	7
gleaned	4
gledhill	6
glee	4
glefyd	18
glen	7
glenn	2
glens	7
glided	7
glides	7
glimmer	6
glimpse	-4
glimpses	4
glint	7
glinting	6
glir	38
gliriach	18
glirio	32
glirio'r	18
glistening	7
glitch	7
glitches	7
glitter	7
glittering	6
glo	38
gloat	7
gloating	7
global	-35
globalized	7
globally	4
globe	-2
globs	7
gloch	54
gloch”	18
glogyn	18
gloi	18
glomerular	6
gloom	4
gloomy	7
gloria_feb	7
glories	7
glorieta	7
glorified	6
glorious	4
glory	-6
gloss	7
glossary	7
glossette	7
gloucester	4
glover	2
gloves	4
glow	-18
glowering	7
glowfeed	7
glowing	2
glows	7
glucose	-8
gludo	18
glue	7
glued	7
glutted	7
glwb	32
glycerol	6
glycoprotein	6
glycosaminoglycane	7
glyfar	32
glynu'r	18
glywais	18
glywed	55
glywodd	18
gm	4
gmail	13
gmarketingstrategies	7
gnarled	6
gnat	7
gnews	7
gnocchi	18
go	-24
goal	-38
goals	-31
goat	-4
goats	6
gobaith	38
gobeithio	58
goch	48
god	-34
goddamn	7
goddamned	7
goddess	-8
goddesses	7
goddiweddyd	18
godfred	4
godfred_nana	7
godfrednana	7
godfrey	6
godi	53
godlike	7
gododd	32
gods	-4
godzilla	7
goed	18
goeden	18
goedwig	18
goers	7
goes	-25
goesau	18
gofal	18
gofalu	43
gofalus	18
goffee	7
gofio	18
gofio'r	32
gofnod	18
gofod	18
goforward	7
gofrestru	38
gofyn	59
gofynion	18
gofynnes	18
gofynnodd	43
goginio	48
goginio'n	18
gogledd	43
gogs	32
goh	7
gohirio	18
goin	-6
going	-64
goingto	7
gokeep	7
golau	32
golchi	32
golchwch	18
gold	-34
goldemberg	4
golden	-13
goldens	7
goldey-	6
goldie	6
goldman	2
golds	7
goldsword	7
goldway	7
goleg	18
golems	7
golf	-19
golfing	7
golgotha	7
goll	32
golli	38
gollwng	38
golly	7
golon	18
golwg	43
golyga	32
golygfeydd	18
golygu	48
golygu'r	38
golygus	18
golygydd	18
gone	-45
gonest	18
gong	6
gonif	7
gonintendo	4
gonna	-38
gonzales	7
good	-64
good-bye	6
goodbye	-4
goodbyes	7
goode	6
goodhue	7
goodies	7
goodman	6
goodness	6
goodnight	4
goodreads	18
goods	-18
goodwill	-40
goody	7
google	21
googled	7
googletalk	7
googly	7
goose	6
gooseneck	7
gopïau	18
gor-dreiglo	18
gorau	58
gorbachev	6
gorby	7
gorchfygwyr	18
gorchmynnodd	18
gorchuddiwch	18
gordian	7
gordon	-29
gore	-23
gore-	7
goresgyn	18
goresgyniad	18
goreuon	43
gorff	18
gorffen	43
gorffennaf	18
gorffennol	38
gorffenol	32
gorffwys	32
gorfod	43
gorfodol	18
gorfu'r	32
gorge	4
goriad	18
gorllewin	18
gormesol	18
gormod	46
gornel	18
gornitz	7
goroesi	18
gors	18
gorsaf	18
gorsymleiddio	18
gorthrymedig	18
gortyn	18
goruchaf	50
gorwedd	18
gorweddai	18
gorwel	32
gorymateb	18
gorymdaith	18
gosh	-2
gosod	51
gosodiadau	18
gosododd	18
gosodwr	18
gospel	6
gossett	7
gossip	-8
gost	18
gostwng	18
gostyngodd	18
got	-39
gothic	-8
goto/	7
gotsta	7
gotta	-15
gotten	-18
gougne	2
goulash	7
gould	34
gourd	7
gourds	7
gourmet	7
gourmets	7
gout	7
gov	-10
govadv	7
govenar	6
govern	2
governance	-2
governed	2
governing	-4
government	-58
government-	6
governmental	-2
governments	-6
governor	-43
governors	-12
govt	6
gow	-6
gowan	7
goz	7
gozer	7
go”	18
gpas	7
gps	-6
gq	7
graag	7
grab	-14
grabbed	-15
grabbing	2
graben	2
grabs	-20
grac	18
grace	10
graced	7
graceful	2
gracefully	6
graceless	7
gracing	7
gracious	6
grad	7
gradd	18
grade	-31
graded	7
grader	2
grades	2
gradient	-34
gradientfollow	6
gradients	7
grading	4
grads	7
gradual	6
gradually	6
graduate	-4
graduated	-10
graduates	4
graduation	2
graf	7
grafeteed	7
graff	18
graffeo	7
graffiti	4
graft	4
grafton	7
grafzeppelin	7
grafzeppellin	7
graig	18
grain	6
grains	7
grainy	6
gram	19
grammar	2
grammarian	7
grammatical	2
grammatically	7
grams	7
grams·m·t	4
grams·p·a	6
gran	4
grand	-20
granddaughter	7
grande	6
grandeur	7
grandfather	-8
grandfathered	6
grandiose	7
grandma	-6
grandmother	-2
grandpa	-6
grandparents	4
grandson	6
grandstand	7
granholm	6
granite	6
grans	7
grant	-16
granted	-26
granting	6
grants	-14
grape	-2
grapes	-4
graph	4
graphic	7
graphical	6
graphically	6
graphics	6
graphite	7
graphs	7
grappled	7
grappling	7
gras	6
grasp	-6
grasped	7
grasping	4
grass	-18
grasses	-2
grasshopper	6
grassland	4
grassley	7
grassroots	7
grassy	7
grate	7
grateful	4
grates	7
gratio	32
gratis	7
gratitude	4
gratitudes	6
gratuitous	6
grave	-2
gravel	4
graves	6
graveyard	6
gravida	4
gravy	7
gray	-16
grazing	7
greadur	38
greaduriaid	18
greasy	6
great	-61
greater	-35
greatest	-26
greatly	-8
greatness	-2
grec	7
grecian	7
gredu	38
greece	-15
greed	2
greedily	7
greek	-33
greeks	-4
green	-36
greenback	7
greenbacks	7
greenbeard	6
greenberg	-20
greene	-6
greener	7
greenfield	7
greenham	7
greenhaven	7
greenhouse	2
greenleaf	7
greenlighting	7
greenmunk	7
greenspan	4
greenville	7
greenwich	7
greet	4
greeted	6
greeting	-2
greetings	4
greets	7
gref	18
grefydd	32
grefyddol	18
gref”	18
greg	4
gregarious	7
gregg	7
gregorian	4
gregory	10
gregory_gordon	6
grempog	38
grenada	7
gresyn	18
gret	18
greu	51
greu'n	18
grew	-23
grey	-6
greyhem	-2
greyhound	7
greylock	7
greyness	7
grid	18
gride	7
grief	-2
grievance	7
grievances	7
grieving	7
griffith	16
grill	-4
grille	7
grilled	7
grillin	7
grilling	7
grim	2
grimace	7
grimaced	7
grimacing	7
grimes	6
grimm	7
grimms	7
grimy	7
grinned	-6
grinning	7
grins	7
grip	-9
gripped	4
gripper	6
grippers	-4
gripping	6
grips	7
gritty	7
grizzly	7
groan	7
groaned	7
groaning	7
groans	6
groceries	4
grocery	-2
groes	38
groesgyfeiriadau	18
groesodd	18
grogi	18
grokdotcom	7
gromen	18
gronfa	32
groom	7
groove	7
grossed	7
grossing	6
grossman	6
grotesque	7
groth	18
grotto	7
groucho	7
ground	-43
grounds	-8
groundswell	7
groundwork	7
group	-57
groups	-45
grove	7
grow	-28
grower	7
growers	7
growing	-31
growl	7
growled	7
growling	7
grown	-17
grows	2
growth	-28
gruddiau	18
grudgingly	7
gruffly	7
grumble	7
grumbled	7
grumpy	7
grunting	7
grwydro'r	32
gryf	38
gryfach	18
gryfder	18
gryfderau	18
gryn	18
grêt	38
grëwyd	18
grŵp	38
gs	4
gsas	7
gspcorp	7
gt	6
gtalk	6
gu	18
guam	7
guambiano	2
guangdong	7
guangzhou	-23
guaranted	7
guarantee	-19
guaranteed	-6
guarantees	4
guard	-20
guarded	6
guardians	7
guarding	7
guards	6
guatemala	-8
guatemalan	2
guber	4
gucci	6
gudd	18
guddfan	32
guddio	32
guess	-45
guessed	-6
guesses	7
guessing	6
guest	-18
guffaw	7
guffawed	7
guffawing	7
guffaws	7
guggenheim	2
gui	7
guidance	-4
guide	-37
guided	-4
guidedog	7
guideline	7
guidelines	-12
guides	-10
guidotti	7
guilders	-8
guillemard	18
guillermo	7
guilt	6
guiltier	7
guilty	-13
guinness	7
guise	7
guises	7
guitar	2
gulf	-12
gulfarn	32
gullible	6
gulls	7
gulp	7
gulped	7
gum	6
gumtree	7
gun	-42
gun-	7
gunblast	7
gunboats	7
guncite	4
gunfire	7
gunnery	7
gunning	7
gunpoint	7
gunpowder	-6
guns	-29
gunshots	7
gunwale	6
gurl	7
guro	32
gus	7
gushes	6
gushy	7
gust	6
gusting	7
gut	6
guthrie	4
guts	7
gutted	6
gutters	7
guy	-39
guyot	7
guys	-24
gwaddol	18
gwaed	32
gwael	38
gwaelod	18
gwaeth	18
gwaethaf	38
gwaethygu	18
gwag	32
gwagio	18
gwahaniaeth	18
gwahaniaethau	18
gwahaniaethu	32
gwahanol	54
gwahanu	18
gwahniaeth	18
gwahoddaid	18
gwahoddiad	18
gwair	18
gwaith	61
gwala	18
gwall	18
gwallt	32
gwan	18
gwanwyn	18
gwarantîn	32
gwarchod	18
gwarchodol	18
gwared	18
gwareiddiad	18
gwartheg	18
gwas	18
gwasanaeth	51
gwasanaethau	18
gwasanaethodd	18
gwasanaethu	32
gwasgu	18
gwastraff	18
gwastraffu	32
gwastraffu'n	18
gwathmey	6
gwbl	55
gwblhau	46
gwddf	18
gweddill	32
gweddu	18
gweddïau	18
gweddïo	18
gwefan	43
gweill	38
gweini	32
gweinidog	32
gweinwch	43
gweinydd	18
gweinyddol	18
gweinyddwr	18
gweision	18
gweithdy	18
gweithgareddau	18
gweithio	61
gweithio'n	32
gweithiwr	18
gweithredoedd	18
gweithredol	18
gweithredu	50
gweithredu'n	18
gweithwyr	38
gwelaf	18
gwelais	43
gwelaist	18
gweld	61
gweledol	18
gwelent	18
gweler	32
gwelir	32
gwell	55
gwella	53
gwellhad	32
gweloch	18
gwelodd	46
gwelon	18
gwelwch	51
gwely	43
gwen	32
gwendal	7
gwener	32
gwenfair	18
gwent	18
gwenu	18
gwenwynig	18
gwep	18
gwersi	52
gwersylla	32
gwerth	38
gwerthfawr	18
gwerthiant	32
gwerthoedd	18
gwerthu	46
gwerthuso	18
gwerthwyd	18
gwesteion	32
gwestiwn	43
gwestiynau	32
gwesty	18
gwewyr	18
gwibio'n	18
gwilym	18
gwin	38
gwir	48
gwirio	32
gwirion	32
gwirionedd	53
gwisga	18
gwisgai	18
gwisgo	50
gwisgo'u	32
gwisgodd	18
gwisgoedd	18
gwiw	18
gwlad	38
gwladwriaethau	18
gwlatgar	18
gwledig	18
gwledydd	50
gwleidydd	18
gwleidyddion	18
gwleidyddol	38
gwmni	43
gwmnïau'n	18
gwmpas	51
gwn	32
gwna	32
gwna'n	18
gwnaeth	32
gwneir	32
gwneud	62
gwneuthum	18
gwneuthuriad	18
gwneuthurwr	18
gwnewch	38
gwnâi	18
gwnïo	18
gwobr	32
gwobrau	32
gwraig	32
gwrandawyr	18
gwrando	46
gwrdd	18
gwregysau	32
gwreiddiol	50
gwritgoch	18
gwrs	52
gwrth	18
gwrth-firws	18
gwrthglawdd	18
gwrthod	38
gwrthododd	18
gwrthryfelwr	18
gwrthwyneb	32
gwrthwynebu	18
gwrthwynebu'r	18
gwrthwynebwr	18
gwrw	32
gwsg	18
gwt	18
gwta	18
gwthia	18
gwthio	18
gwthio'r	18
gwyboadaeth	18
gwybod	60
gwybodaeth	32
gwych	55
gwych”	18
gwyddbwyll	32
gwyddelod	18
gwyddoch	18
gwyddoniaeth	32
gwyddonol	18
gwyddonwyr	18
gwyddwn	18
gwydr	18
gwyliai'r	18
gwyliau	46
gwylio	18
gwylio'i	18
gwylio'r	32
gwyllt	51
gwymon	32
gwympo	32
gwyn	53
gwyneb	18
gwyno	32
gwynt	46
gwynt]	18
gwyrdd	48
gwyro'i	18
gwywo	18
gwên	18
gy	7
gychwyn	32
gyd	57
gyd-destun	18
gyda	62
gyda'i	51
gyda'n	18
gyda'r	59
gyda'u	18
gydag	48
gydraddol	18
gydweithiwr	32
gydwybod	18
gyfaill	43
gyfan	38
gyfansoddi	32
gyfansoddid	18
gyfanswm	18
gyfarch	18
gyfarfod	32
gyfartal	18
gyfarth	18
gyfarwydd	32
gyfarwyddiadau	18
gyfarwyddyd	18
gyfathrebu	18
gyfeillgar	38
gyfeillion	18
gyfeiriad	18
gyfer	62
gyffordd	18
gyffredin	38
gyffredinol	51
gyffroi'r	18
gyffrous	32
gyfieithiad	32
gyfieithu	43
gyfieithu'r	38
gyflaith	18
gyflawni'r	18
gyfle	32
gyflog	18
gyflwr	18
gyflwyniad	18
gyflwyniadau	32
gyflwyno	18
gyflwynwyd	18
gyflwynwyr	18
gyflym	54
gyflymed	18
gyflyrau	18
gyfnod	51
gyfoethog	32
gyfraith	38
gyfreithiwr	18
gyfreithlon	18
gyfres	18
gyfresi	18
gyfrif	18
gyfrifiadur	46
gyfrifiaduron	32
gyfrifol	46
gyfrinach	18
gyfrinachol	18
gyfrol	18
gyfrwng	18
gyfundeb	18
gyfuniad	18
gyfyngedig	18
gyfyngu	18
gyhoeddi	38
gyhoeddus	38
gyiy	7
gyllid	32
gyllideb	18
gym	-8
gymaint	46
gymdeithas	18
gymeriad	18
gymerodd	32
gymhariaeth	18
gymharol	32
gymharu	18
gymharu'r	18
gymhleth	18
gymorth	50
gymraeg	59
gymreig	32
gymro	32
gymrodd	18
gymru	48
gymry	43
gymryd	43
gymuned	18
gymuned”	18
gymwynas	18
gymysgedd	43
gymysgu	18
gynadleddau	18
gynaecologist	7
gynau	18
gynecologist	6
gynecology	7
gyneddfau	18
gynffon	18
gynghorau	18
gynghrair	18
gyngor	38
gyngres	43
gynharach	38
gynhenid	18
gynhesu	18
gynhwysfawr	18
gynhwysion	18
gynhyrchion	18
gynhyrchu	38
gynhyrfwr	18
gynlluniau	38
gynlluniwyd	18
gynllwyn	18
gynnar	51
gynnau	18
gynnig	43
gynnig”	18
gynnwys	56
gynnydd	18
gyntaf	52
gynted	32
gynulleidfa	43
gypsy	6
gyrfa	18
gyrion	32
gyrraedd	52
gyrru	46
gyrrwch	18
gysgu	18
gyson	50
gysoni	18
gystadleuaeth	43
gystadleuwyr	18
gystal	32
gyswllt	18
gysylltiad	18
gysylltiedig	38
gysylltu	54
gytras	18
gytuno	18
gytunwyd	18
gyu	7
gywir	48
gywiro	32
gz	7
g·h	18
g·i	7
g·m·k·t·g	7
g·m·s·s·r	6
g·m·t	6
g·o·i	4
g·o·p	4
g·s·e	-2
g·s·p	4
g·s·u·q	7
g·t·a	7
g·w·f	7
g·y·b·x·h·r·z·v·e·a	4
gân	43
gêm	46
gên	18
gŵr	50
gŵyl	32
gŵyr	32
gŷn	18
h	-42
h-	-6
h_	4
ha	-35
ha-ha	6
haakenson	7
habit	-4
habitable	7
habitat	-13
habitation	7
habits	-2
habitual	7
hac	7
hachub	18
hack	7
hackable	7
hacked	7
hacker	7
hackers	7
hacksaws	7
had	-64
hadau	18
haddon	7
haddurno'n	18
haddysg	18
hadeilad	18
hadeiladu	32
haden	7
hades	7
hadiashar	7
hadley	6
hadn	-10
hadrian	7
hadrodd	18
hadrus	-17
hadson	6
haearn	46
haeddu	18
haedicke	6
haelfrydig	18
haemorrhoids	7
haerllugrwydd	32
haeru	18
haf	54
haggling	6
hagor	18
hagr	18
hah	6
haha	-2
hahaha	7
hahahahahaha	7
hahn	7
hai	7
haig	7
haiku	7
hail	6
hailed	4
hailing	7
hain	2
haint	18
hair	-38
haircut	4
hairdryer	7
hairless	6
hairline	7
hairpsray	7
hairspray	7
hairy	4
haiti	-6
haitians	7
hakka	6
halbwm	18
hale	7
halen	46
haley	6
half	-43
half-hearted	7
half-hour	6
halfway	-9
halibut	7
hall	-31
halliburton	7
hallmarks	7
halloo	7
halloween	-2
halloy	6
halls	-10
hallt	18
hallucinating	7
hallway	-13
hallways	7
hallwood	6
haloed	7
halos	7
halt	-6
halted	2
halter	7
halts	-4
halved	7
halves	6
halwynau	18
ham	6
hamamatsu	7
hamas	7
hamburgefonsiv	7
hamburger	6
hamburgers	7
hamed	6
hamid	6
hamilton	23
hamlet	7
hamlets	6
hammacher	7
hammer	-6
hammered	6
hammering	4
hammock	7
hammocks	7
hammond	-16
hampered	6
hampering	7
hampshire	-10
hampton	6
hamstring	7
han	4
hancock	7
hand	-56
handbags	19
handball	7
handbook	6
handcuffed	7
handed	-20
handedly	7
handel	6
hander	7
handey	6
handful	-9
handfuls	2
handgun	6
handguns	2
handi	18
handicapped	7
handicrafts	6
handiest	7
handily	7
handing	2
handiwork	7
handle	-22
handlebars	7
handled	-2
handles	7
handling	-6
handmade	7
handouts	7
handover	4
handrail	2
hands	-46
handsome	4
handy	-4
hanelu	18
hanerchiadau	18
hanes	51
haneswyr	18
hanesydd	18
hanesyddol	48
hanesyn	38
hanesynnau	18
hanfodol	32
hang	-23
hangen	18
hangers	7
hanging	-24
hangings	7
hangman	7
hangover	6
hangs	-4
hanifa	18
hanjour	7
hank	7
hanlon	6
hanna	7
hanner	56
hannibal	18
hannity	7
hanoi	7
hanover	-4
hans	7
hansh	18
hansom	7
hanturiaethau	18
hanukkah	7
hap	7
haphazard	7
happen	-36
happened	-40
happening	-24
happens	-23
happiest	2
happily	-6
happiness	-2
happy	-38
happyfeet	6
happyhappyjoyjoy	7
hapus	57
hapusrwydd	38
harald	-8
harassed	6
harassment	6
harbor	-23
harbored	4
harbors	7
harbour	4
harchifo	18
hard	-51
hardcopy	7
hardcore	7
hardcover	7
hardd	43
harddaf	38
harder	-17
hardest	4
hardhearted	7
harding	28
hardly	-22
hardness	7
hardship	7
hardships	4
hardware	6
hardwood	7
hardworking	7
hardy	-2
hare	4
harglwyddi	18
hargyhoeddwyd	18
hari	7
hariannu	18
haribo	7
harlech	7
harlem	2
harm	-20
harmer	6
harmful	4
harming	7
harmless	6
harmon	2
harmonic	-12
harmonica	6
harmonically	7
harmonies	7
harmonization	7
harmonize	4
harms	7
harness	6
harnessing	7
harold	11
harp	7
harpercollins	7
harpoons	7
harrell	2
harried	7
harris	4
harrisburg	4
harrisford	7
harrods	7
harry	14
harsh	-2
harsher	7
harshness	7
hart	19
hartman	7
hartwick	7
harvest	-6
harvester	-22
harvey	-15
harwr	18
has	-64
hasbri	18
hasbrouk	7
hash	7
hashnod	18
hashtag	4
hashtags	7
hasmonean	6
hasmoneans	7
hasn	6
hasnt	7
hassan	7
hassling	6
haste	4
hasten	6
hastings	2
hasty	7
hat	-23
hatch	4
hatchet	7
hate	-34
hated	-15
hateful	7
haters	7
hathrawon	32
hatred	4
hau	-2
haul	47
haunches	7
haunted	4
haunting	7
haunts	6
haute	7
hav	7
havarti	7
have	-64
haven	-8
havent	7
having	-53
havint	7
havoc	2
haw	6
hawaii	16
hawaiian	6
hawdd	57
hawddgar	32
hawing	7
hawk	6
hawkins	4
hawknew	7
hawks	4
hawksworth	18
hawl	52
hawlfraint	3
hawliau	51
hawlio	18
haws	48
hawsers	7
hawthorne	7
hay	-9
haying	4
hays	7
haywire	7
hazarded	7
hazardous	6
hazel	-4
hazor	7
hazy	7
hbo	6
hcl	6
he	-64
head	-53
headache	4
headaches	6
headcount	7
headed	-18
header	7
headered	7
headers	6
headfirst	7
headin	7
heading	-26
headings	6
headless	7
headlights	7
headline	2
headlined	7
headlines	4
headphone	6
headphones	6
headquarters	-14
heads	-13
headscarf	7
headset	7
headstone	7
headtracking	7
headway	7
heady	7
heal	4
heald	7
healing	7
heals	7
health	-55
healthcare	7
healthier	6
healthy	-31
heap	7
heaped	7
hear	-44
heard	-33
hearing	-20
hearings	-6
hears	-4
hearsay	-6
hearse	7
heart	-44
heartbeat	2
heartbreaking	7
heartbroken	7
hearted	-8
heartfelt	7
hearth	7
hearty	4
heat	-15
heated	-2
heathen	7
heather	2
heathercostibarra	7
heathier	7
heating	2
heaton	7
heave	4
heaven	-23
heavens	-8
heavily	-17
heaving	7
heavy	-31
heavyweight	7
heb	61
hebddi	18
hebddo	18
hebio	18
heblaw	38
hebrew	-4
hebrews	6
heck	-15
hecklers	7
hectare	7
hectic	7
heddiw	59
heddlu	32
heddwas	32
heddwch	18
hedfan	43
hedfanodd	18
hedge	4
hedmygu	32
hedonist	7
hedy	6
heed	6
heel	4
heels	6
hefty	7
hefyd	63
heh	-18
hehe	7
hei	32
heibio	38
heibio'r	32
heiby	7
heidi	-4
height	-8
heightened	7
heights	4
heini	32
heinrich	7
heinz	7
heir	-4
heirloom	7
heirlooms	7
heirs	7
heisman	4
hel	18
hela	38
helaeth	18
held	-39
helen	-2
helena	4
helfen	7
helft	6
helga	7
helicopter	-4
helicopters	6
helium	7
hell	-11
hellenic	7
hellhole	7
hello	-30
helloooooo	7
hellyeahdude	7
helm	6
helmet	7
helmets	7
helmsman	7
helo	53
help	-19
helpdesk	19
helped	-32
helpful	-6
helping	-29
helpings	7
helpless	7
helps	-23
helpu	54
helwriaeth	18
hematological	7
hemingway	6
hemming	7
hemostasis	7
hen	59
henaint	18
hence	-20
henceforth	7
henderson	4
hendrix	-4
heneiddio	18
hennessy	7
heno	55
henrico	7
henrietta	7
henrique	7
henry	21
henw	18
henwi	32
heol	38
heolydd	18
heparin	7
hepatic	2
hepatitis	-19
hepatocellular	4
hepatomegaly	6
hepatosplenomegaly	7
hepatotoxic	7
hepburn	7
hepes	7
hepes-tris	7
hepgor	32
her	-44
hera	6
heralded	7
heralding	7
heralds	7
herb	2
herbaceous	7
herbal	4
herbalists	7
herbelot	7
herbert	19
herbs	-2
hercules	7
herder	6
herding	7
here	-64
here-	7
hereby	-9
herein	4
hereto	6
hereunder	7
heriau	18
heribert	18
heritage	-16
herman	7
hermannsburg	7
hermaphrodites	7
hermes	7
hermit	-4
herndon	7
hernia	18
hero	-8
herod	10
herodian	7
heroic	4
heroically	7
heroin	7
heroine	2
heroines	7
herring	7
herrings	6
hers	-2
herself	-20
hersh	4
hershel	7
hertz	7
herwgipiodd	18
herwijnen	7
herzl	6
hesitant	7
hesitantly	2
hesitate	-6
hesitated	4
hesitates	4
hesterberg	7
heston	-28
het	34
heterogeneous	7
heterosexual	-6
heterosexuals	4
heulwen	48
hew	7
hewitt	6
hewlett	-2
hewn	4
hex	7
hexsearch	4
hey	-34
hezekiah	7
hhh	7
hi	63
hi'i	18
hi'n	62
hi'r	38
hiaith	43
hiatt	7
hiccup	7
hiccups	4
hid	7
hidden	-20
hide	-14
hidecautious	7
hideouts	7
hides	4
hiding	2
hierarchies	6
hierarchy	-13
hieroglyphic	7
hieroglyphics	6
high	-57
high-	7
high-end	7
high-level	7
high-profile	6
high-quality	7
high-school	6
high-speed	6
high-tech	6
higher	-37
higheredhero	4
highest	-22
highfive	7
highland	4
highlands	7
highlighted	-4
highlighting	7
highlights	2
highly	-30
highness	6
highrise	7
highsmith	7
highway	-9
highways	7
higlighting	7
hija	7
hijacking	7
hike	-4
hiked	7
hikers	6
hikes	-4
hiking	-12
hilarious	6
hilarity	6
hilfiger	7
hilite	7
hill	-2
hillarious	7
hillary	-2
hillings	2
hillock	6
hills	-9
hillsandrew	4
hillside	6
hillsides	6
hilltop	6
hilltops	7
hilly	7
hilt	7
hilton	7
him	-64
himself	-40
hinder	7
hindered	7
hindgut	7
hindi	7
hindlimb	6
hindquarters	7
hindrance	7
hinduism	7
hindŵaidd	18
hindŵiaid	32
hinged	7
hinges	7
hingis	7
hinsawdd	32
hinted	7
hinterland	7
hints	4
hip	-2
hip-	7
hippo	7
hippy	7
hips	2
hipsters	7
hir	60
hir-ddisgwyliedig	18
hirach	18
hiraeth	18
hired	-2
hiring	-2
hiroshima	-8
hirschauer	7
hirschfeld	2
hirwyntog	18
his	-64
hispanic	4
hispanics	7
hissed	6
hisself	6
hissing	6
histopathologic	7
histopathological	7
historian	2
historians	-4
historic	-17
historical	-20
historically	4
historicism	7
historicity	7
histories	6
history	-47
hit	-36
hitachi	7
hitchcock	7
hitched	7
hitchens	7
hitching	6
hitech	7
hither	7
hitherto	7
hitler	7
hits	-9
hitter	6
hitting	-4
hittite	7
hive	7
hk	4
hkta	-4
hlw	7
hm	4
hmc	7
hmm	16
hmmm	13
hmong	7
hmqqc	7
hnrn	7
ho	-8
hoarse	7
hoax	7
hoaxes	7
hobby	2
hoc	6
hochr	18
hockey	4
hodges	6
hoe	18
hoed	18
hoedlog	18
hoelen	18
hoes	7
hoff	57
hoffai	18
hoffech	32
hoffet	18
hoffi	59
hoffodd	18
hoffus	32
hoffwn	38
hog	4
hogan	18
hogging	7
hogs	7
hoi	7
hoisted	6
hoisting	7
hoists	7
hokay	7
hoku	6
hokuunlimited	7
holcomb	7
hold	-40
holdeman	7
holder	-6
holders	-4
holding	-32
holdings	6
holds	-24
hole	-22
holes	-12
holger	-9
holi	32
holiday	-27
holidays	-9
holiest	7
holiness	7
holl	60
hollaback	7
holland	7
holldobler	6
holler	4
hollered	7
hollering	7
hollis	7
hollol	38
hollow	2
holloway	7
hollowed	6
hollti'n	32
holly	7
hollywood	-19
holmes	7
holo	6
holocaust	7
hologram	6
holovisions	7
holsman	7
holy	-21
holz	7
hom	7
homage	7
home	-60
home-	7
homebrew	7
homecoming	7
homeland	-12
homeless	-9
homely	7
homemakers	7
homeowner	7
homeowners	7
homeownership	2
homepage	7
homer	10
homeroom	6
homers	2
homes	-26
homestyle	6
hometown	4
homey	7
homicide	4
homicides	7
homie	7
hominids	7
homo	6
homoerotic	7
homogenous	7
homosexual	-27
homosexuality	-30
homosexuals	-8
hon	58
honda	4
hone	7
honed	7
honest	-22
honestly	-2
honesty	2
honey	-19
honeybees	7
honeychurch	7
hong	-55
hongian	43
hongkong	7
honiad	18
honiadau	32
honni	18
honno	55
honno'n	18
honor	-39
honorable	6
honoraria	7
honorary	4
honore	6
honored	6
honoree	6
honoring	7
honors	6
honour	7
hoo	7
hoodie	7
hoodlums	7
hook	4
hooker	4
hooking	7
hooks	6
hoooo	6
hoooooo	7
hoop	7
hoopla	7
hooray	7
hootch	7
hoots	7
hoover	-2
hooves	2
hoozie	7
hop	-9
hope	-50
hoped	2
hopeful	-9
hopefully	-12
hopefulness	7
hopeless	7
hopelessly	6
hopelessness	7
hopes	-20
hopewell	7
hopian	18
hoping	-18
hopkins	7
hopped	7
hoppers	7
hopping	7
hops	7
hor	7
horatio	-31
horde	7
hordes	4
horizon	4
horizontally	7
hormonal	4
hormone	4
hormones	6
horn	-2
hornby	7
horns	-2
horny	7
horoscopes	7
horowitz	6
horrendous	4
horreurs	7
horrible	-12
horribly	6
horridly	6
horrific	7
horrified	7
horrifying	4
horror	-13
horrors	7
hors	18
horse	-29
horseback	6
horseracing	7
horseradish	7
horses	-22
horsewhipped	7
hose	2
hoses	7
hosni	7
hospitable	7
hospital	-30
hospitality	2
hospitalization	4
hospitalizations	7
hospitalized	7
hospitals	-8
host	-24
hosted	6
hostel	7
hostess	6
hostile	-4
hostilities	7
hosting	2
hosts	4
hot	-32
hotdog	7
hotel	-27
hotels	-17
hotmail	11
hottest	4
hottie	7
hotties	6
hou	-10
hound	7
hour	-40
hourglass	7
hourly	7
hours	-44
hourse	7
housatonic	7
house	-39
houseboats	6
housed	6
household	-6
households	7
housekeeper	6
houseman	7
housemates	7
houses	-31
housewives	7
housework	4
house”	18
housing	-26
houston	-10
hovel	7
hover	7
hovering	7
how	-64
how-	7
howard	3
howardberg	7
howe	6
however	-55
howiereadingtip	7
howl	7
hoya	7
hp	6
hr	-16
hsbc	7
hsus	-2
hsü	7
hthomas	7
htm	4
html	-17
http	-9
https	7
huaisheng	7
huang	2
huawdl	18
hub	2
hubby	6
hubris	4
huckabee	6
hud	28
hudson	7
hudsucker	7
huell	6
hues	6
hufen	32
huff	7
huffpo	6
hug	2
hugain	14
huge	-36
hugged	2
hugh	2
hughes	-4
hugin	6
hugo	4
hugs	6
huh	-20
hull	4
hum	6
human	-48
humane	-6
humanely	7
humanica	7
humanidad	7
humanism	7
humanitarian	-13
humanities	7
humanity	-9
humankind	6
humanoid	6
humans	-17
humble	-9
humbles	7
humbolt	7
humbug	7
hume	-6
humidified	7
humidity	-8
humility	6
humming	4
humor	-8
humored	6
humorous	4
humorously	7
humpback	7
humping	7
humpty	7
humvee	7
humvees	7
hun	61
hunain	38
hunan	43
hunangar	18
hunangofiant	32
hunch	7
hunchbacked	6
hundred	-64
hundreds	-28
hung	-18
hungarian	7
hunger	2
hungry	-13
hunt	-27
hunter	-12
hunting	-18
huntington	6
hunts	7
hurddwyd	18
hurdle	2
hurled	7
hurrah	7
hurricane	-4
hurricanes	7
hurried	7
hurriedly	7
hurry	2
hurst	7
hurt	-26
hurting	4
hurtled	7
hurtling	7
hurts	-9
husband	-43
husbands	-4
hush	6
husk	7
huskies	7
husky	7
hussein	1
husseins	7
hut	-9
hutch	7
huts	2
hutterite	7
huw	18
huxley	7
hvac	7
hvjo	7
hwn	61
hwnna	43
hwnna'r	18
hwnnw	59
hwnnw'n	18
hwnt	32
hwp	18
hwy	32
hwy'n	32
hwyl	56
hwyliau	18
hwylio	32
hwyliog	18
hwyluso	18
hwyluso'r	18
hwyna	18
hwynt	32
hwyr	51
hwyrach	38
hx	7
hyatt	7
hyb	7
hybond-	7
hybrid	4
hybridization	-14
hybridizations	6
hybridized	4
hyd	62
hyder	32
hyderus	18
hydrant	7
hydration	6
hydraulic	6
hydraulics	7
hydref	18
hydro-	7
hydrocarb	-2
hydrocarbon	-2
hydrocarbons	-13
hydrochloride	7
hydroelectric	7
hydrogen	2
hydrologic	7
hydrology	6
hydrolyzes	6
hydrolyzing	7
hydroponic	7
hydroponics	7
hydropower	7
hydrostatic	7
hydroxy-	7
hydroxyl	-4
hyfforddi	32
hyfryd	51
hygadventureaddictscel	7
hygadvocatednscel	7
hygiene	7
hygyrch	18
hylif	18
hymes	7
hymns	7
hyn	63
hynafiaethau	18
hynes	7
hynna	32
hynna'n	18
hynny	63
hynny'n	61
hynod	51
hyperbole	6
hypercorrection	7
hyperfine	4
hyperlink	7
hyperonym	38
hyperplasia	7
hypertension	7
hypertext	7
hyperventilates	7
hyperventilating	6
hypnotic	7
hypnotizing	7
hypochondria	7
hypocrisy	7
hypocritcal	7
hypofunction	7
hypotheses	7
hypothesize	7
hypothesized	4
hypothesizing	7
hypothetical	7
hyrddiad	18
hyrddiadau	18
hysbys	18
hysbysebion	18
hysbysebu	18
hysbysiadau	18
hysgogiadau	18
hysgolion	32
hysgrifennu	18
hysterectomy	7
hysteria	7
hysterical	7
hysterically	7
hystyried	38
hytrach	38
hywel	18
hziu	7
h·b	7
h·b·s	6
h·c·a	2
h·c·v	-2
h·c·v-infection	7
h·c·v-patients	7
h·d·h	7
h·d·l	2
h·f	7
h·f-i·p·f	-18
h·f-n·l	-17
h·f·o	7
h·h·o	6
h·k	-13
h·l·a	7
h·m·g	6
h·p·l·c	6
h·q	6
hôl	18
hôtel	7
hŷn	18
i	2
i'ch	38
i'm	32
i'n	61
i'r	63
i'th	32
i'w	62
i-	-20
i-a·a	7
i-in	7
i-net	6
ia	-2
iach	43
iachâd	18
iaculis	7
iago	19
iain	7
iaith	60
iam	7
ian	-37
ians	7
iard	38
iastate	7
iau	46
iawn	63
iawndal	32
ibazw	7
iberian	7
iberoamericana	7
ibid	-6
ibm	-16
ibook	7
ibrahim	-6
icarus	7
ice	-26
iced	7
icerocket	7
icfundrzr	7
ichi	38
icon	4
iconic	6
icons	6
icpc	7
icsi	-13
icy	4
id	-61
id=-three	7
idaho	6
iddi	61
iddo	60
iddo'i	18
iddo'r	18
iddyn	50
iddynt	58
ide	6
idea	-46
ideal	-16
idealistic	7
ideally	7
ideals	6
ideas	-27
identical	-21
identically	7
identification	-13
identified	-26
identifier	6
identifiers	7
identifies	4
identifiespriorities	7
identify	-30
identitarian	7
identities	2
identity	-13
ideological	4
ideologically	7
ideologies	7
ideologues	7
ideology	4
ides	6
idiocy	7
idiom	4
idiomatic	7
idioms	2
idiopathic	6
idiosyncratic	7
idiot	-6
idiots	7
idiotype	6
idle	4
idling	6
idol	-4
idolfanforum	7
idols	7
idref	7
ids	6
idukn	7
idumea	7
idyllic	6
idís	6
ie	52
iechyd	51
ieithgi_woof_woof	18
ieithoedd	38
ieoc	7
iesg	7
iesgob	18
ietf	-19
ietf-	6
ietf-charsets	-12
ietf-charsets-request	7
ietf-eight	7
ietf-standard	6
ietf-tls	-13
ieuanc	18
ieuengaf	32
if	-64
ifanc	54
ifaw	6
ifcc	7
igj	7
igloo	6
ignited	7
ignites	6
igniting	7
ignoramuses	6
ignorance	-2
ignorant	-6
ignore	-17
ignored	-21
ignores	4
ignoring	-4
iguana	6
ii	18
iias	7
iib	6
iii	18
iiia	6
iiir	6
ijs	6
ijustine	7
ikan	4
ikea	7
ikkoku-kan	2
il	-4
il-oneβ	-13
il-oneβ-stimulated	6
iland	7
ilbryneeliteee	4
ildio	18
iliad	6
ill	-24
illbyrneeliteee	6
illegal	-19
illegally	-4
illegitimate	6
illegitimatized	7
illinois	2
illiteracy	2
illiterate	6
illness	-9
illnesses	4
illuminate	7
illuminated	4
illuminates	7
illuminating	7
illumination	7
illusion	-2
illusions	7
illustrated	4
illustrates	-2
illustrations	7
ilmenau	6
im	-29
im/-dau	6
im/-twenty	7
im/-two	6
imac	19
image	-24
imagery	7
images	-10
imaginable	7
imaginary	7
imagination	-8
imaginative	6
imaginatively	7
imagine	-31
imagined	-9
imagines	7
imagining	7
imasu	7
imax	7
imbalance	2
imbalances	7
imbecility	7
imbedded	7
imbibing	7
imceanotes-	-6
imceanotes-+twenty	6
imcomparable	7
imediately	7
imho	7
imi	48
iming	7
imitating	7
imitation	-4
imma	7
immaculate	7
immanent	7
immediate	-24
immediately	-41
immediatley	7
immediatly	7
immense	4
immensely	4
immerse	6
immigrated	7
immigration	-13
imminent	4
immoral	7
immortality	6
immortalized	6
immunity	7
immunobed	7
immunohistochemistry	7
immunosuppressants	7
immunosuppressive	6
immutable	6
impact	-28
impacts	-4
impaired	-2
impairment	4
impaled	7
impaling	7
imparted	7
imparting	6
impasse	7
impatient	6
impatiently	7
impeachment	7
impeccability	7
impeccable	4
impeccably	7
impede	7
impeded	7
impediment	7
impediments	4
impeding	6
impending	6
impenetrable	7
imperative	6
imperator	7
imperial	6
imperiale	7
imperialism	7
imperiled	7
imperiously	7
impersonal	6
impersonating	7
impersonators	7
impertinence	7
impervious	7
impetuous	7
impiety	7
impingement	7
implanting	7
implement	-8
implementation	-6
implementations	7
implemented	-13
implements	6
implicate	7
implicated	2
implicates	7
implication	4
implications	-4
implicit	2
implicitly	7
implied	-8
implies	2
imploded	7
implore	7
imply	-9
implying	7
import	6
importance	-19
important	-60
importantly	-12
importatn	7
imported	-2
importer	7
importers	7
importing	6
imports	-6
importune	7
impose	-6
imposed	6
imposes	6
imposing	-4
imposition	7
impossible	-18
impossibly	7
impotence	7
impoverish	7
impoverished	4
imprecise	7
impressed	2
impression	-10
impressions	2
impressive	-9
imprinting	7
imprisoned	6
imprisonment	4
improper	6
improperly	7
impropriety	4
improve	-24
improved	-13
improvement	2
improvements	-2
improves	2
improving	-6
improvisation	6
improvised	6
imprudent	7
impulse	2
impulses	6
impure	7
in	-64
in-	7
in-a-vacuum	7
in-depth	4
in-house	7
in-laws	4
inaba	7
inability	-2
inaccessibility	7
inaccessible	7
inaccuracies	7
inaccurate	2
inaction	7
inactivity	7
inadequate	-2
inadvisable	7
inappropriate	-8
inappropriately	7
inasmuch	7
inaugural	4
inaugurated	7
inaugurates	7
inaugurating	7
inauguration	2
inaugurations	18
inborn	7
inbound	7
inc	-35
incapable	4
incapacitorially	7
incarnations	4
incase	6
incense	2
incensed	7
incent	7
incentive	-6
incentives	-10
inception	6
inch	2
inches	-10
inchoate	7
incidence	-8
incident	-9
incidentally	7
incidents	4
incision	-6
incite	6
incited	6
inclination	6
incline	7
inclined	-2
includ	7
include	-39
included	-36
includes	-26
including	-50
inclusa	7
inclusive	6
incoherant	7
incoherent	7
incoherently	7
income	-28
incomes	6
incoming	-4
incompatible	6
incompetence	4
incompetent	2
incomprehensible	6
inconceivable	7
inconclusive	7
incongruities	6
inconsequential	7
inconsistencies	6
inconsistency	7
inconsistent	-10
inconspicuous	7
inconspicuously	7
inconstancy	7
incontestably	7
inconvenience	4
inconvenient	4
incorporated	-4
incorporates	6
incorporeality	7
incorrect	-9
incorrectly	6
increase	-42
increased	-35
increases	-13
increasing	-21
increasingly	-19
incredible	-12
incredibly	-8
incredulous	6
incredulously	4
incremental	2
incremented	7
increments	7
incubated	-9
incubating	7
incubation	-4
incubators	7
inculcate	7
incur	7
incurred	7
incwm	18
indebted	6
indecision	7
indeed	-26
indefatigable	7
indefinite	7
indefinitely	7
indefinitly	7
indelible	7
indelicately	7
indentured	7
independence	-8
independent	-32
index	-20
indexing	7
india	14
india'n	18
indiaid	18
indian	-24
indiana	-9
indianapolis	-24
indianness	6
indians	-6
indicadores	7
indicate	-24
indicated	-21
indicates	-2
indicating	-13
indication	-6
indicative	7
indicator	2
indicators	-2
indices	2
indicted	6
indictments	7
indie	7
indifferent	6
indigenous	-37
indignant	7
indigo	7
indirect	7
indisposed	6
indistinguishable	6
individual	-39
individualistic	4
individually	6
individuals	-36
indivisible	6
indo-	-9
indoctrinated	7
indoctrination	7
indonesia	-4
indonesian	6
indoor	7
indoors	6
induce	6
induced	6
inducement	7
inducer	7
induces	7
inducible	7
inducted	7
induction	6
induded	7
indulge	4
indulged	7
indulgence	7
indulgences	6
indulgent	7
indus	6
industrial	-27
industrialization	4
industrialized	6
industries	-23
industry	-47
indy	19
indygo	7
ineffectively	7
ineffectual	7
inefficiencies	6
inefficient	6
ineliminable	7
ineluctable	7
ineluctably	7
inensity	7
inept	7
ineptitude	7
inequalities	4
inequitable	6
inequity	7
ines	7
inevitable	2
inevitably	-4
inexcusable	7
inexorable	7
inexpensive	6
inexpensively	7
inexperienced	7
inexplicable	7
inexplicably	7
infamous	4
infante	7
infanticide	7
infantry	6
infants	6
infarction	-14
infection	2
infections	7
inference	7
inferior	2
inferiority	6
inferiors	6
inferred	4
infestation	6
infested	6
infesting	7
infidelity	6
infielder	7
infighting	7
infiltrate	7
infiltrating	4
infiltration	2
infin-	7
infinite	-8
infinitely	7
infinitesimally	7
infinitive	7
infinitum	6
infirmities	7
infix	2
inflammatory	2
inflate	7
inflated	7
inflates	7
inflation	6
inflected	7
inflection	7
inflicted	7
inflicting	7
influence	-30
influence-	7
influenced	-6
influences	-8
influencing	2
influential	-4
influx	4
info	-39
info/	7
inform	-10
informal	-2
informality	7
informant	7
informatik	6
information	-63
informations	4
informed	-16
informing	6
infra	7
infrastructure	-10
infront	6
infused	7
infusing	7
ing	7
ingen	2
ingenious	7
ingeniously	7
ingenuous	7
ingo	7
ingrained	7
ingram	4
ingratiate	6
ingredient	7
inhabit	7
inhabitants	2
inhabited	-2
inhale	7
inherent	-2
inherently	7
inherit	6
inheritance	2
inherited	4
inhibited	7
inhibiting	6
inhibition	4
inhibitor	7
inhibitors	4
inhibitory	7
inhospitable	7
inhouse	7
inhumane	7
inigo	4
initial	-27
initialize	4
initialized	7
initially	-12
initials	6
initiate	-2
initiated	-10
initiating	6
initiation	6
initiative	-14
initiatives	-9
inject	6
injecting	7
injection	6
injections	6
injun	7
injunction	2
injure	6
injured	-2
injuries	2
injury	4
injustice	6
ink	-8
inking	7
inkpot	7
inkson	6
inky	7
inlaid	7
inland	-2
inlet	6
inmate	6
inn	4
innapropriate	7
innards	7
innate	7
innau	18
inner	-8
innerwards	7
inni	18
innocence	7
innocent	-13
innocently	7
innocuous	7
innosoft	-17
innovate	2
innovation	-17
innovations	-14
innovative	-16
inns	7
innuendo	7
innumerable	7
inoculations	7
inorganic	7
inouye	6
inpatient	7
input	-24
inputs	-23
inquire	4
inquired	7
inquiries	6
inquiry	-24
inquisitive	7
inreplyto	-18
inroads	6
ins	2
insane	2
insanely	4
insanity	7
inscribed	7
inscription	7
inscriptions	2
inscrutable	7
insect	-14
insects	-2
insensibility	7
insensitive	7
insensitivity	6
inseparable	6
insert	6
inserted	7
inserting	6
inserts	4
insex	7
inside	-46
insiders	7
insides	7
insight	-12
insightful	6
insignia	7
insignificance	7
insist	-13
insistence	7
insistent	6
insists	7
insited	7
insofar	6
insomnia	4
insouciance	7
inspect	7
inspected	6
inspection	7
inspector	7
inspectors	-2
inspiration	-6
inspire	2
inspired	-8
inspires	6
inspiring	-9
instability	7
install	-9
installation	-2
installations	6
installed	-13
instance	-29
instances	-13
instant	-9
instantly	-4
instate	7
instead	-40
instensly	7
instigated	7
instigation	7
instill	7
instills	7
instinct	-10
instinctively	6
instincts	2
institute	-20
instituting	7
institution	-9
institutional	2
institutionally	6
institutions	-29
instr	4
instrfctions	6
instruct	2
instructed	-8
instructing	7
instruction	-4
instructional	7
instructions	-13
instructor	-2
instructs	6
instrument	2
instrumental	4
instrvctions	7
instryctions	6
insubordinate	7
insufferable	7
insufficient	6
insular	6
insularity	7
insulated	7
insulating	6
insulation	7
insult	6
insulted	6
insurance	-31
insure	4
insurer	7
insurgents	7
insuring	7
insurmountable	7
insurrection	4
insusceptible	7
int	-19
intact	-10
intake	7
intangible	6
integers	7
integra	4
integral	-4
integrals	2
integrate	6
integrated	2
integration	-8
integrity	-8
intel	6
intellect	2
intellectual	-2
intellectually	7
intellectuals	6
intelligence	-24
intelligent	-31
intelligently	7
intend	-17
intended	-25
intending	6
intends	2
intense	-12
intensely	7
intensified	6
intensifier	7
intensifies	4
intensify	7
intensities	2
intensity	-20
intensive	-2
intent	-12
intention	-16
intentional	2
intentionality	2
intentionally	7
intentioned	7
intentions	4
inter	4
inter-	7
interacted	7
interacting	6
interaction	-13
interactions	-8
interactive	-4
interacts	6
interagency	6
intercede	7
intercept	7
intercepts	7
interchangeably	7
intercom	6
interconnecting	6
interconnection	2
interconnections	4
interconnectivity	7
intercourse	-4
intercultural	7
interdependence	6
interdependencies	7
interest	-44
interest-	7
interested	-36
interesting	-40
interestingly	4
interests	-30
interfaces	7
interfere	2
interfered	7
interference	6
interferon	6
interior	-14
interiores	7
interject	4
interjections	7
interlaced	7
interleukin	7
interlude	7
interludes	7
intermediaries	6
intermediary	7
intermediate	-14
intermediates	7
interminable	7
intermittent	6
internal	-22
internalize	7
internalize-your-externality-sort	7
internalizing	7
internally	6
international	-46
internationally	-2
internet	-15
internetaddress	7
internetor	7
internetworking	7
interoperability	6
interpersonal	7
interplay	6
interpolation	7
interposed	7
interpret	-9
interpretation	-20
interpretations	7
interpreted	-4
interpreting	7
interprets	6
interrogation	7
interrupt	7
interrupted	-13
interrupting	6
interruption	6
interruptions	6
intersection	7
interspersed	7
interstate	4
intersted	7
intertwine	7
intertwined	7
intertwining	7
interval	-2
intervals	-4
intervene	2
intervened	6
intervenes	6
intervening	4
intervention	-8
interventions	-10
intervew	7
intervie=	7
interview	-36
interviewed	-2
interviewee	7
interviewers	6
interviewing	6
intervision	18
interweb	7
intestine	7
inteview	7
intimacy	7
intimate	4
intimately	6
intimidated	7
intimidating	6
intl	7
into	-64
intolerable	7
intolerant	7
intonation	6
intoxicating	6
intraffic	7
intranet	7
intraspecies	7
intrepid	7
intricacies	7
intricate	6
intrigue	7
intrigued	4
intriguing	2
intrinsic	7
intrinsically	7
intro	7
introduce	-19
introduced	-12
introduces	4
introducing	-2
introduction	-26
introductions	4
introduction–	7
introductory	6
introduzione	7
introspective	7
intrude	7
intuition	4
intuitions	7
intuitive	7
intuitively	6
inturrupted	7
inundated	7
invade	6
invaded	4
invading	7
invaginate	7
invalid	6
invalidate	7
invaluable	4
invariably	2
invasion	-10
invasions	7
invasive	7
invectives	7
invent	6
invented	-8
invention	-4
inventor	6
inventors	6
inventory	4
invents	7
inverse	4
inversion	2
inversional	7
inverted	7
invest	-12
invested	-10
investigate	-8
investigated	4
investigates	6
investigating	-2
investigation	-14
investigations	2
investigator	2
investigators	-2
investment	-31
investments	-10
investor	-4
investors	-20
invests	6
inview	7
inviewlogin	7
invisibility	7
invisibly	6
invitation	-20
invitational	7
invitations	2
invite	-6
invited	-17
invites	6
inviting	-8
invitingly	7
invitrogen	7
invoices	6
invoke	4
invokes	6
invoking	6
invol	7
involve	-2
involved	-36
involvement	-16
involves	-9
involving	-10
involvment	7
io	7
iocv	7
ion	6
ionawr	18
ionic	4
ionization	7
ions	7
ios	-2
ios_participants	7
iowa	4
iowans	7
ip	-38
ipad	18
iphone	-15
ipitos	7
ipods	7
ipray	7
iqea	7
iqec	7
iqej	7
ir	7
ira	7
iraheta	7
iran	-2
iran-	7
iranian	4
iranians	7
iraq	-41
iraqi	-13
iraqis	-2
irate	6
irbid	18
ireland	-6
irion	7
iris	7
irish	-18
irlandesa	-9
irlandese	2
iron	-20
ironic	6
ironically	4
ironmongers	7
irony	4
irrational	6
irregardless	7
irregular	6
irregulars	7
irreplaceable	6
irrepressible	7
irresponsibility	7
irresponsible	6
irresponsibly	7
irreverent	7
irreversible	6
irrigated	7
irrigates	7
irrigation	4
irritated	7
irritating	7
irritation	7
irs	4
irvine	7
is	-64
is-lywydd	32
isaac	4
isabel	6
isabella	7
isak	7
isay	2
iscar	7
ischemia	-2
ischemic	7
isel	18
iseldiroedd	18
ishe	38
ishida	6
isiah	6
isio	18
isis	-14
isla	-16
islam	13
islamabad	7
islamic	-2
islamic-	7
islamist	7
island	-29
islanders	6
islands	-38
isle	4
isles	7
islets	7
ismail	7
isn	-15
isnt	4
iso	7
isobars	7
isobath	7
isobaths	7
isod	38
isoform	7
isoforms	6
isogloss	6
isoglosses	4
isolated	-2
isolation	2
isolde	18
isopropyl	6
isostatic	2
isotherms	7
isotope	7
israel	-3
israelaidd	18
israeli	-15
israelis	7
israelite	7
israelites	7
issuance	7
issue	-52
issued	-18
issues	-42
issuing	6
istanbul	4
isthey	7
isu	6
it	-64
it's	-2
it-	4
italian	-18
italianate	7
italians	6
italic	6
italy	-8
itaqui	7
itcentral	7
itch	7
itching	6
item	1
items	-10
iteration	6
iterations	6
ithink	7
ities	7
itineraries	4
itinerary	7
its	-64
itsdargens	7
itself	-44
itservices	18
itunes	18
itwhen	7
iur	4
iv	6
ivan	6
ivanov	7
ive	4
ivoire	7
iwan	48
iwerddon	32
ix	18
ize	7
izutsu	2
i·a·a	7
i·c	7
i·e	7
i·f·n	7
i·f·n-γ	7
i·m·a	7
i·m·d·b	7
i·m·f	-4
i·n·t	6
i·p·f	-23
i·p·o	6
i·s·i	4
i·s·o	-18
i·s·o-	-16
i·t·d	4
i·t·v	18
iâ	32
iâr	18
iím	7
i–	7
i”	18
j	-50
j-	7
jabal	7
jabber	7
jabez	7
jac	18
jack	-64
jacket	-13
jackets	2
jacks	7
jackson	6
jacob	7
jacobsen	-12
jacobwolfe	7
jacqueline	7
jacques	6
jacques-	7
jacton	7
jacuzzi	7
jade	-9
jaffa	4
jaffe	7
jahit	6
jai	6
jaiku	7
jail	-2
jailing	7
jails	7
jaime	7
jakarta	6
jake	-13
jam	7
jamail	6
jamal	7
james	-15
jameson	-20
jamie	2
jammed	7
jamming	7
jan	-13
janata	7
jane	7
janelle	6
janet	4
janey	6
jangles	7
janice	-17
janine	7
janisantipodeanpollock	7
january	-27
japan	4
japanese	-27
japanizing	7
jar	-16
jardine	4
jardinero	7
jared	-13
jarred	7
jarring	7
jars	7
jarvi	18
jarvis	7
jaundiced	7
java	-6
javamail	-29
jaw	-12
jaws	16
jay	6
jay-z	7
jayden	6
jazz	-15
jazzbands	7
jcfundrzr	7
jdasovic	6
je	7
jealous	-6
jealously	7
jealousy	6
jean	-2
jeanmaguire	7
jeanminette	6
jeans	-2
jebel	7
jebus	4
jebusites	7
jeep	6
jefe	7
jeff	5
jefferson	10
jeffery	-40
jeffords	-4
jeffrey	2
jell-	7
jell-o	7
jen	7
jenkins	18
jenna	7
jennifer	-6
jennings	7
jenrette	7
jeopardize	4
jeremiad	7
jeremiah	7
jerk	2
jerked	-2
jerking	6
jerman-	7
jerman-blazic	6
jerry	-14
jersey	-15
jerusalem	-37
jespersen	18
jesse	4
jessica	-6
jest	34
jesuit	7
jesuits	7
jesus	-26
jet	-17
jeter	7
jetfoil	7
jetfoils	7
jethro	7
jets	6
jew	4
jewel	6
jeweler	6
jewell	6
jeweller	4
jewellery	4
jewelry	-9
jewish	-35
jewish-	7
jewry	7
jews	-26
jia	7
jianshu	7
jiffy	7
jiggle	7
jihadists	7
jijr	7
jill	2
jill-e	-16
jilted	7
jilting	7
jim	-33
jim--	7
jimmy	2
jin	7
jingping	18
jinsen	18
jitterbug	7
jk	7
jmho	7
jo	18
joan	19
joanna	18
joanne	6
joannie	2
job	-55
jobless	7
jobs	-39
jocelyn	7
jock	7
jockey	4
jodi	7
joe	-30
joel	7
joey	7
jog	7
jogged	7
jogging	7
jogs	7
johar	6
johnanes	7
johnie	6
johnlopresti	-4
johnny	6
johno	6
johnonwine	7
johns	4
johnson	5
johnston	4
joia	18
joies	18
join	-37
joined	-23
joining	-10
joint	-17
jointly	2
joints	4
joke	-13
joked	7
joker	7
jokes	7
joking	2
jokingly	7
jokng	7
jolly	7
jolt	7
joltid	7
jon	2
jonathon	4
jones	-18
jonesin	7
jong	4
joost	7
jordan	-13
jordanian	7
jorge	4
jorgensen	7
jorja	7
jose	-4
joseph	-14
josey	7
josh	7
joshua	2
joss	4
jostled	7
jotted	6
jour	6
journal	-29
journalism	2
journalist	4
journalistic	7
journalists	2
journals	-25
journey	-12
journeys	7
journos	7
jousting	7
jovi	7
jovial	7
jowl	7
joy	-12
joyful	7
joyous	7
joyousness	7
joys	4
jp	-15
jpn	7
jr	6
js/	7
jsp	7
jsut	7
jtz	7
jtzlo	7
ju	7
juan	4
juanita	4
jubilant	7
jubilantly	7
judah	2
judaic	6
judaism	4
judd	4
judea	4
judeo	4
judeo-	6
judge	-30
judged	7
judgement	7
judgements	7
judges	-14
judging	-2
judgment	-24
judgments	4
judicial	-4
judicious	4
judisch	7
judo	6
jueli	4
juggernaughty	7
juggernaut	7
juiced	7
juicing	7
juicy	7
jul	-17
juli	4
julia	-19
julian	7
julianne	4
julie	-10
juliedave	7
juliette	7
july	-36
julydavi	7
jumble	7
jumbo	7
jump	-20
jumpa	7
jumped	-22
jumping	4
jumpsuit	7
jun	-24
junction	7
juncture	7
june	-42
jungle	-8
jungles	7
junie	7
junior	-4
juniors	6
junk	6
junker	7
junks	-2
juno	6
jupiter	7
jurassic	6
juricic	7
juries	6
juris	7
jurisdiction	6
jurisdictional	7
jurisdictions	6
jurisprudence	7
jurors	6
jury	-16
jus-	7
just	-64
justice	-39
justices	6
justifiably	7
justification	-14
justifications	6
justified	2
justifies	6
justify	4
justifying	4
justin	6
justmy	7
jutta	7
juvenile	6
juxtaposition	7
jwahl	4
jy	7
jyst	43
jzdq	6
jzvq	7
j·a·a	4
j·a·e	4
j·c·c	-13
j·k	18
j·l	7
j·r·m·c	7
j·s	6
j·s·t	7
j·w·m·j	7
jôc	18
k	-32
k-	-2
k-two	7
k_c_c	2
ka	7
kabala	7
kablam	7
kaboodle	7
kabul	7
kaden	18
kafeneion	7
kafu	7
kahn	-2
kahuna	7
kajaani	7
kalama	7
kalamazoo	7
kalen	7
kalsang	2
kam	7
kami	7
kamila	6
kaminski	-36
kandahar	7
kane	6
kang	18
kansu	6
kantor	7
kapazun	7
kapitan	7
kaplan	4
kaplancollege	7
kappa	18
kara	7
karaoke	7
karen	-9
karl	-6
karma	7
karnes	-29
karola	6
karon	-10
karon-	7
karthik	6
karzai	7
kasab	7
kat	2
kata	7
kate	-4
katherine	18
kathie	7
kathmandu	7
kathryn	7
kathy	11
katie	7
katief	6
katrina	7
katskee	7
kaufman	7
kavalier	7
kay	-9
kayaking	7
kayla	-8
kcl	4
kcmsd	7
kd	7
kda	7
kean	-34
kean-s	-6
kearny	7
keeffe	2
keen	6
keenly	7
keep	-55
keepers	6
keeping	-22
keeps	-15
keerthisingam	6
kegs	7
kejiranan	7
keld	6
keli	6
keller	4
kelley	7
kelly	-16
kellys	7
kelo	6
kelsey	-2
kelvin	6
kemal	7
kemosabe	7
ken	-12
ken_lay	7
kennedy	10
kenneth	4
kenneth_lay	7
kenny	7
keno	7
kent	4
kentucky	6
kenya	6
kenyan	7
kepada	7
kept	-32
keratoconjunctivitis	6
kerjodando	-6
kermit	7
kermitgorf	7
kernels	7
kerry	-27
kertbeny	6
ketchup	4
kev	32
kevenstratifybyers	7
kevin	-4
kevinscott	-4
key	-45
keyboard	2
keyboards	7
keyid	7
keynote/	7
keys	-20
keywords	7
kf	7
kffl	7
kflotus	7
khaki	2
khalilzad	7
khan	6
khenpo	2
khris	18
kibitzer	7
kick	-2
kickball	7
kicking	2
kickoff	7
kicks	6
kid	-26
kidd	7
kidding	-8
kiddo	7
kiddos	7
kidnapped	6
kidney	2
kids	-44
kiffer	7
kikas	7
kill	-34
killa	7
killed	-30
killer	-9
killers	6
killiney	7
killing	-23
killings	7
kills	2
kilogram	7
kilograms	4
kilometers	7
kilometres	-16
kilos	7
kiltman	7
kimberly	6
kimono	7
kin	6
kinase	4
kind	-53
kinda	-2
kindergardners	7
kindergarten	6
kindest	7
kindle	7
kindly	-13
kindred	7
kinds	-30
king	5
king's	18
kingdom	-15
kingdoms	4
kingerski	7
kings	6
kingsbridge	7
kinsley	7
kiosko	7
kipling	7
kippur	7
kiptanui	7
kiran	7
kirbys	7
kirk	7
kirke	7
kirkland	7
kishori	-13
kiss	-15
kissed	-4
kisses	-4
kissing	2
kissinger	6
kit	2
kitchen	-27
kitchens	6
kite	7
kiteboarding	7
kitsch	-12
kitten	-6
kittens	7
kitty	6
kitzmiller	6
kiwanis	7
kiwi	7
kiziltas	18
kj	7
kkk	6
klly	7
klopp	18
klute	7
klutz	7
km	-2
kn-	7
knead	7
knee	2
knee-	7
kneeling	7
kneels	7
knees	-14
knell	7
knelt	2
knew	-44
knicks	7
knife	-22
knight	4
knighton	7
knights	4
knit	6
knitting	6
knives	6
kno	7
knob	7
knock	-13
knocked	-8
knocker	7
knocking	-8
knockout	7
knocks	-6
knot	6
knotted	6
know	-64
know-how	-20
knower	6
knowi	7
knowin'	7
knowing	-37
knowledge	-32
knowledgeable	6
knowles	7
knowle­dgeable	7
known	-48
knows	-38
knowth	7
knox	4
knoxville	7
knuckled	7
knuckles	6
ko	6
koalas	7
kochba	7
kodak	7
koennen	6
koeppel	7
kofi	7
kohinoor	7
kohn	7
kok	6
koleniko	2
kolk	7
kollek	7
kong	-55
kontak	18
konu	7
koo	7
kookoóee	6
koon	7
koran	6
korea	-6
korean	2
korg	6
kos	6
koskovich	7
kosovo	2
kot	7
kowloon	-20
kowloon-	6
kowloon–	7
kowmpenay	7
krack	6
kraken	-23
krause	7
kray	7
krishna	-4
krishnarao	-6
kristin	7
krk	7
krock	7
kroesche	18
krosen	7
krutch	7
ks	6
kubla	7
kudos	6
kumar	6
kumparak	7
kun	6
kunchab	7
kung	4
kurath	7
kutcher	7
kuwait	2
kux	7
kvell	7
kvetch	7
kvue	7
kwai	2
kwania	6
kwatz	7
kweeder	7
kwon	7
kwu	7
kx	6
kxq	7
ky	6
kyle	-17
kyoga	2
kyoto	6
kyte	7
kz	7
k·a·a	7
k·b·c·u·b·s	7
k·c·r	4
k·f·f·l	7
k·l	7
k·r·k	7
k·y	7
l	-21
l-	-4
l_marilyn	7
la	-37
lab	-6
label	-31
labeled	-9
labeling	-8
labelled	7
labelling	7
labels	-26
labhart	2
labial	2
labor	-19
laboratories	6
laboratory	-2
labored	4
laborer	7
laborers	2
laboriously	6
labors	6
labour	-6
labrador	-4
labrouste	7
labs	6
labyrinths	7
lace	7
laced	6
lacerate	7
lacerations	7
laces	7
lachay	7
lachrymal	7
lacima	7
lack	-32
lacked	-4
lacking	-4
lacks	4
lacquered	7
lacquerware	7
lacrosse	6
lactose	7
lacy	6
lacz	7
lad	4
ladd	18
ladder	-4
ladderback	7
ladders	7
laden	-15
ladies	7
ladin	-12
lads	7
lady	-32
laff	18
lafur	18
lag	-13
lagged	7
lagging	6
lagos	4
lah	7
lai	26
laid	-16
laikin	6
lair	7
laird	7
lake	-35
lakes	-33
lakima	7
lama	-4
lambert	6
lambeth	6
lambs	6
lame	7
lament	4
lamenting	7
laments	7
lamido	7
lamma	-4
lammermoor	4
lamontagna	7
lamp	-6
lamps	6
lan	43
lancashire	7
lancaster	7
lancelot	7
land	-47
landa	7
landed	-4
landfills	7
landforms	7
landhaus-steinfeld	7
landing	-4
landings	7
landlessness	6
landlord	7
landlords	7
landmark	4
landmarks	7
lands	-17
landscape	-2
landscaped	6
landscapes	6
landslides	7
landward	7
lane	-12
lanelli	18
lanes	2
lang	6
langer	7
language	-51
languages	-34
lanka	7
lanky	7
lansiodd	32
lantau	-13
lantern	-13
lanterns	7
lanwrtyd	18
lap	-8
lapel	7
lapels	7
lapio	18
lapis	6
laporte	7
laposte	7
lappeenranta	7
lapping	6
lappland	7
lapses	7
laptop	-10
lar	7
lard	19
larf	7
large	-50
large-scale	4
largely	-23
larger	-29
largest	-30
largo	7
larios	7
larock	32
larry	6
larrythompson	7
larson	7
laryngitis	7
las	-40
lasagne	18
lascar	7
lasetjet	7
lash	7
lashes	4
lashing	7
lass	7
lassen	6
last	-64
lasted	-2
lasting	-14
lastly	7
lastname	2
lasts	-4
lat	4
latazo	7
latch	7
latched	7
late	-44
late-night	7
lately	-6
latency	7
later	-55
lateral	-10
laterally	7
latest	-29
latex	2
latin	-37
latinate	7
latitude	7
latrine	7
latte	4
latter	-15
lattman	7
lau	6
laugh	-27
laughed	-20
laughing	-26
laughs	-8
laughter	-8
launch	-8
launchy	6
laundered	7
laura	2
lauren	7
laurence	-4
laurey	18
lavender	6
lavish	7
law	-13
lawenydd	18
lawer	58
laweroedd	18
lawford	7
lawful	7
lawfully	7
lawless	7
lawmaker	6
lawmakers	4
lawn	16
lawr	55
lawrence	-4
lawrlwythais	18
lawrlwytho	56
lawrlwytho'r	18
laws	-42
lawson	4
lawsonstanley	7
lawsuit	-8
lawyer	-15
lawyers	-8
lawysgrifen	32
lax	6
laxness	7
lay	-34
layer	-15
layering	7
layers	-4
laying	2
laymen	7
layoffs	7
layout	-6
lays	7
laziest	7
lazily	4
lazuli	7
lazy	4
lbs	4
ld	6
le	13
leaches	7
lead	-34
leader	-23
leaders	-30
leadership	-24
leading	-30
leads	-23
leafless	7
leaflets	7
league	-21
leaguers	7
leagues	7
leah	4
leaked	7
leaking	7
leakr	7
leal	6
lean	2
leaned	-15
leaning	-6
leans	-9
leap	-8
leape	6
leaped	6
leapfrog	7
leapfrogeducation	7
leaping	6
leapord	7
leaps	6
lear	6
learn	-37
learned	-30
learners	7
learning	-16
learningtrends	7
learns	4
learnt	7
lease	6
leaseholders	7
leases	7
leash	4
least	-47
leather	-20
leatherback	7
leave	-46
leavened	7
leaves	-24
leaving	-29
lebanese	7
lebowitz	7
lebron	-12
leckrone	7
lecsicon	52
lecture	2
lectured	2
lecturer	7
lectures	7
lecturing	6
lectus	7
led	-19
ledaeniad	18
lederer	7
lederman	7
ledge	7
ledled	18
lee	13
leech	-4
leeches	7
leeching	7
leeder	7
leeds	7
leeech	7
leesburg	7
leeway	4
lefain	18
lefaru	38
lefel	52
left	-61
left-hand	6
left-handed	7
leftist	4
leftover	6
leftovers	6
lefty	7
lefydd	32
leg	-23
legacy	-2
legal	-36
legality	7
legalization	6
legalizing	6
legally	-6
legalonline	4
legalonline-compliance	7
legation	7
legations	7
legend	-6
legendary	2
legends	6
legerdemain	6
leggy	7
leghold	6
legi	7
legion	6
legions	7
legislate	6
legislates	4
legislating	6
legislation	-23
legislative	-24
legislator	7
legislators	2
legislature	-12
legislatures	-4
legitimacy	-9
legitimate	-14
legitimately	7
legitimization	7
lego	18
legs	-26
legwork	7
lehman	-4
lehrer	4
lei	6
leiaf	51
leib	7
leica	7
leicester	6
leichardt	7
leif	7
leigh	7
leihau	38
leihau'r	32
lein	43
leipio	18
leisure	4
leisurely	7
leit	18
lejeune	7
leland	6
lemme	7
lemonade	6
lemwn	18
lend	-6
lender	7
lenders	-10
lending	-13
length	-21
lengthen	7
lengthened	7
lengthens	7
lengthiest	7
lengthwise	7
lengthy	-2
lenient	7
lennox	18
leno	7
lenox	6
lens	-2
lent	4
lentils	18
lenyddiaeth	18
leo	7
leol	38
leon	7
leonard	7
leone	7
leonidas	7
leonsis	7
leopard	-12
leopold	7
lepic	6
leppard	4
lerner	7
leroy	7
lerpwl	18
les	25
lesbian	6
lesbians	2
lesions	6
leslie	4
lesotho	18
less	-53
lessees	7
lessen	7
lessig	-17
lesson	-15
lessons	-8
lesvos	4
let	-64
let's	18
lethal	6
lethargy	7
lets	-15
letter	-41
letters	-26
letting	-10
lettuce	6
leupeptin	7
level	-50
leveled	7
levels	-35
lever	6
leverage	-4
leviathan	7
levine	-4
levon	7
levy	7
lew	48
lewd	7
lewin	4
lewinsky	6
lewis	23
lewisville	7
lewygu	18
lex	6
lexical	6
lexicographers	7
lexicographic	7
lexicological	7
lexicon	7
lfaw	7
lfts	-4
lhe	7
li	8
lia	7
liabilities	4
liability	2
liable	6
liam	4
liar	-4
liars	7
lib	6
libbing	7
libbzgftienhbgr	7
liberals	6
liberated	6
liberators	7
liberia	-2
liberian	7
libero	6
libertarian	7
libertarians	7
liberty	10
libido	4
libra	7
librarians	7
libraries	-4
library	-40
libya	7
lic	7
license	-13
licensed	4
licenses	6
licensing	-2
licita	7
lick	6
licky	-2
lid	6
lidded	7
liderzinho	7
lids	4
lie	-21
lieberman	2
liebman	7
lied	7
lies	-21
lieu	2
lieutenants	7
lif	18
life	-64
life-changing	7
life-giving	7
lifeblood	7
lifeguards	6
lifehacker	7
lifeless	6
lifeline	7
lifelong	2
lifesaving	7
lifesize	7
lifespan	7
lifestyle	-9
lifestyles	7
lifetime	-12
lifetimes	7
liffey	2
lift	-17
lifted	-13
lifting	2
liftoff	7
lifts	-2
ligand	2
ligands	-20
light	-50
lightbulbs	7
lighted	2
lighten	7
lightening	7
lighter	-2
lighti	7
lighting	2
lightly	2
lightness	6
lightning	4
lightroom	7
lights	-24
lightthat	7
lightwith	7
ligula	4
like	-64
liked	-22
likelihood	4
likely	-43
likened	6
likeness	4
likes	-8
likewise	-2
liking	4
lil	6
lilac	7
lilacs	7
lilienfeld	6
lillian	7
lilly	6
lim	7
limb	-6
limbed	7
limbs	4
limelight	7
limestone	4
limit	-32
limitation	-13
limitations	-16
limited	-39
limiting	2
limits	-22
limo	7
limp	7
limping	7
lin	6
lincoln	23
linda	13
linday	6
lindberg	7
lindsay	6
lindsey	7
line	-49
lineage	6
linear	-2
lined	-6
lineis	7
linen	6
linens	7
liner	7
lines	-32
lineup	7
ling	6
linger	7
lingered	7
lingerie	6
lingering	6
lingers	6
linguado	7
linguibase	7
linguist	7
linguistic	-10
linguistics	6
linguists	-6
liniadur	18
lining	-2
link	-35
linkage	4
linked	-22
linkedin	6
linking	2
links	-9
linoleum	7
lintel	7
linux	6
linwood	18
lion	11
lionizing	7
lip	-4
lip-smackingly	7
lipid	-15
lipoprotein	2
lips	-9
lipstick	6
lipton	7
liqour	7
liquid	-9
liquidate	7
liquidation	7
liquidity	4
liquor	-6
lisa	16
lisamac	7
lisboa	7
list	-46
listed	-20
listen	-30
listened	-4
listener	7
listeners	6
listening	-30
listings	-2
lists	-12
lists-	-29
listserv	7
lit	-6
litany	6
literacy	6
literal	6
literally	-19
literals	6
literary	-16
literate	2
literature	-17
liters	7
lithologic	7
lithuanian	7
litigated	7
litigation	-4
litmus	2
litozo	4
litrau	18
litres·s·c	6
littered	6
little	-63
littleton	6
liu	4
live	-50
lived	-34
livefree	7
liveliest	6
livelihoods	7
lively	6
liver	-38
livernois	7
lives	-38
livescience	7
livestock	6
living	-44
livingstone	7
liza	7
lizard	7
lizzio	7
lizzy	7
ll	-27
lladd	32
lladdfa	18
lladin	38
lladrad	32
lladrata	18
lladron	32
llaeth	38
llafur	18
llai	55
llall	32
llanast	18
llanbadarn	18
llanbedr	18
llandough	18
llandwrog	32
llanelli	38
llanelwy	32
llanw	18
llanwyd	18
llaw	55
llawdriniaeth	18
llawenydd	18
llawer	62
llawlyfr	18
llawn	56
llawr	38
llc	6
lle	62
lle'n	18
lle'r	32
lledrith	43
lleferaist	18
lleferydd	18
llefrith	32
llefydd	32
lleiandy	32
lleihau	32
lleill	32
llen	18
llenni	32
llenoriaeth	18
llenwch	18
llenwi	32
llenwi'r	18
lleoedd	18
lleol	32
llesol	18
llestri	32
lletchwith	32
llety	18
lleucu	32
llewod	18
llif	18
llifo'n	18
llifogydd	18
llinell	32
llinyn	18
llinynnau	18
llithrodd	18
lliw	38
lliwio'r	18
lloches	18
lloegr	50
lloeren	18
llofnod	32
llofruddiaeth	18
llog	18
llogi	32
llond	38
llong	32
llongyfarch	18
llonni	18
llonnod	-24
llosgi	32
llosgodd	18
lloyd	16
llu	32
lludw	18
llugoer	18
llun	52
llundain	32
lluniaeth	18
lluniau	18
lluoedd	18
lluosi	18
lluosocach	18
llusga	18
llvp	7
llwfryn	18
llwm	18
llwy	38
llwybr	18
llwyd	38
llwyddais	18
llwyddiannus	38
llwyddiant	46
llwyddo	54
llwyddodd	18
llwyfan	18
llwynog	32
llwynogod	18
llwyr	38
llwyr”	18
llwyth	38
llwytho	38
llwytho'r	32
llydan	32
llyffantod	18
llyfr	52
llyfrau	46
llyfrgell	18
llyfrgellydd	18
llyfryn	32
llygaid	38
llygoden	18
llygredd	18
llyn	38
llynedd	46
llynnoedd	32
llys	52
llysenw	18
llysieuwr	18
llysoedd	18
llythrennedd	18
llythrennol	32
llythyrau	18
llywio	18
llywodraeth	56
llywodraethu	38
llywodraethu'n	18
llywydd	38
llywyddol	18
lmao	4
lme-notes	7
lmfao	7
lne	4
lo-	7
load	-40
loaded	-9
loading	-6
loadings	7
loads	-4
loam	6
loan	-25
loans	-30
loanword	7
loanwords	7
loathe	7
loathed	7
loathsome	7
lobbyists	6
lobotomy	7
lobsters	7
local	-51
locale	18
localities	4
localization	7
localize	6
localized	-6
localizes	7
locallinksenabled	7
locally	-2
locally-sourced	7
locals	-6
locate	2
located	-22
locating	4
location	-31
lock	5
lockdown	18
locked	-6
locker	4
locket	6
lockheed	-2
lockout	7
locks	2
locutions	7
lodge	6
lodged	4
lodges	7
lodging	7
lodhi	7
loegr	18
lofnodi	18
loft	6
lofts	7
log	-6
logarithm	7
logarithmized	6
logging	7
logical	-8
logically	6
logies	7
login	4
logistical	6
logistics	4
logo	-6
logs	6
logue	6
logue-	7
logues	7
logun	7
lohan	2
lohr	7
loire	7
lok	7
loled	7
loll	7
lollipops	7
lond	18
london	-26
lone	-10
loneliness	7
loner	7
lonesome	7
long	-40
long-range	6
long-term	-12
long-winded	7
longau	18
longboat	-16
longboats	6
longed	6
longer	-42
longest	4
longggggggggggg	7
longhorn	7
longing	7
longingly	7
longish	7
longitude	7
longline	7
longman	6
longstanding	7
longtime	6
longwinded	7
look	-63
looked	-54
lookin	4
looking	-53
lookout	2
looks	-41
loomed	7
looming	7
looms	6
loonosphere	7
loons	7
loooong	7
loop	-6
loophole	-2
loopholes	7
loopier	7
loops	6
loose	-15
loosely	6
loosen	7
looser	6
lopez	6
loptx	7
lora	7
lord	-38
lords	6
lordstown	7
lorem	4
lorenzo	7
lori	6
los	-23
lose	-28
loser	7
loses	2
losgi	18
losing	-24
loss	-34
losses	-19
lost	-45
lot	-8
loteri	18
lotion	7
lots	-20
lotsa	7
lott	7
lotta	7
lotus	-6
lou	7
loud	-24
louder	-2
loudly	-2
loughlin	7
louis	-10
louisa	18
louisette	7
louisiana	14
lounge	-4
lounged	7
lounges	7
lounging	7
louvered	7
lovable	7
love	-54
loveallpeople	4
lovebirds	7
loved	-24
lovely	-9
lover	-13
lovera	2
lovers	2
loves	-2
lovin	7
loving	-23
lovinglife	-12
low	-42
low-	4
low-cost	4
low-income	7
lowball	7
lowden	7
lowe	7
lowellville	7
lower	-43
lowered	-9
lowering	-22
lowermost	7
lowest	-8
lowing	7
lowland	6
lowry	6
loyal	2
loyalty	-6
lp	7
ltd	4
ltr	7
lu	7
luard	7
lubbock	7
lube	7
lubricious	7
lucas	7
luce	7
lucia	7
lucile	7
luck	-23
luckily	6
lucky	-23
lucrative	7
ludicrous	7
lufkin	7
lugard	7
luhu	7
luigi	2
luis	4
luke	2
luminaries	7
luminol	7
lump	6
lumped	7
lun	18
luna	7
lunatic	6
lunatics	7
lunch	-25
lunchbox	7
lunched	7
lunches	6
lunchtime	7
lung	-24
lunged	6
lungs	-16
luniwyd	32
lurch	7
lures	7
lurid	6
luring	7
lush	2
lusia	4
lusk	7
luster	7
lusíadas	7
luther	32
luvs	2
lux	6
luxe	7
luxor	7
luxuries	6
luxury	-16
luz	7
luís	7
lvoire	6
lwc	18
lwch	18
lwgu	18
lwy	18
lwyddiant	32
lwyth	18
lwytho	38
ly	-45
ly/	7
lydia	7
lyfio	18
lyfr	48
lyfrau	43
lygad	18
lygaid	18
lygdamis	7
lying	-16
lykes	6
lymph	7
lymphocytes	4
lymphocytic	6
lynch	6
lyndhurst	7
lynn	6
lynu	32
lyric	7
lyrical	7
lyricist	7
lys	18
lysiau	18
lysine	-2
lythrennau	18
lythyr	18
lywodraeth	38
lywodraethau	18
lywodraethu	18
lyzed	6
l·c	7
l·d	32
l·d·l	-2
l·f	2
l·f·t	4
l·g·b·t	6
l·l	18
l·l·p	7
l·m	7
l·p·t	7
l·q·b	7
l·s·c	-37
l·s·u	6
l·t	-2
l·w	7
lân	32
löyn	18
m	-18
ma	-20
ma'am	-14
ma'r	18
ma'”	18
maar	7
mab	32
mable	7
maboogie	7
mabwysiadodd	18
mac	43
macabbees	7
macabre	7
macanese	4
macaroni	18
macau	-36
macau-	7
macbook	14
macbreak	7
maccabean	7
maccabee	6
macciato	7
maccus	-6
macdonald	7
mace	-2
macedon	7
macedonia	6
macerate	7
machette	7
machida	7
machinations	6
machine	-20
machinelike	7
machinery	-4
machines	-13
machlud	46
macho	6
mackizme	-6
maclehose	7
maclellan	7
macos	18
macro	-6
macromedia	7
macron	18
macroscopic	7
macroscopically	7
macrostie	7
macroweaknesses	7
macs	28
mact	6
mad	-13
madam	-6
madame	-21
madarch	38
maddeua	18
maddeuant	18
maddow	7
made	-64
madeira	7
madison	18
madly	7
madness	6
madoff	7
madonna	7
madonnas	7
mador	7
madrid	7
madwoman	7
mae	64
mae'	18
mae'n	63
mae'r	63
maecenas	7
maen	61
maent	18
maer	18
maes	54
mafia	7
maganimously	7
magazine	-24
magazines	4
maggie	7
magic	-9
magical	4
magically	7
magician	7
magistra	6
magleby	7
magna	-10
magnesium	7
magnetic	4
magnficent	7
magnificent	-4
magnificently	7
magnified	4
magnifying	7
magnitude	-8
magnolia	7
magnus	7
mags	7
magsulat	7
magu	18
mah	4
mahals	7
mahathir	4
maher	4
mahi	18
mahmud	6
mahogany	7
mahoning	2
mai	61
mai'r	32
maid	4
maiden	6
maidens	7
mail	-52
mail-	6
mailbag	7
mailbox	-17
mailed	2
mailers	-16
mailhouse	7
mailing	-15
mailinglists	7
mailings	7
mailman	7
mailmen	6
mailscanner	6
mailto	-20
maimed	7
main	-23
maine	-14
mainframe	7
mainland	-9
mainly	-14
mainstay	7
mainstream	-2
maint	38
maintain	-27
maintained	-13
maintains	-6
maintenance	-18
mais	7
maisie	6
maison	7
majestic	7
major	-47
majoring	7
majorities	7
majority	-25
majors	7
makatrice	6
make	-64
make-up	7
makeachair	7
makeover	2
maker	-8
makers	-12
makes	-49
makeshift	7
maketh	7
makeup	4
making	-55
makings	7
maktoom	7
maktoum	7
malahide	7
malais	18
malama	7
malappropriation	7
malaquez	-25
malarial	7
malarianomore	6
malayo-	7
malaysia	-2
malaysian	4
malcolm	-39
malcom	4
maldonado	-10
male	-25
maleeha	7
males	-26
malesuada	7
malfunction	6
malfunctioned	6
malfunctions	7
malice	4
malicious	6
maliciously	7
malignant	6
malio	18
malkin	7
mall	-4
malleable	-2
malnourished	7
malnourishment	7
malnutrition	4
malouf	6
maltese	7
malvern	7
mam	55
mamahun	7
mamau	18
mamaux	7
mameluke	6
mamelukes	7
mamiaith	18
mammals	6
man	-48
mana	7
manacles	2
manage	-9
manageable	7
managed	-23
management	-35
manager	-27
managerial	7
managers	2
manages	2
manatee	7
manatees	7
manaus	7
manchester	4
mandalay	7
mandan	18
mandarian	7
mandate	-10
mandated	7
mandates	4
mandatory	-8
mandela	4
mandibles	6
mane	6
maneuver	6
maneuvers	7
manfred	7
mangiest	7
mangle	4
mangor	32
mangos	7
mangroves	6
mangy	7
manhattan	-16
manhood	6
mania	7
maniacal	7
manifest	4
manifestation	7
manifested	6
manifests	6
manila	6
manipulate	2
manipulated	7
manipulates	7
manipulating	7
manipulation	2
mankind	7
mann	4
mannadiar	32
manned	7
mannequins	7
manner	-29
mannered	4
mannerisms	6
manners	7
manning	4
mannix	7
manoeuvre	7
manoeuvring	7
manon	32
manor	6
manpower	6
mansions	2
mansnerus	7
manson	6
manster	7
mantais	43
mantelpiece	6
mantelshelves	7
mantesiodd	32
manthorpe	7
mantlepiece	7
mantra	7
manual	-4
manuel	6
manufacture	7
manufactured	4
manufacturer	-8
manufacturing	-8
manure	7
manuscript	6
manuscripts	7
manwhore	7
many	-64
manylion	43
manyof	7
mao	6
map	-6
mapi	6
maple	4
maples	7
mapped	7
mapping	2
mapquest	7
maps	2
mar	-9
marathon	2
marañón	-2
marble	-6
marc	7
march	-36
marche	7
marched	4
marches	6
marching	7
marcia	7
marciau	18
marcio	18
marco	7
marcos	7
marcum	7
marcus	-9
margaret	6
marge	7
marginalized	6
marginally	4
margins	7
maria	-6
mariam	6
mariano	6
marie	13
mariehamn	7
marijuana	7
marilynmonroe	7
marina	7
marinated	7
marine	-30
marines	-10
marino	7
mario	7
marion	-13
marionette	7
marist	7
maritime	6
marius	7
marjolaine	6
mark	-33
marked	-22
markedly	6
markers	-13
market	-54
marketable	6
marketed	4
marketer	7
marketing	-29
marketplace	4
marketplaces	6
markets	-35
marking	6
markings	7
markkaa	4
marks	-19
markup	-2
marlin	7
marlins	6
marmi	6
marn	51
marque	2
marquees	7
marquis	7
marraige	7
marriage	-31
marriages	7
married	-27
marriott	7
marrowbones	7
marry	2
marsh	-2
marshall	-10
marshals	7
marshes	6
mart	19
martha	42
martin	-13
martina	7
marty	-18
martyr	7
martyrs	6
marv	7
marvel	6
marveled	7
marveling	7
marvelous	2
marw	38
marw'n	18
marwol	32
marwolaeth	18
marxist	6
marxists	7
mary	26
maryland	6
marz	7
marzark	2
mar­ket	7
mas	19
masa	6
masada	7
masataka	7
mascara	7
masculine	-4
masg	18
masgiau	32
mash	7
mashed	7
mashup	7
masnach	6
masonry	4
mass	-22
massa	7
massachusetts	-2
massacre	6
massage	4
massing	7
massive	-24
massively	7
massivity	7
masson	6
mast	-4
master	-20
mastercard	6
mastered	7
masterful	7
mastering	4
masterly	7
mastermind	6
masterpiece	4
masterpieces	7
masters	2
masterson	7
masterworks	7
masts	4
masturbation	7
mat	7
match	-19
matched	-9
matches	-2
matchett	6
matching	-2
matchmaker	4
mate	-14
mateo	6
mater	32
material	-29
materialized	6
materials	-32
materion	38
maternity	4
mates	7
math	5
math-	7
mathau	32
mathemateg	18
mathematical	4
mathematically	7
mathematician	6
matheson	7
matoaka	18
matress	7
matriarchies	7
matrimony	7
matrinoli	7
matrix	2
matrixx	7
matt	4
mattaponi	18
matte	7
matted	6
matter	-49
mattered	4
matters	-20
mature	6
maturity	6
matzoh	7
mauberley	7
mauboy	7
maudlin	7
mauduit	18
maugham	7
maui	6
maureen	-6
mauro	7
mavens	7
maver	7
maverick	7
mavin	7
maw	7
mawr	60
mawrth	38
mawrygu	18
max	-6
max_to_show	7
maxillary	4
maxim	4
maximal	7
maximalist	7
maximize	4
maximum	-16
maxthon	7
maxwell	4
may	-64
may-	7
mayan	-20
mayanists	7
maybe	-50
maybelline	7
mayes	7
maylasia	7
mayonnaise	7
mayor	-9
mazak	6
mazar-e-	7
maze	7
mazel	7
mazon	7
mazuma	7
mazza	7
mba	7
mc	-17
mcalpine	-6
mcbride	7
mccain	-6
mccall	-6
mccann	7
mccarthy	6
mcclelland	2
mccollum	2
mcconnell	7
mccoy	-20
mccracken	7
mccubbin	6
mcd	7
mcdavid	7
mcdonald	6
mcdonalds	4
mcdougall	7
mcginnis	6
mcginniss	7
mcgrath	7
mcgraw	7
mcguigan	6
mchale	7
mchargue	7
mchsi	7
mcimail	7
mcintyre	6
mckim	-8
mckinney	7
mckinsey	6
mclaren	7
mclean	7
mcneal	7
mcneill	7
mcnichols	7
mcvicker	2
mcyrus	4
md	6
mday	7
me	-64
me/	7
mea-	7
mead	26
meadow	2
meadows	7
meager	7
meal	-15
mean	-62
meander	-2
meandering	-14
meanders	2
meaness	7
meaning	-34
meaningful	-15
meaningfully	7
meaningless	2
meanings	6
means	-45
meant	-32
meantime	2
meanwhile	-4
measure	-40
measured	-14
measurement	-2
measurements	4
measures	-40
measuring	-2
meat	-12
meathead	6
meats	7
meaty	7
mebane	7
mecca	4
mechagodzilla	7
mechanical	-6
mechanically	7
mechanics	6
mechanism	-22
mechanisms	-8
medal	-8
medals	7
meddai	60
meddai'r	38
meddalnod	-34
meddalwedd	32
meddwl	61
meddyg	38
meddygol	32
meddygon	32
meddylia	32
meddyliodd	43
meddyliwch	38
meddyliwn	32
medellin	4
medi	32
media	-38
median	7
medians	7
mediate	6
mediated	2
mediating	7
medicaid	6
medical	-26
medicalization	7
medicare	-20
medication	4
medicinal	7
medicine	-18
medicines	6
medieval	7
medina	7
mediocre	6
mediocrity	7
meditation	7
meditative	7
mediterranean	-8
medit­er­ranean	7
medium	-15
medlock	18
medpacs	7
medr	32
medru	50
meds	4
medusa	7
meeds	7
meeee	7
meek	7
meet	-37
meeting	-54
meetings	-36
meets	6
mega	6
megadick	6
megadik	6
megahertz	7
megalopolis	7
megan	18
megaphone	6
megaprime	7
megawati	6
meghan	7
megiddo	7
megillah	7
megis	46
mehdiabadi	7
mehta	6
mei	7
meier	4
meindio	18
meini	18
meisters	7
meistr	18
mel	4
melancholy	7
melatonin	-8
melchzedik	7
melhor	7
melina	-2
melodic	6
melodious	7
melodramatic	6
melody	-20
melon	-2
melons	6
melt	4
meltdown	6
meltdowns	7
melted	-2
melting	7
melville	6
melynwy	18
melys	18
membekal	7
membekalkan	7
member	-38
members	-45
membership	-36
membrane	2
membranes	6
meme	4
memes	7
memo	-4
memoir	6
memorabilia	7
memorable	4
memorandum	6
memorial	-2
memories	-18
memorized	6
memory	-30
men	-50
menace	6
menagerie	7
mend	7
mending	7
menial	7
menopausal	7
menopause	-12
menot	7
mens	7
mensch	7
menstruation	7
ment	7
mental	-18
mention	-20
mentioned	-32
mentioning	4
mentions	2
mentoring	4
mentors	6
menu	-9
menus	7
menyediakan	7
menyn	43
menyw	18
menywod	18
meowed	7
mercedes	4
mercenaries	6
mercer	-15
merch	46
merchan	7
merchandising	7
merchant	-4
merched	38
mercher	32
merci	7
merciful	6
merck	6
mercury	-22
mercy	7
mere	-14
meredith	7
merely	-28
merge	2
merged	-8
merges	6
meridian	-8
meringue	7
merit	-12
merits	7
merkel	19
meronym	32
merrier	7
merrill	6
merriment	7
merrion	7
merritts	6
merry	6
merry-go-round	7
mes-	7
mesangial	6
mesenchymal	7
mesenchyme	-10
mesh	7
meshugga	7
mesin	6
mesoderm	6
mesopotamia	7
mesquita	7
mess	-18
message	-49
message-	4
message-----	-24
messaged	4
messages	-12
messaging	6
messed	2
messes	7
messiah	6
messin	7
messing	7
messy	4
mesur	18
met	-39
meta	2
meta-	7
metabolic	6
metabolism	7
metabolite	-2
metabolites	2
metal	-26
metal-	6
metallic	2
metals	-2
metamorphosis	6
metamucil	7
metaphor	4
metaphorical	7
metaphorically	7
metel	18
meteorologist	7
meter	-6
metering	4
meters	4
methanol	6
methesda	32
methiannau	18
method	-15
methodical	7
methodist	7
methodistiaeth	18
methodists	7
methodology	4
methods	-23
methoxamine	7
methoxime	7
methu	53
methylgluatryl	7
meticulousness	7
metr	18
metre	7
metres	-19
metres·b	6
metres·w	4
metre·w	7
metric	6
metrics	7
metro	2
metropolis	6
metropolises	7
metropolitan	4
metts	7
mewian	18
mewn	63
mewnbynnwch	18
mewngofnodi	18
mexican	-10
mexicans	7
mexico	-19
meyer	6
meyers	7
mezande	7
mezz	7
mezzrow	7
mfoster	7
mg	-18
mgm	19
mgmt	7
mhen	32
mhencampwriaeth	18
mhlant	32
mhlentyndod	18
mhob	18
mhobman	18
mhrofiad	18
mhy	7
mhz	-6
mi	62
mi'n	18
miami	-8
miamiherald	7
miao	7
mibnne	7
mice	2
mich	7
michael	-29
michelle	-9
michellecole	7
michigan	4
micing	7
mickey	19
micr-	7
micro	-8
microbial	7
microblogging	7
microenvironment	7
micronyx	7
microphone	-6
microphones	4
microscope	7
microscopically	7
microsgopig	18
microsite	7
microsoft	-9
microsoft-	7
microsoftoffice	4
microstrength	7
microwave	4
mid	-21
mid-	-2
midair	6
midatlanticdogs	7
midday	4
midden	-34
midden-odors	7
middle	-40
middle-class	6
middle-income	6
middle_east	7
middleaged	7
middleground-level	7
middleman	7
middlemen	7
midland	7
midlife	7
midnight	-13
midsized	7
midway	6
midwest	2
midwestern	7
midwesterner	7
midworker	6
mien	7
mies	-4
miesian	7
might	-61
mightier	6
mightily	7
mighty	4
migrant	6
migrate	6
migrated	2
migration	-2
migratory	7
miguel	4
mijo	7
mike	-20
mikes	-4
mikhail	7
mikkeli	7
mikkey	7
mil	32
milady	7
milan	7
mild	4
mildly	2
mile	-15
mile-a-minute	7
mileage	-4
milepost	2
miles	-32
miley	6
miliband	7
milimeters	7
militant	7
militantly	6
militants	7
militaries	7
militarily	6
militarism	7
military	-44
militating	7
militias	7
miliwn	25
miliynau	32
milk	-13
milkis	18
milkweed	7
milky	7
mill	-10
millennia	6
millennium	-2
miller	-14
miller-	4
millersville	6
millicent	6
milliliters	6
millimeter	4
millimeters	7
millimetres	2
million	-41
millionaire	6
millions	-16
millipore	7
millisecond	7
mills	-23
milltir	18
millville	7
miloedd	32
milos	6
milosevic	-4
milton	6
milwaukee	6
milwr	18
milwriaethus	18
mime	-28
mime-	-29
mimic	6
mimicked	7
miming	7
min	-18
mina	7
minaret	7
minarets	7
minaya	2
minceur	7
mind	-52
mind-twistings	7
mindboggling	7
mindbus	7
minded	-15
mindedly	7
mindful	7
minding	7
mindless	7
minds	-4
mindset	6
mindsmith	6
mindspring	7
mindwipe	-4
mindy	18
mine	-29
minefield	7
miner	7
mineral	7
miners	6
mineshaft	4
mineta	7
ming	7
mingle	7
mingled	6
mingling	7
minh	6
mini	4
mini-oatcakes---verily	7
miniature	7
minimal	-2
minimalism	2
minimalist	6
minimization	7
minimize	7
minimum	-21
mining	2
miniscule	7
minister	-16
ministerial	7
ministering	7
ministers	6
ministry	6
mink	7
minnau	18
minneapolis	7
minnelli	7
minnesota	4
minnie	6
minoan	6
minoans	7
minor	-26
minorities	7
minority	-4
mins	4
mint	-2
minta	7
minter	7
minus	-8
minute	-30
minutes	-46
minutespresident	7
mio	7
mipcom	7
mir	7
miracl	-10
miracle	-2
miracles	6
miraculous	4
miraculously	7
mirage	4
miranda	19
mire	6
mirror	-14
mirrored	6
mirrors	6
mirs	7
mirth	7
mirthful	7
mirthless	7
mis	59
misadventure	7
misaligned	7
misalignment	7
misapprehended	7
misappropriating	7
misattributed	7
miscalculated	7
miscarried	7
mischaracterized	6
mischaracterizes	7
mischel	4
mischevious	6
mischief	7
misconceived	7
misconceptions	7
misconduct	7
misdeeds	7
misdemeanors	7
misdirected	7
miser	7
miserable	6
misers	7
misery	7
misfires	7
misfortune	7
misguided	2
mish	7
misinformation	6
misinterpretation	6
misinterpretations	7
misinterpreted	7
misjudgments	7
mislead	4
misleading	-6
misled	7
mismatched	6
misnomer	4
mispelling	7
misplaced	6
mispronounce	6
misquoted	7
misread	7
misrepresent	6
misrepresentation	4
misrepresentations	6
misrepresentative	6
misrepresenting	7
miss	-28
missed	-20
missile	6
missiles	2
missing	-29
mission	-34
missionaries	2
missionary	-6
missions	7
mississippi	13
missive	7
missouri	7
misspelled	7
misstatements	7
missus	-30
mistake	-22
mistakes	-20
mistakes-	7
mistar	52
mister	-60
mistical	-16
mistres	32
mistress	6
mistrust	7
misty	7
misunderstand	2
misunderstanding	-6
misunderstandings	6
misuse	7
misused	6
mit	-17
mitch	-2
mithradates	7
mitigate	7
mitigates	7
mitigating	6
mitochondrial	6
mitogenic	4
mitsubishi	7
mitsukoshi	7
miva	7
miw	18
miwsig	32
mix	-22
mixed	-25
mixing	6
mixture	-2
mixtures	7
mizpah	7
mizrahi	7
mjiaml	7
ml	-8
mlaen	18
mlgpartners	6
mlwydd	32
mlwyddiant	18
mlynedd	50
mlân	18
mm	-23
mmh	7
mmm	-6
mmm-mm	7
mmmm	7
mmmmm	7
mmmmmm	7
mmvix	18
mn	7
mnemonic	6
mnpublius	7
mo	-6
mo'ch	18
mo'i	18
mo'r	18
mo-ove	7
moai	-2
moan	4
moaning	6
moans	7
moat	7
mob	-10
mobile	-18
mobilecrunch	7
mobility	2
mobilize	7
mobilized	7
mobilizing	7
mobs	7
mobster	-2
mobsters	6
mobuzz	7
moch	18
mocha	7
mochyn	18
mock	4
mocked	7
mocking	7
mocks	7
mod	57
modd	62
mode	18
model	-30
modeled	-6
modeler	7
models	-23
modem	6
moderate	-2
moderates	7
moderating	6
moderator	7
moderators	7
modern	-29
moderncat	6
modernist	-6
modernists	7
modernity	2
modernize	7
modernized	7
modes	6
modest	-6
modestly	2
modfedd	18
modicum	7
modification	-9
modifications	4
modified	-21
modifying	6
modiwl	18
modulate	4
modulated	7
module	6
moel	38
moennig	7
moethus	18
mogavero	7
moguls	7
mohamad	7
mohamed	6
mohammad	7
mohammed	4
mohogus	7
mohoni	18
mohta	7
molar	4
mold	6
molded	7
molding	4
moldings	6
molecular	-6
molecule	-2
molecules	-10
molenwerf	4
molestie	7
molina	2
moll	7
moller	6
molly	6
mom	-31
mombasa	7
moment	-44
momentarily	6
momentary	7
momentous	7
moments	-19
momentum	7
momif	7
momma	6
mommy	7
momordica	7
moms	6
mon	-28
mona	6
monaco	7
monae	7
monarchists	7
monash	6
monastery	-9
monastic	7
moncrieff	7
mond	32
mondala	7
monday	-33
mondays	7
monday–	6
monere	7
moneres	7
moneta	6
monetized	7
money	-61
moneygram	7
moneymanagerfraud	7
mongol	7
mongrel	7
monic	7
monica	2
monies	6
monitor	-10
monitored	6
monitoring	2
monitors	7
monitory	7
monk	-2
monkey	-28
monkeys	-9
monks	7
monochrome	7
monoclinal	7
monod	7
monogamy	7
monogatari	4
monolingual	7
monomer	7
monopolies	4
monopoly	-2
monorail	7
monotonous	6
monotony	7
monozygotic	7
monsieur	7
monster	7
monsters	7
monstrosities	7
monstrosity	7
monstrous	7
montaaaaaaaana	7
monte	7
montedison	4
monterey	6
monterrey	4
montezuma	7
montgomery	6
montgomeryshire	18
month	-33
monthly	-2
months	-46
montier	6
montreal	4
monty	7
monumental	4
monuments	4
mood	-10
moody	-2
moon	-15
moons	7
moore	-45
moore-landecker	18
moored	7
mooring	4
moos	7
moot	7
moots	7
mopping	4
mops	6
moquerie	7
mor	61
moral	-14
morale	2
moralistic	7
morality	6
morally	7
morals	6
moran	7
morass	6
moratorium	7
morbi	7
morbid	4
morbidity	2
more	-64
moreover	-10
moreso	7
moresuccesful	7
morgage	7
morgan	16
morgannwg	18
moriah	6
moriizumi	7
mormon	4
mormons	6
morning	-44
morningafter	7
mornings	7
mornington	7
morny	7
moroedd	32
moron	35
morons	4
morphed	7
morphogenesis	7
morphologic	7
morphological	7
morphologies	7
morphology	4
morris	4
morrison	6
morrow	6
morse	6
mort	7
mortal	-2
mortality	-12
mortally	7
mortals	7
mortar	7
mortgage	-36
mortgage-	7
mortgages	-20
morthwyl	18
morwyn	18
morynion	18
mosaics	6
moscow	18
moseley	7
moses	2
mosh	7
moshe	6
moskowitz	7
mosley	7
mosquito	7
mosquitoes	7
mossberg	7
most	-64
mostly	-27
motel	4
moteurs	7
moth	7
mothejennifer	7
mother	-44
mother-in-law	7
motherfucker	7
motherless	7
mothers	-2
motifs	7
motility	7
motion	-29
motioned	6
motioning	6
motionless	7
motionplus	4
motions	-2
motivate	6
motivated	6
motivation	-16
motivational	7
motivations	7
motive	-20
motives	-4
motivic	-4
motor	-2
motorcade	7
motorcycle	6
motorist	7
motorists	7
motorized	6
moulin	18
mound	-14
mounds	6
mount	-17
mountain	-26
mountaineering	7
mountainous	2
mountainpridemedia	7
mountains	-14
mountainside	7
mountaintops	7
mounted	4
mounting	2
mounts	6
mourners	7
mourning	6
mouse	-4
moussaoui	6
moussaoui-were	7
mousse	6
mouth	-33
mouths	6
mouthwateringly	7
move	-46
moved	-35
movement	-43
movements	-20
moves	-17
movie	-37
movies	-20
moving	-35
mow	7
moyn	18
moynihan	7
mozart	7
mozartian	7
mozilla	7
mp	6
mpalmer	7
mpg	4
mpre	7
mps	7
mqvn	7
mr	-23
mrawd	32
mrbrink	2
mrc	-6
mreichiau	18
mrna	-6
mro	18
mrsa	7
mrserrano	7
mryste	18
ms	-9
ms-c	2
mscegenations	7
mslarry	7
msleading	7
msn	7
msterious	7
mt	-2
mtas	7
mtn	6
mtxzl	7
mubarak	-2
much	-64
mucho	6
mud	7
mudbanks	7
mudbomb-hurling	7
muddy	7
mudiad	18
muehlberger	6
mueller	-2
muerta	4
muffin	2
muffins	6
muffle	6
muffled	7
muffler	7
mufti	6
mug	6
muggsy	7
mughal	7
mugs	4
muhammad	7
mui	7
muise	-8
mujeres	7
mulch	7
mule	6
mules	7
mull	6
mullah	7
mullins	7
mullion	7
mullionless	7
multi	-13
multi-	6
multichannel	7
multicultural	6
multiethnic	7
multifaceted	7
multilingual	6
multinational	2
multiplayer	7
multiple	-23
multiplication	7
multiply	2
multipoint	7
multitrillion-dollar	7
multitude	7
multitudes	6
mum	2
mumbai	7
mumbled	6
mumbles	7
mumbling	7
mumbo	7
mun	4
mundane	7
mundos	7
municipalities	6
munis	7
munoz	7
munud	26
mural	7
murchison	7
murder	-10
murdered	-4
murderer	6
murderers	6
murders	4
murfreesboro	7
muriau'r	18
murmured	2
murmuring	4
murmurs	7
murphy	6
murray[s·m·t·p	7
muscadoodle	6
muscat	-14
muscatel	4
muscle	-9
muscles	-2
muscular	7
muse	6
museglobal	7
museu	7
museum	-31
museums	-6
musharraf	2
mushroom	7
mushrooms	7
mushy	7
music	-43
musicals	7
musician	6
musicians	4
musicological	7
musk	18
muskat	6
muskrat	-13
muskrat-muskat-muscat	7
muskrats	6
muslim	-12
muslims	-16
mussed	7
mussolini	7
must	-61
mustafa	6
muster	7
mustn	7
musty	7
musus	32
mus­eum	7
musée	7
mutable	7
mutagenesis	7
mutants	6
mutated	7
mutating	7
mutations	6
muted	4
mutinied	7
mutiny	7
mutt	7
mutter	7
muttered	-2
muttering	6
mutters	7
mutu-	7
mutual	-10
mutual-	7
mutually	-9
mutuel	6
muzzle	7
mv	-6
mwayfrif	18
mwd	32
mwnci	38
mws	4
mwus	7
mwy	62
mwyach	43
mwyaf	57
mwyafrif	43
mwyn	62
mwynau	32
mwyngloddio	18
mwynhaodd	18
mwynhau	46
mwynhewch	38
mwzua	7
mx	6
my	-64
my-	7
mycenaeans	4
myceneans	7
myers	4
myfi	18
myfyrwyr	43
mykind	7
mylon	18
mymryn	18
mynd	62
mynedfeydd	32
mynediad	46
myneged	18
mynegiant	32
mynn	18
mynnaf	18
mynner	18
mynnu	38
mynnwch	18
mynwentydd	18
mynychodd	18
mynychu	32
mynychu'r	18
mynydd	46
mynydda	18
mynyddoedd	18
myocardial	-19
myrddin	7
myriad	-4
myrmica	7
myrna	6
mysasan	6
myself	-44
myselflike	7
mysinamail	7
myspace	4
mysql	7
mystacial	6
mysteries	6
mysterious	-6
mysteriously	6
mystery	-4
mystique	7
myteamrivals	7
mythbusters	4
mythical	7
mythological	7
mythologies	6
myths	2
mywyd	43
m·l·b	4
m·l·m	2
m·l·s	7
m·r·h	7
m·s·g	7
m·s·i's	18
m·s·n	-4
m·t·a	7
m·t·c·n	4
m·t·r	4
m·w·b	7
m·z·f·l	7
mân	43
mêl	18
môn	32
môr	48
môr-leidr	18
möller	7
mŵmêcwac	18
n	-44
n't	-64
n-	-2
n-alkanes	2
n-alkene	-2
n-alkenes	6
n-one	6
n-two	7
na	51
na'i	46
na'r	51
na'th	18
naacp	7
naan	7
nabod	43
nac	55
naches	7
nacl	4
nad	61
nada	7
naddo	18
nadolig	38
nafis	7
nag	56
nagano	7
nagasaki	6
nagawa	7
nagged	7
nagging	6
nagy	7
nah	4
nahou-lnint	7
nahou-m·s·c·n·x	7
nahq	7
nail	-6
naill	48
nails	6
nain	28
nairns	7
naively	7
nak	2
nakamoto	7
naked	-9
nakedness	7
nal	32
nalgene	7
nam	2
nambu	7
name	-60
named	-30
namely	2
names	-29
naming	-13
namma-holes	6
namsik	7
nannies	7
nanny	7
nanosecond	6
nanoseconds	7
nanotyrannus	7
nanowrimo	-12
nanson	6
nant	18
nantucket	7
nap	4
napa	-22
napkin	6
napoleon	18
napped	7
napping	7
naps	7
narcissism	7
nardo	-4
narnia	7
narow	7
narrates	7
narration	7
narrative	-2
narratives	6
narrator	6
narrow	-18
narrowed	6
narrower	7
narrowly	2
nasa	-9
nasal	4
nash	18
nashviille	7
nashvillians	7
nasty	6
nat	6
natau	7
nate	7
nathan	-32
nation	-45
national	-53
national-	7
nationalism	7
nationalist	7
nationality	6
nationally	6
nationals	-10
nationhood	6
nations	-31
nationwide	-8
native	-32
natives	-4
nato	-15
natter	7
natur	43
natural	-34
naturalist	7
naturalistic	6
naturalization	7
naturally	-9
naturalness	7
nature	-45
naturegrid	32
naturiol	40
naturioldeb	18
nau	18
nauseam	7
nauseous	7
nautical	4
nav	18
naval	6
navasoto	7
navigate	-2
navigating	6
navigation	-2
navigational	6
navigator	7
navy	2
naw	29
naw-a	7
nawdegau	18
nawr	57
nawran	32
naws	18
naw€	18
naxos	2
nay	6
nazareth	7
nazi	7
nazis	6
naïf	32
nb	7
nba	6
nbc	4
nber	2
nbersupport	7
nbxlm	7
nbxy	7
nd	-6
ndd	7
ne	14
neal	7
near	-41
near-	7
nearby	-25
neared	6
nearer	4
nearest	2
nearing	4
nearly	-37
neat	2
neatly	4
neb	57
nebbish	7
nebraska	4
nebuchadnezzar	7
nec	7
neccessary	7
necessarily	-25
necessary	-44
necessary-	7
necessities	4
neck	-27
necklace	-6
necks	4
necom	6
nectar	7
ned	7
nee	7
need	-64
needed	-43
needin	7
needing	4
needle	4
needles	6
needlessly	7
needs	-44
needy	7
neef	7
nef	32
neg-	7
negating	7
negation	7
negative	-13
negatively	7
negatives	6
negawatts	7
neges	56
negeseuon	38
negev	7
neghebores	7
neglect	-6
neglected	2
neglectful	7
negotiate	-6
negotiated	-21
neidio	18
neigh	6
neighbor	-22
neighborhood	-25
neighborhoods	-20
neighbors	-9
neighbour	7
neighbours	4
neighs	7
neil	-12
neill	2
neilltu	18
neither	-29
neithiwr	43
nellis	7
nelson	-19
nemesis	7
nen	7
nenek	7
neo	-2
neo-	7
neocons	6
neocortex	7
neologism	7
neologisms	6
neon	6
neonatologists	7
neotectonic	6
neotectonics	7
nep	7
nepal	7
nephew	6
nephews	7
nepthys	-41
neque	7
nerc	4
nerfol	18
nerfus	18
nerth	50
nerve	-6
nerveless	7
nerves	7
nervous	-14
nervouse	7
nervously	-4
nes	55
nesa	32
nesa'r	18
nesaf	59
nesfa	7
nesges	18
ness	4
nessie_monster	7
nest	-46
nestdist	6
nestdistance	7
nested	6
nestenter	-2
nestexit	-2
nesting	-2
nestmate	-15
nestmates	6
nestorian	7
nestorient	-2
nestpatrol	-6
nests	2
net	-49
nets	-6
netscape	-13
network	-32
networked	7
networking	-9
networks	-17
neu	62
neu'n	48
neu'r	32
neuadd	32
neud	18
neural	-15
neuroanatomy	7
neurobiology	7
neurodevelopmental	7
neuron	6
neuronal	7
neurons	-2
neurophysiology	7
neuroscience	7
neurotransmitter	7
neuter	7
neutral	-6
neutrality	7
neutralize	4
neutrally	7
nevada	-6
nevels	7
never	-64
neverland	7
nevertheless	-12
new	-64
newbies	7
newborn	6
newcomer	6
newcomers	7
newddion	18
newell	6
newer	-2
newfangled	7
newfound	7
newgrange	7
newhouse	6
newid	59
newidiadau	38
newidiai	18
newidiodd	46
newint	7
newislen	18
newlands	7
newly	-1
newmatter	6
newport	7
newpower	7
news	-50
news-	7
newsboy	6
newscasts	7
newscenter	7
newsday	7
newsletter	-17
newspaper	-27
newspapers	-21
newsprint	7
newsweek	7
newsy	7
newton	6
newydd	61
newyddion	48
newydd”	32
newyn	18
next	-61
nextint	6
nf	7
nfca	7
nfl	7
ng	-12
ngalw'n	18
ngeiriau	18
nghadair	18
nghaerdydd	18
nghaerfyrddin	18
nghaernarfon	43
nghais	18
nghalon	18
nghanol	18
nghartref	18
nghasnewydd	18
nghefnogaeth	18
nghi	18
ngholeg	18
nghroen	18
nghwestiwn	18
nghwm	18
nghyfaill	38
nghyfeiriad	18
nghyfer	18
nghyfieithiad	18
nghyfrifiadur	46
nghylchgronau	18
nghymru	50
ngogledd	18
ngwaith	18
ngwiriondeb	18
ngwlad	18
ngwneud	18
ngŵr	18
nh	6
nhab	32
nhabl	32
nhad	18
nhalaith	18
nhead	7
nheulu	18
nhlbi	6
nhw	62
nhw'n	61
nhw'r	43
nhwrci	18
nhŷ	38
nhŷ'r	18
ni	63
ni'n	59
ni'r	18
niamh	7
niang	6
nib	6
nibble	7
nibh	6
nicaragua	4
nice	-36
nice-	7
nicely	2
nicer	2
nicest	7
niche	-9
niches	7
nicholas	6
nichols	7
nicked	7
nickel	-10
nickleby	7
nickname	4
nicknamed	7
nico	-15
nicoise	6
nicole	-2
nid	63
niddah	6
niece	6
nieces	7
niel	7
nieves	7
nifer	55
niferoedd	32
nigel	7
nigeria	-16
niggardly	7
nigh	7
night	-55
nightclub	2
nightclubs	6
nightfall	6
nightim	7
nightingale-	7
nightly	7
nightmare	4
nightmares	7
nights	-9
nighttime	7
nigon	18
nihili	7
nikita	7
nikki	7
niks	7
nile	4
niles	6
nils	7
nilsen	6
nimmer	7
nimocks	7
nine	-64
nine's	7
nine-	7
nine-km	7
nine-o	7
nineand	6
nineteen	-49
nineteen-	7
nineteenth	-24
nineteenths	6
ninetieth	6
ninety	-51
ninja	-9
ninjas	2
ninnau	32
ninny	7
nintendo	2
ninth	-37
ninths	6
nionyn	38
nipples	7
nirvana	7
nishimoto	6
nissan	7
nist	2
nit	7
nit-picki	7
nite	7
nitrate	7
nitrocellulose	7
nitrogen	-12
niwed	18
niweidiol	18
niwl	32
niwron	18
niwtral	18
niwylliant	32
nixon	4
njjti	7
nl	-24
nltb	7
nm	7
nnqy	7
no	-64
no-	6
no-one	6
no/	6
noah	-2
nobel	2
nobile	7
nobility	7
noble	2
noblemen	6
nobody	-21
nocturnal	6
nod	27
noda	18
nodau	18
nodded	-21
noddi	18
nodding	6
node	-28
nodedig	18
nodes	-23
nodi	50
nodi'r	18
nodiadau	32
nododd	18
nods	-6
nodular	7
nodwedd	18
nodweddion	18
nodyn	19
noel	-2
noerr	7
noeth	18
nofel	32
nofio	32
noggin	7
noir	-14
noise	-14
noises	6
noisy	7
noite	7
nokia	4
nolan	7
nomad	7
nomadic	7
nome	7
nomenclature	7
nomenclatures	7
nominally	7
nominate	7
nominated	6
nomination	6
nominee	4
non	-14
non-	-20
non-existent	7
non-exocrine	-6
non-fatal	4
non-governmental	7
non-hydrolysable	6
non-hydrolyzable	7
non-military	7
non-native	7
non-nestmates	7
non-partisan	7
non-pharmacologic	7
non-profit	4
non-public	7
non-smoking	6
non-stop	6
non-utility	7
non-violent	7
nonattainment	7
noncommittal	7
nonconformant	7
nondenominational	7
nondescript	6
nondeuterated	7
none	-48
nonemergency	7
nonetheless	-9
nonexpert	7
nonfatal	7
nonfibrotic	7
noninterchangeably	6
noninteroperability	7
nonletter-size	7
nonlinguists	7
nonlocal	7
nonmedically	7
nonperishablemarketing	7
nonpermanent	7
nonpostal	7
nonprofit	7
nonrecurring	7
nonsens	18
nonsense	-2
nonspecialist	7
nonspeech	7
nonsports	7
nonstandard	7
nonsubscribers	7
nonsynaptic	7
nonvertebrates	7
nonwaiver	7
noobz	7
noodle	7
noodles	6
noodling	7
noon	-8
noonday	7
noooo	7
noose	7
nop	7
nope	6
nope-	7
nor	-31
nora	7
noram	6
norbert	7
noreen	7
noreply	4
noriega	4
norm	2
norma	4
norma-	7
normal	-24
normalization	-8
normalized	6
normally	-9
normalrwydd	32
normals	7
norman	-6
normandi	18
normative	7
norms	4
norrington	-41
norten	-13
north	-39
northcoast	7
northeast	-2
northeastern	2
northern	-24
northernmost	6
northward	7
northwest	2
northwestern	6
norton	7
norway	7
norwegian	6
norwood	7
nos	56
nosara	6
nose	-20
nosed	7
nosh	7
noshin	7
noson	46
nosra	7
nossa	7
nostalgia	7
nostrils	7
not	-64
nota	7
notable	-4
notables	7
notably	2
notational	7
notations	7
notch	6
note	-42
notebook	-6
notebooks	7
noted	-24
notes	-33
noteworthy	7
nothin	6
nothing	-53
nothingness	7
notice	-32
noticed	-27
notices	-4
noticing	4
notification	6
notified	2
notifies	7
notify	-12
noting	-10
notion	-8
notional	7
notions	2
notochord	6
notoriety	7
notorious	6
notoriously	7
notre	19
nottingham	18
noun	2
nouns	6
nourishment	7
nouveau	6
nov	-32
novel	-23
novelist	7
novellas	7
novels	2
novelty	7
november	-26
novia	7
novogratz	7
novos	7
novosel	7
now	-64
nowdonít	7
nowhere	-8
nox	-25
np	7
npr	6
nprecision	7
npxzl	7
nq	7
nsaids	7
nsas	6
nsf	-8
nsfw	7
nt	7
ntpdases	-6
nuances	7
nublar	7
nuclear	4
nucleoside	7
nucleotidase	2
nucleotide	-12
nucleotides	-4
nude	6
nudges	7
nudnik	4
nueva	7
nuevo	7
nugget	7
nuggets	7
nuh	6
nui	4
nuisance	7
nuisances	7
nuke	4
null	7
nulla	2
nullam	7
numb	7
number	-57
numbered	-12
numbering	-4
numbers	-33
numerator	7
numerical	7
numerous	-24
numismatic	4
nun	4
nunc	6
nursery	6
nurture	-6
nurtured	7
nurtures	7
nurturing	7
nut	4
nutrients	6
nutrition	6
nuts	-6
nuttgens	7
nuys	4
nvnnfc	7
nw	6
nwnet	-6
ny	7
nychymyg	18
nyfnder	32
nylon	6
nymphs	7
nyrnau	18
nyt	7
nytbr	7
nytmeg	18
nytol	7
n·b	6
n·c	2
n·c-seventeen	7
n·e·p	4
n·f-κb	6
n·f·s	7
n·h·a	7
n·h·l	7
n·i·h	6
n·j	-2
n·l	-4
n·m	7
n·m·f·s	7
n·n·e	7
n·n·w–s·s·e	7
n·p	18
n·r·a	-16
n·s	6
n·s·a	7
n·s·c	-2
n·s·w	7
n·t	4
n·w	4
n·w·f	-8
n·y	-14
n·y·c	6
n·y·t	-16
n·y·t-dim	-4
n·y·t-zero	6
n·y·u	7
não	7
nôl	58
número	7
o	58
o'ch	32
o'clock	-32
o'connell	6
o'connor	7
o'i	59
o'm	46
o'n	59
o'r	63
o'r'	18
o's	18
o'th	18
o'toole	18
o'u	18
o-	2
o-bis	6
o-books	7
o_	4
o_k	-35
oak	2
oakland	6
oaks	7
oar	2
oases	6
oasis	6
oates	7
oath	6
oaths	7
oats	2
obaith	18
obama	14
obedience	7
obediently	7
obese	-9
obesity	-6
obey	7
obeyed	7
obfuscation	7
obidos	7
object	-33
objection	-34
objectionable	6
objections	-6
objective	-10
objectively	7
objectives	-4
objects	-17
objid	2
obligated	-2
obligation	-12
obligations	-14
obligatory	7
oblige	7
obliged	4
obliterated	7
oblivion	7
oblivious	6
obscene	7
obscenely	7
obscenity	7
obscured	6
obscurity	6
observable	6
observances	7
observant	7
observation	-10
observational	7
observe	-13
observed	-23
observer	7
observers	7
observes	4
obsessed	7
obsession	-9
obsessive	7
obsidian	4
obsolescence	7
obsolete	4
obstacle	-2
obstacles	-6
obstetrician	7
obstetrics	7
obstructing	7
obtain	-12
obtained	-19
obtaining	2
obtains	7
obtrusive	7
obviate	7
obvious	-30
obviously	-26
oc	7
occasional	-10
occasionally	-15
occasions	4
occupancy	7
occupant-	7
occupation	-4
occupational	7
occupations	7
occupied	4
occupies	7
occupying	4
occur	-21
occurred	-22
occurrence	-9
occurrences	-6
occurring	-4
occurs	-22
oce	-25
ocean	-24
oceanarium	7
oceanic	7
oceanography	7
oceans	-8
ochoa	-6
ochr	52
ochr”	18
oclc	19
oct	-15
octatonic	7
octavius	7
octet	4
octets	7
october	-39
ocê	18
od	18
odd	-23
oddi	51
oddieithr	18
oddly	6
odds	-8
odidog	18
odio	6
odious	7
odometer	6
odor	6
odors	7
odyssey	4
oed	60
oedd	63
oeddech	38
oeddem	32
oedden	38
oeddent	32
oeddet	38
oeddit	18
oeddwn	18
oedi	46
oedolion	32
oedran	38
oefner	7
oer	48
oeri	18
oes	63
oesoedd	18
oevres	7
of	-64
ofalus	50
ofccp	7
ofer	32
ofergoel	18
ofergoeliaeth	32
off	-64
off-line	6
offbeat	7
offchance	7
offeiriad	18
offence	7
offend	6
offended	7
offenders	7
offense	-4
offensive	6
offensively	7
offer	-9
offered	-27
offering	-23
offers	-34
offertrax	7
offeryn	43
offerynnau	18
offhanded	7
office	-51
office-what-version-of-office-am-i-using	18
officemeoo	7
officer	-29
officers	-15
offices	-16
official	-36
officially	-12
officials	-32
offramps	7
offscreen	6
offset	-19
offsets	-6
offsetting	7
offshore	6
offspring	6
offutt	6
ofn	53
ofnadwy	18
ofni	32
oft	7
often	-50
oftener	7
oftentimes	6
ofyn	48
ofyniad	18
ofynion	18
ofzc	7
ogee	6
ogla'n	18
ogof	18
ogoneddus	32
ogor	18
ogystal	50
oh	-32
oh-	7
ohebwyr	18
oherwydd	55
ohh	7
ohhh	6
ohio	-19
ohioans	7
ohoni	18
ohono	50
ohono'n	18
ohonoch	43
ohonom	38
ohonot	32
ohonyn	18
ohonynt	61
ohta	7
oi	2
oicdv	7
oicm	7
oil	-22
oilcloths	7
oiled	7
oilfield	7
oiling	7
oilmen	7
oilstates	6
oink	6
oivv	6
okay	-38
okechukwu	7
ol	19
olaf	43
olaf”	18
olau	18
olchi	18
olchi'r	32
old	-60
old-	7
older	-35
oldest	-19
oldfields	7
olds	7
olduvai	7
ole	7
oleuni	18
olew	43
olewydd	32
olfactory	2
olgas	7
olhando	7
olion	32
olive	6
oliver	7
olivier	7
oll	32
ollwng	18
olmos	7
olson	-2
olwg	48
olygfa	18
olygu	43
olygu'r	18
olygus	18
olympaidd	18
olympia	7
olympic	2
olympics	2
olympus	7
omar	4
omas	7
ombra	7
omen	7
omg	7
omgitsbeckii	7
omission	-2
omissions	7
omit	7
omitted	7
omitting	7
omled	18
omnimax	7
omnipresent	7
omxyw	7
on	-64
on-screen	7
once	-56
oncogenes	7
oncology	7
oncoming	7
ond	63
one	-64
one-	6
one-at-a-time	7
one-on-one	6
one-third	6
one-time	7
one-year	7
oneand	6
ones	-44
oneself	6
onest	18
ongc	7
ongoing	-14
oni	46
onic	6
onid	18
onion	7
onions	6
onli	7
online	-34
onlinebackgammonroom	7
onlinechristianshopper	6
onlinemailbox	-4
onlinerussianbrides	7
onlookers	7
only	-64
ont	7
ontario	7
onto	-35
ontology	6
onw	7
onward	6
oo	6
ooh	4
oohed	6
oohh	7
oomycota	18
ooo	7
oooh	7
oooooo	7
ooooooh	7
oooooooover	7
oooover	7
oopps	7
oops	2
oozes	7
op	6
op-	7
opal	7
opaque	7
open	-54
open--	7
open-ended	7
opened	-38
opener	7
openers	7
opening	-24
openings	7
openlab	7
openly	-2
openness	7
openprotect	6
opens	-17
opensim	7
opensource	7
opera	-9
operamail	7
operand	6
operate	-13
operated	-4
operates	-8
operating	-19
operatio	7
operation	-19
operations	-29
operatives	6
operator	-25
operators	-19
operâu	18
opined	7
opinion	-36
opinions	-14
opium	4
opp	2
opponent	-23
opponents	-4
opportunist	6
opportunities	-28
opportunity	-42
oppose	-6
opposed	-18
opposes	6
opposite	-24
opposites	7
opposition	-9
oppressed	7
oppression	7
opsiwn	32
opsiynau	18
opt	7
opted	7
optic	7
optical	4
optimism	7
optimistic	-8
optimistically	7
optimists	4
optimization	-8
optimizing	6
opting	7
option	-22
optional	-6
options	-28
opts	7
opulent	6
oqvvv	7
or	-64
oracle	6
oral	-10
orally	6
orange	-14
oranges	7
orate	7
orau	48
orb	7
orbital	6
orchestra	-6
orchestras	7
orchestrating	7
orchids	7
orchymyn	18
orci	6
orcling	7
ord	7
ordained	7
ordeal	7
ordeiniwyd	18
order	-54
ordered	-23
ordering	6
orderly	2
orders	-24
ordinary	-12
ordination	7
ordnance	7
ore	4
oregonian	6
oreilles	7
orellana	6
oresgyniad	18
orffen	18
orfod	18
orfrwdfrydig	18
org	-16
org/	6
organ	-8
organig	18
organisation	6
organisational	6
organisations	6
organised	7
organising	-8
organism	18
organization	-35
organizational	-4
organizations	-26
organize	-2
organized	-17
organizer	6
organizing	-10
organs	4
orgs	7
oriad	32
oriau	46
orient	-4
oriental	6
orientation	-12
oriented	-6
orig	6
origin	-13
original	-41
originality	2
originally	-17
originals	4
originate	7
originated	4
originating	7
originator	7
originators	6
orion	7
orkida	18
orlando	4
orleans	4
orlewicz	7
orllewin	18
orme	6
ormesol	18
ormod	46
ornament	-2
ornamental	6
ornamentals	7
ornamented	7
ornaments	2
ornare	6
ornate	2
orona-	7
orphan	6
orphanages	7
orphaned	6
orpheum	7
orrin	7
orsaf	32
ortega	-2
orthogonal	7
ortizz	7
orton	6
oruchwyliaeth	18
orwedd	18
os	62
osama	-10
oscar	4
oscars	7
osgoi	38
oshkosh	4
osod	52
osprings	7
ostensible	7
ostensibly	7
ostentatious	7
osteo-arthritis	7
ostrich	7
ostriches	7
ostwng	18
otcpk	7
oth-	7
other	-64
others	-49
otherwise	-34
otoño	7
ots	18
ottawa	7
otters	4
ottoman	-12
ottomans	2
ou	7
ouchi	7
ought	-42
oulu	7
ounces	2
oup	7
our	-64
oural	7
ours	-15
ourself	7
ourselves	-17
oust	7
ousted	7
ousts	6
out	-64
outages	7
outback	7
outbid	7
outbreak	6
outburst	7
outcome	-9
outcomes	7
outcrop	7
outcry	7
outdone	7
outdoor	-13
outdoors	-12
outer	-2
outfield	6
outfielder	-2
outfielders	4
outfit	4
outfitted	7
outgoing	4
outgrowth	7
outings	6
outlast	7
outlaw	4
outlawed	2
outlay	6
outlet	2
outlined	6
outlines	4
outlining	7
outlive	7
outlook	13
outlying	-4
outnumbered	7
outpacing	7
outpost	7
output	-17
outputs	4
outputted	7
outra	7
outrage	2
outraged	7
outrageous	-2
outrageously	7
outright	6
outrun	2
outs	2
outset	7
outside	-46
outsider	7
outsourced	7
outsourcing	6
outspoken	7
outstanding	-23
outstretched	6
outta	4
outward	6
outweigh	7
outweighs	7
oval	4
oven	6
ovens	7
over	-64
overall	-23
overarching	6
overblown	7
overboard	-2
overcast	7
overcome	-6
overcoming	7
overcommitting	7
overconfident	7
overcrowded	7
overdetermined	7
overdose	7
overdue	2
overeager	7
overexploited	7
overextended	-2
overfished	7
overfishing	2
overflight	7
overflowed	7
overground	7
overgrown	6
overhangs	7
overhead	-9
overheads	7
overheard	4
overhearing	7
overjoy	7
overjoyed	7
overkill	7
overland	6
overlap	-2
overload	2
overloaded	7
overlook	7
overlooked	7
overlooking	4
overly	2
overnight	-21
overpass	7
overpaying	7
overplays	7
overpowering	7
overran	7
overreaching	7
overreacting	7
override	6
overrides	7
overriding	7
overrule	6
overruled	6
overruns	7
overs	7
oversaw	6
overseas	-10
oversee	4
overseeing	4
overshadowed	7
oversight	-4
oversimplified	7
oversized	7
overstayed	7
overstep	7
overtaken	7
overthrow	6
overthrown	7
overtime	7
overtones	6
overtook	7
overturn	2
overturned	-4
overturns	7
overuse	7
overweight	-14
overwhelmed	6
overwhelming	-10
overwhelmingly	6
oviduct	7
ovulei	7
ow	-15
owa	6
owe	-10
owed	-8
owen	5
owes	4
owing	6
owl	7
owls	7
own	-42
owned	-24
owner	-14
owners	-14
ownership	-15
owning	2
owns	-13
oxford	-10
oxford-	7
oxide	7
oxides	6
oxley	7
oxygen	-12
oxygens	2
oy	-12
oys	7
oyster	7
oysters	7
oz	6
ozone	-2
o·b	6
o·b·e	18
o·d·k·x·y	7
o·i·g	7
o·i·v	7
o·m·g	7
o·s·i	6
o·s·i-d·s	7
o·s·x	32
o·t·c-twf	7
p	-55
p-	2
pa	56
pab	32
pabi	18
pablo	7
pac	7
pace	-15
paced	6
pachuco	7
pacific	-14
pacing	7
pack	-4
package	-36
packaged	6
packages	-8
packaging	-4
packed	-6
packers	7
packet	-2
packets	7
packing	4
packwood	6
pacman	7
pact	7
pad	7
padded	4
paddle	2
paddles	7
paddling	6
paddy	38
padell	18
padraic	6
pads	4
paducah	7
paek	7
paella	7
paga	7
pagan	4
paganism	7
paganistic	7
page	-47
pager	6
pages	-24
paging	7
pagoda	-12
pagodas	4
pai	7
paid	9
paige	-9
paill	18
pain	-29
painful	-10
painfully	7
painin	7
pains	-2
paint	2
painted	-19
painter	7
painting	-15
paintings	2
paints	7
pair	-22
paire	7
paired	6
pairs	-13
paiute	7
paiutes	4
pajama	7
pajamas	7
pak	7
paka	7
pakistan	-17
pakistani	4
pal	6
palace	-6
palaces	2
palas	18
palate	-2
palatial	6
pale	-15
paleoclimate	7
paleolinguistics	7
paleontologist	7
paleontology	7
paleosoils	7
paleotectonics	7
paleozoic	7
palestine	-15
palestinian	-13
palestinians	-2
palin	-15
pall	7
palladian	2
palladio	-4
pallavi	6
pallid	7
pallor	6
palm	-15
palmedo	7
palmeiro	6
palmer	4
palmisano	7
palms	-2
palo	4
palpable	7
palsy	7
palu	18
pam	57
pamper	7
pamphlet	6
pamphleteer	7
pamphlets	7
pan	61
pan-	-4
pan-mayanism	6
pan-mayanists	7
panama	-6
panamera	7
pancake	6
pancetta	7
pancreatic	7
panda	-2
pandas	-18
pandemig	18
pander	7
paned	6
panel	-22
paneled	7
panels	7
panes	7
panic	-10
panicked	7
panics	7
pankhurst	18
panned	7
pannesley	-20
panorama	7
panoramic	6
pans	-2
pansies	6
pansy	4
pant	19
pantano	6
pantheon	6
panther	7
panties	2
panting	2
pantry	6
pants	-17
panty	2
pantyhose	7
papa	4
papandreou	7
paper	-27
papers	-19
paperwork	4
paprica	18
paprika	4
papur	32
papyrus	7
par	18
para	18
parachute	7
paracrine	7
parade	19
paraded	7
paradigm	7
paradise	2
paradox	2
paradoxical	4
paraformaldehyde	7
paragraff	32
paragraffau	32
paragraph	-6
paragraphs	6
paralee	7
parallel	-18
paralleling	7
parallels	7
paralyzed	7
paramecium	4
parameter	7
parameters	4
paramount	7
paramours	7
paranoid	7
paranoids	7
parapets	6
paraphrase	4
paraphrasing	7
paratoi	43
parau	18
paraxial	6
parboiled	7
parc	38
parcel	2
parch	32
parched	7
parchedigaeth	18
parcio	32
pardee	7
pardon	-6
pardoned	6
pared	7
parent	-17
parenthetical	4
parenting	2
parents	-35
parhad	32
parhau	51
parhau”	18
parhewch	18
parhâ	18
pari	6
paring	7
paris	-18
parish	6
parisian	7
parity	7
park	-40
parked	-6
parker	-2
parkland	7
parks	3
parkway	6
parlance	7
parliament	2
parlor	6
parlors	7
parmesan	32
parmesean	7
parnell	7
parochial	7
parod	18
parody	7
parole	2
paroled	7
paros	4
parquet	6
parrot	-13
parry	18
parse	4
parser	-8
parsers	7
parsing	-10
part	-61
partaking	7
parted	4
parteibuch	7
parth	18
parti	7
partial	-9
partially	-9
particip	7
participant	7
participants	-21
participate	-19
participated	4
participates	7
participating	-4
participation	-8
participial	7
participles	7
particle	2
particles	6
particular	-43
particularly	-36
particulars	4
particulate	7
partiers	7
parties	-26
partin	6
partinpa	7
partisan	7
partition	7
partitioned	7
partitions	6
partly	-18
partner	-20
partnering	7
partners	-9
partnership	-15
partnerships	-2
partook	7
parts	-33
party	-36
partying	2
partïon	18
paru'n	18
pas	7
pasadena	-8
pascoe	6
pashtun	7
pasio	38
pasiwyd	18
paso	7
pass	-36
passage	-20
passages	-2
passed	-39
passenger	2
passengers	-16
passerby	7
passes	-4
passing	-24
passion	-12
passionate	-4
passionately	7
passions	6
passive	4
passover	4
passport	-4
password	-9
passwords	6
past	-33
pasta	28
pastaza	4
paste	-2
pastime	7
pastimes	7
pastoralism	7
pastricha	7
pastries	6
pastry	6
pasture	6
pastures	4
pat	-9
pataca	7
patagonian	7
patch	-6
patched	7
patches	7
patchwork	7
patek	7
patent	-6
patented	4
patentee	4
patents	7
pater	7
path	-24
pathes	7
pathetic	2
pathetically	7
pathogen	7
pathogenesis	2
pathologic	7
pathological	7
pathology	4
pathophysiology	6
paths	-6
pathway	2
patience	-8
patient	-14
patients	-45
patio	6
patios	7
patmos	6
patriarchy	7
patricia	7
patrick	-9
patriot	6
patriotic	6
patriotism	7
patriots	4
patroclus	7
patrol	-4
patroller	-16
patrollers	-17
patrolling	-28
patrolman	7
patrols	7
patron	4
patroness	7
patronizingly	7
patrons	4
patrwm	18
pats	2
patsy	7
patted	6
pattern	-46
patterned	7
patterning	7
patterns	-34
paul	-24
paul-	7
paula	2
paulo	6
paulson	7
pause	-14
paused	-2
pauses	4
pausing	2
pavement	6
pavilion	2
pavilions	4
pavlov	7
pavlovian	6
paw	6
pawb	59
pawn	6
pawprints	6
paws	6
pay	-47
payable	6
paycheck	7
paychecks	7
payday	7
payers	6
paygo	6
paying	-22
payment	-36
payments	-20
payoff	4
paypal	-4
payphones	7
pays	4
paz	6
pb	6
pc	8
pcm	7
pcs	6
pct	4
pdf	10
pdfs	18
pe	43
peabody	7
peace	-27
peaceably	7
peaceful	-6
peacefully	2
peacekeepers	7
peak	-28
peaked	6
peaking	2
peaks	7
peanuts	2
pear	7
pearl	-35
pearling	7
pearls	2
pearly	6
peasant	6
peasantry	6
peasants	2
pebble	6
pec	7
pecan	4
pecans	6
pecker	4
pecking	6
pecks	7
peculiar	-6
pecyn	32
pedair	3
pedder	6
peddled	6
peddlers	7
pede	6
pedersen	7
pedestal	7
pedestrian	7
pedestrians	7
pedicab	7
pedicabs	6
pediment	7
pedimented	6
pediments	7
pedro	7
pedwar	17
pedwerydd	19
peek	4
peer	4
peered	7
peering	7
peg	4
pegged	4
peggy	7
peidiant	18
peidiwch	50
peintio	32
peiperl	7
peiriannau	18
peiriant	43
peirianyddol	18
peizerat	6
pejorative	6
peking	7
pelegostos	6
peli	46
pelicans	7
pell	5
pellach	38
pellaf	18
pellet	7
pelletier	6
pellets	6
peloponnese	7
pelts	7
pelydr	18
pen	9
pena	7
penalties	6
penalty	-10
penbyliaid	18
pencampwyr	18
pence	-14
penchant	6
pencil	-2
pendant	6
pendants	7
pendelton	7
penderfynais	51
penderfyniad	18
penderfynodd	43
penderfynu	43
penderfynu”	18
penderfynwyd	18
pending	-10
pendlebury	6
pendleton	6
pendraw	18
penetrate	7
penetrating	6
penetration	7
penguin	4
penguincaptain	-4
penicillin	7
penile	7
peninsula	-15
penis	-9
penn	2
pennaeth	18
pennaf	18
pennant	2
pennau	18
penned	6
pennies	7
pennsylvania	-15
penny	-8
penobscot	7
penodau	32
penodol	46
penrhyn	18
pensaernïol	18
pensando	7
pension	6
pensive	7
pensively	6
pentafluorobenzyl	6
pentagon	-9
pentatonic	-8
penteulu	32
penthouse	7
pentyrru	18
penultimate	7
penwan	18
penwythnos	46
people	-64
people's	19
people-who-shouldn	7
peoples	-22
peoria	7
pepin	7
pepper	7
pepsi	7
pepstatin	7
per	-39
perceive	4
perceived	-18
percent	-64
percentage	-14
percentages	7
perception	-8
perceptions	4
perceptive	7
perched	7
perchloroacetic	7
perchnogion	18
percussion	7
percutaneous	4
perdiew	6
perennial	7
perfect	-36
perfected	7
perfecter	7
perfection	4
perfectionist	7
perfections	7
perfectly	-20
perfformiad	38
perfformiadau	18
perfformio	46
perforated	6
perforations	7
perform	-19
performance	-24
performed	-23
performers	6
performing	-4
performs	6
perfume	7
perhaps	-48
peri	44
pericholangial	7
peril	6
period	-40
periodic	7
periodically	2
periodicals	2
periods	-6
peripheral	7
perish	7
perk	7
perkhidmatan	7
perkins	-23
perl	6
perlin	6
perlman	7
permanence	7
permanent	-17
permanently	6
permeate	7
permeates	7
permissible	-2
permission	4
permissiveness	7
permit	-6
permits	2
permitted	-15
permitting	6
permutations	7
peroxidase	7
perpendicular	4
perpetrated	7
perpetrators	6
perpetual	-10
perpetually	2
perpetuate	7
perpetuating	7
perpetuities	6
perplexed	7
perrick	7
perry	6
persecuted	7
persecution	7
persephone	7
persian	-12
persians	4
persist	6
persisted	6
persistence	6
persistent	-10
persistently	7
persists	7
persky	7
persli	18
person	-12
persona	7
personable	7
personal	-38
personalities	6
personality	-6
personalized	6
personally	-22
personnel	-6
personol	46
persons	-23
perspective	-20
perspectives	4
persuade	-2
persuaded	7
persuasion	7
persuasive	6
perswadiodd	18
pertach	18
pertaining	7
perth	7
perthnasau	18
perthnasoedd	18
perthnasol	18
perthyn	48
perthynas	32
perthynol	18
pertinent	7
peru	-9
peruvian	6
perv	7
pervades	4
pervasive	4
peryglus	32
pes	7
pesce	7
peso	7
pesos	6
pest	7
pestering	7
pesticide	7
pesticides	6
pet	-14
peta	6
petaen	18
petai	43
petai'r	18
petalau	18
petards	7
petawn	18
peter	-23
peterman	6
petermcwealth	7
peterson	6
peth	59
pethau	56
pethau'n	32
pethe	18
petite	7
petition	-15
petitioned	4
petitioner	7
petitioners	-19
petitioning	4
petitions	-4
petro	7
petrol	7
petroleum	6
pettersen	7
petting	7
petty	6
peux	7
peyton	-4
pfeifer	6
pfizer	7
pfpfpf	7
pgs	4
ph	-18
pharetra	6
pharmaceutical	6
pharmaceuticals	7
pharmacia	6
pharmacist	6
pharmacologic	7
pharmacology	6
pharmacy	7
phartner	18
pharyngeal	-8
phase	-15
phased	7
phases	6
phasing	7
phd	4
pheasant	7
phedwar	18
phedyll	18
pheidiodd	18
phen	38
phenomena	7
phenomenally	7
phenomenology	7
phenomenon	2
phenotype	4
phenotypic	4
phenotypical	6
phenotypically	7
phenylmethylsulphonyl	7
pheromone	-6
pheromones	-4
phew	7
phi	6
phil	6
philad	7
philadelphia	4
philander	7
philandering	4
philanthropic	7
philanthropy	4
philatelic	7
philharmonic	7
philibert	7
philidelphia	18
philip	-27
philippi	7
philippines	-2
phillip	18
phillips	6
philly	4
philo	7
philosopher	7
philosophers	4
philosophical	4
philosophy	-9
philsophy	7
phineas	7
phish	7
phishing	6
phlesio'n	18
phn	6
phob	43
phobl	38
phoced	38
phoeni	38
phoenicia	7
phoenicians	6
phone	-26
phoned	7
phoneme	7
phonetic	7
phonics	6
phonograph	6
phonotaxis	6
phorfa	18
phortreadu	18
phosib	18
phosphate	-4
phosphates	-2
phosphorylated	7
photel	7
photo	-24
photocopier	7
photocopying	7
photodiodes	2
photofinishers	7
photofunia	7
photographed	6
photographers	4
photographic	2
photographing	7
photographs	-9
photography	-8
photoimpact	7
photomatix	7
photoreceptor	2
photoreceptors	4
photos	-8
photoshop	7
php	-2
phrase	-18
phrased	7
phrases	6
phrasing	4
phren	18
phroblemau	18
phrofiadau	18
phrofwch	18
phryd	18
phtotographed	7
phudnik	7
phupur	43
phwysigrwydd”	18
phyllis	4
phylum	7
physical	-31
physically	-6
physician	4
physics	-2
physiologic	6
physiological	6
physiology	4
pi	6
pianista	-9
piano	11
pianoman	7
piau	18
pic	7
pick	-36
picked	-27
pickering	6
picket	7
picking	-8
pickled	7
pickles	7
picks	-18
pickup	4
pickups	7
picnic	4
picnicking	4
pics	6
pict	7
picture	-32
pictured	7
pictures	-20
picturesque	-9
picturing	7
pidyn	18
piece	-31
pieced	7
piecegreat	7
piecemeal	7
pieces	-20
piedmont	7
piehole	7
pieper	7
pier	6
pierce	6
piercean	7
pierced	4
pierces	7
piercing	7
pierre	7
piggies	7
piggy	6
pigo	18
pigs	4
pigtail	7
pigtailed	7
pijacych	7
pike	-2
piki	6
pilasters	7
pile	-10
piles	2
pilgrimage	7
pilgrimages	6
pill	2
pillage	7
pillar	4
pillard	2
pillow	-4
pillowcase	7
pillowcases	7
pillowfight	7
pills	-4
pilot	-13
pilotage	7
piloting	7
pilots	7
pin	-8
pinch	7
pinched	7
pinches	6
pine	-29
pineal	7
pinerc	-2
pines	2
ping	-2
pink	-13
pinkham	7
pinnacle	7
pinnamaneni	-6
pinning	7
pinot	4
pinpoint	6
pins	6
pintel	-39
pinter	4
pioneer	4
pioneering	4
pioneers	7
pip	7
pipe	-4
piped	7
pipeline	-4
pipelines	2
pipes	6
piping	7
piques	7
pira	7
piracy	7
pirate	-13
pirated	6
pirates	-17
pirating	7
piratpartiet	6
pisa	7
piscataway	7
piss	7
pissed	4
pisses	7
pistachio	7
pistol	-15
pitch	-9
pitcher	4
pitchers	4
pitches	4
pitelis	7
piteously	7
pitfalls	7
piti	32
pitiful	6
pitifully	7
pits	7
pitt	6
pittance	7
pitted	7
pittman	7
pittsburgh	6
pity	7
pitying	7
pivotal	2
pixies	7
pizossibly	7
pizz	7
pizza	-16
pk	6
pl	7
pla	7
place	-60
placebo	-13
placed	-26
placeless	7
placement	-4
placer	7
places	-38
placodes	-4
plaen	18
plagiarism	4
plague	4
plagued	4
plaid	19
plain	-41
plainclothes	7
plaine	7
plainly	7
plains	6
plaintiff	-13
plaintiffs	-17
plan	-50
plane	-14
planes	4
planet	-20
planet's	7
planetary	7
planets	6
planhigyn	18
plank	6
planked	7
planned	-18
planners	6
planning	-23
plano	7
plans	-35
plant	39
plantation	7
plantations	7
planted	4
planting	7
plants	-25
plaque	6
plasters	7
plastic	-9
plasticity	7
plasty	18
plate	-16
plateau	6
plated	7
platelet	4
plates	2
platform	-2
platforms	6
plato	2
platonic	7
platt	7
platte	7
platter	7
plausible	-4
plausibly	7
play	-28
playbook	6
played	-27
player	-18
players	-15
playful	6
playgrounds	6
playin	7
playing	-36
playlist	7
playoff	7
playoffs	7
plays	-19
playsam	7
playwright	2
plaza	6
pleabe	7
plead	7
pleaded	7
pleading	6
pleadingly	7
pleads	4
pleaee	7
pleage	6
pleare	7
pleasant	-22
pleasantly	4
pleasantries	7
please	-63
pleased	-17
pleasing	6
pleasurable	4
pleasure	-21
pleasures	4
pleather	7
pleaze	6
pledge	-6
pledged	6
pleidiau	18
pleidio	18
pleidleisio	32
pleidleiswyr	38
pleistocene	4
plenary	7
plenipotentiary	7
plentiful	4
plenty	-18
plentyn	52
plethora	6
plicio	32
pliciwch	18
plight	-2
plis	32
plith	18
plopped	4
plot	-9
plots	4
plotted	6
plover	7
plow	7
plows	7
ploy	7
pls	7
pluck	6
plucked	7
plug	-21
plugged	4
pluggin	7
pluging	7
plugins	4
plugs	6
plum	7
plumage	7
plumb	7
plumber	4
plumbing	6
plume	-2
plummeted	7
plump	7
plundered	6
plunge	6
plunging	6
plural	6
pluralistic	7
pluricultural	6
plus	-64
plush	4
pluto	18
plw	7
plws	13
plwyf	18
plwyfol	18
plygwch	18
plywood	6
plz	7
plîs	38
pm	-35
pmcathy	7
pmyaacov	7
pnawn	43
pneumatic	7
pneumonia	7
png	7
po	-17
poaiiekig	7
pob	61
pobi	18
pobl	60
poblogaeth	18
poblogrwydd	18
pobol	18
pocahontas	18
pocast	7
poced	32
pocket	-17
pocketed	7
pockets	-8
pod	6
podcast	2
podcasts	6
podium	7
pods	7
poe	2
poem	2
poems	-2
poeni	51
poet	-2
poeth	38
poetic	2
poetry	-6
poets	6
poggensee	7
pogonomyrmex	7
poignant	6
poignantly	7
point	-64
pointed	-27
pointedly	7
pointers	6
pointing	-15
points	-36
poison	-10
poisoned	6
poisonous	18
poisons	7
poke	6
poker	2
poking	4
pol	2
poland	2
polar	7
polaris	7
polarization	-17
polarized	2
polarizers	7
pole	-19
polemic	6
polemics	7
polenta	18
poles	7
police	-27
policeman	4
policemans	7
policemen	7
policies	-23
policy	-42
polished	4
polishing	6
polisi	18
polisïau	18
polite	4
politely	6
politeness	7
political	-34
political-	7
politically	-4
politican	7
politician	7
politicians	-6
politicize	7
politico	7
politics	-20
polk	7
polkton	7
poll	-4
polled	6
polling	6
pollster	7
pollsters	7
pollutant	4
pollutants	-4
pollute	7
pollution	-21
polly	7
poloped	4
pols	7
polyclonal	7
polycrates	7
polymath	7
polynesian	6
polypeptide	7
polysciences	7
polytechnic	7
pom-frit	7
pompey	7
pompous	7
pond	-6
ponder	6
pondered	7
pondering	4
ponds	-2
pono	7
pontefract	7
pontificator	7
pontio	18
pony	7
ponytail	6
pooch	6
poochie	7
poof	4
poofread	7
pool	-12
poolean	7
pooled	7
pooling	7
poop	7
pooped	7
poops	7
poor	-35
poorly	-2
pop	-20
pope	-9
popes	7
popeth	46
popoo	7
popped	2
poppelier	-9
popperian	-2
poppet	7
poppies	6
popping	6
poppy	7
pops	4
popty	18
populace	7
popular	-33
popularity	-8
popularized	7
popularly	7
populated	6
population	-39
populations	-8
populous	7
porcelain	-8
porcelains	7
porch	-14
porcupines	7
pori	28
poritz	7
pork	-6
porn	7
porpoises	7
porras	6
porsche	6
port	-29
porta	7
portable	6
portals	7
portas	7
portent	7
portfolio	2
portfolios	7
porth	32
porthladd	18
porthole-shaped	7
portico	7
portion	-17
portions	-2
portishead	18
portrait	7
portraits	4
portraiture	7
portrayal	6
portrayed	6
portrays	6
porttitor	7
portugal	-6
portuguese	-14
porwr	38
pos	7
poscool	6
pose	7
posed	-2
poses	2
posib	32
posibilrwydd	18
posing	7
posit	6
posited	7
position	-39
positioned	6
positions	-10
positive	-33
positivist	7
positivists	6
positivity	7
posner	18
poss	7
possess	4
possessed	-4
possesses	2
possession	2
possessions	6
possibilities	-15
possibility	-23
possible	-50
possibly	-23
post	-2
post-	6
post-transcriptional	6
postage	-6
postal	-52
posted	-42
poster	16
posterior	-18
posters	4
postfix	-8
postiad	18
posting	-4
postio	18
postiodd	18
postmark	7
postmaster	6
postmodern	4
postmodernism	6
postnatal	7
postpone	7
postponing	7
postrank	7
posts	-9
postseason	7
postulate	7
postulates	7
posture	6
posuere	7
pot	6
potato	7
potatoes	2
potel	18
poteli	18
potent	2
potential	-34
potentially	-6
potentiated	7
potion	7
potluck	7
potted	7
potter	6
pottery	-4
potter”	18
potting	7
potts	7
pouch	-10
pouches	6
poultery	7
pound	11
pounding	-2
pounds	-18
pour	4
pouring	4
pours	4
pout	7
poverty	-17
powder	2
powdered	7
powders	7
powdery	7
powell	-26
power	-54
powered	-2
powerful	-23
powerhouse	7
powerless	6
powerpoint	19
powers	-2
powerscourt	7
powertwitter	7
powlio	18
pownce	7
pozytywce	7
pp	-14
ppe	7
ppg	7
ppl	6
ppt	6
pptde	7
pr	-12
pr-	7
practical	-12
practicality	7
practically	-2
practice	-32
practiced	4
practices	-17
practitioner	6
practitioners	2
prada	7
pradesh	7
praemium	7
pragmatic	7
prague	7
praia	7
prairie	7
praise	-2
praised	4
praising	7
prakinf	-8
prank	7
pravastatin	4
prawf	46
prawn	6
pray	-14
praya	7
prayed	2
prayer	-13
prayerfully	7
prayers	-4
praying	2
pre	-20
preach	7
preached	6
preambular	7
precarious	7
precaution	7
precautions	6
preceded	4
precedence	-8
precedences	4
precedent	-2
precedential	4
precedents	2
preceding	-6
preceeding	7
precented	6
precepts	7
prechter	7
precious	-8
precipitate	6
precipitated	4
precipitates	7
precipitation	7
precise	-2
precisely	-16
preclude	7
preconditioned	7
precursor	7
predator	7
predatory	6
predecessor	4
predecessors	7
predicament	7
predicate	7
predicated	4
predicates	7
predict	-2
predictable	6
predictably	6
predicted	4
predicting	7
prediction	6
predictions	6
predictive	6
predictor	7
predictors	7
predicts	6
predilection	7
predisposition	6
prednisone	7
predominance	6
predominant	6
predominantly	7
preeminence	7
preeminent	6
preempt	7
preempted	7
preemption	7
prefabrication	7
prefer	-17
preferable	6
preferably	7
prefered	6
preference	-12
preferences	2
preferred	-15
prefers	4
prefix	-19
pregethau	18
pregethwyr	18
pregnancy	-9
pregnant	-17
prehistoric	2
prehistory	6
prehybridization	7
preictably	7
prejudice	4
prejudiced	6
prejudices	7
premarital	6
premature	-2
premier	4
premiere	7
premise	4
premises	7
premiums	2
pren	38
prentice	7
preoccupation	6
preoccupied	7
preparation	-4
preparations	6
prepare	-20
prepared	-26
preparedness	7
prepares	7
preparing	-6
prepayment	7
prepense	7
preposition	7
prepositions	6
preposterous	6
preps	7
prepsep	7
prequels	-53
prerequisites	7
pres	18
presbyterian	7
preschool	2
preschoolers	7
prescott	7
prescr	7
prescribed	-2
prescribers	6
prescribing	7
prescription	-20
prescriptions	6
prescriptive	4
prescriptivism	7
preseason	7
presence	-33
presennol	18
present	-44
presentable	7
presentation	-8
presentations	7
presented	-22
presentism	7
presently	-8
presents	-18
preservation	-9
preservationists	7
preserve	-15
preserved	-2
preserves	4
preserving	-4
preside	6
president	-64
presidential	-20
presides	7
presiding	7
presort	6
presorted	6
presorting	7
press	-21
press-ganged	7
pressed	-2
presses	6
pressing	2
pressure	-26
pressured	6
pressures	-2
prestate	6
prestige	-6
prestigious	2
preston	7
prestongates	6
presumably	-12
presume	-2
presumed	7
presumption	6
presupposes	7
preswylia	18
preswylio	18
pretax	6
pretend	-14
pretended	7
pretendin	7
pretending	-2
pretends	6
pretentious	6
pretrial	7
prettiest	6
prettified	7
pretty	-44
prevail	-4
prevailed	7
prevailing	-4
prevalence	-9
prevalent	-6
prevent	-25
preventative	7
prevented	-4
preventing	2
prevention	-6
preventive	7
prevents	6
preview	7
previews	7
previous	-16
previously	-29
prewarmed	7
prey	4
preybefore	7
prezackly	7
price	-41
priced	-2
priceless	4
prices	-31
pricey	6
prick	7
pricking	7
pricks	7
pridd	18
pride	-16
prides	7
pried	7
pries	7
priest	2
priests	6
prif	38
prifathro	32
prifddinas	18
prifiaith	18
prifweithredwr	32
prifysgol	46
prim	7
prima	7
primacy	7
primal	7
primarily	-16
primary	-27
primates	7
prime	-9
primed	7
primerica	2
primeval	7
primitive	-4
prin	18
princess	4
princesses	7
principal	-19
principally	6
principals	-8
principle	-20
principles	-14
prinder	32
pringle	6
print	-16
printable	4
printed	-17
printer	2
printers	7
printing	4
prints	-2
priod	32
priodas	18
priodfab	18
priodferched	18
priodi	32
priododd	43
priodol	46
prior	-7
priore	7
priorities	-12
prioritize	7
priority	-28
pris	43
priscillawilliam	6
prisiau	18
prism	6
prisms	7
prison	-20
prisoner	-10
prisoners	-2
pristine	7
pritzker	7
privacy	-8
private	-34
private-placementfollow-on	7
privateer	6
privately	7
privatize	7
priveleged	7
privilege	-25
privileged	-22
privileges	-9
privy	7
prix	6
prize	-12
prized	7
prizes	-4
pro	-13
pro-	7
proba-	7
probab-	7
probabilistic	7
probabilities	-8
probability	-12
probable	6
probably	-53
probe	-12
probed	7
probes	7
probing	7
problem	-10
problem'n	18
problematic	-2
problematical	4
problemau	32
problems	-43
procedural	-21
procedure	-16
procedures	-28
proceed	-17
proceededly	7
proceeding	-4
proceedings	-14
proceeds	4
process	-44
processed	4
processes	-20
processing	-31
processions	7
processor	4
processors	7
proclaimed	6
proclaiming	6
proclaims	7
procollagen	7
procrastinating	7
procrastination	7
procreate	7
proctor	4
procure	7
procureme	7
procurement	4
prodigal	7
prodigious	7
produce	-31
produced	-28
producer	-6
producers	-10
produces	-6
producing	-14
product	-37
production	-35
productions	6
productive	-10
productivity	-14
products	-32
prof	2
profane	7
profanity	7
profed	18
profer	32
profess	7
professed	7
profession	-8
professional	-30
professionally	6
professionals	-2
professions	7
professor	-13
proffesiynol	32
proffesu	32
profiad	32
profibrotic	6
proficiency	6
proficient	7
profile	-20
profiled	6
profiles	-2
profiling	-9
profion	18
profit	-21
profitable	4
profits	-18
profodd	18
profound	-2
profoundly	6
proftpd	7
profundity	7
profusely	7
profusion	7
progenetic	7
progenitor	7
progenitors	4
progeny	6
prognostic	7
program	-50
programmatic	7
programme	2
programmed	7
programmers	7
programmes	7
programming	-8
programs	-45
progress	-30
progressed	6
progression	-8
progressive	-6
progressively	4
prohibit	6
prohibited	2
prohibiting	7
prohibits	4
prohiphop	7
proin	7
proinflammatory	7
proiud	7
project	-40
projected	-2
projecting	7
projection	7
projections	6
projects	-26
proliferate	7
proliferating	6
proliferation	-17
prologe	7
prolong	6
prolongation	7
prolonging	7
prolongs	7
prom	7
promenade	2
promenades	7
promenâd	18
prominence	7
prominent	-8
prominently	2
promise	-29
promised	-15
promises	-9
promising	-4
promo	7
promote	-27
promoted	7
promoters	7
promotes	7
promoting	-4
promotion	-17
promotional	2
promotions	6
prompt	-2
prompted	4
promptly	-4
prompts	7
promulgate	7
promulgated	6
promulgation	7
prong	6
pronou-	7
pronoun	4
pronoun-cedly	7
pronounce	6
pronounced	-2
pronouns	4
pronunciation	7
pronunciations	6
proof	-15
proofread	7
proofs	4
prop	7
propaganda	-9
propagate	7
propagated	6
propagates	7
proped	7
propelled	6
propensity	7
proper	-21
properly	-22
properties	-10
property	-23
prophecy	7
prophet	4
prophets	7
proponent	7
proponents	4
proportion	-13
proportional	-2
proportionally	7
proportions	2
proposal	-35
proposals	-18
propose	-16
proposed	-42
proposes	4
proposition	4
propositions	-2
proprietary	6
proprietorship	7
props	7
pros	7
proscriptive	7
prose	6
prosecute	4
prosecuted	7
prosecuting	6
prosecution	4
prosecutions	7
prosecutor	-2
prosecutors	6
prosiect	46
prosody	7
prospect	4
prospective	-12
prospectively	2
prospectivity-retrospective	7
prospectors	7
prospects	2
prospectuses	7
prosper	6
prosperity	-13
prosperous	-2
prostacyclin	4
prostaglandin	6
prostanoid	7
prostanoids	4
prostate	7
prosthetic	7
prostitution	6
prostrate	4
protagonist	6
protect	-36
protected	-21
protecting	-13
protection	-28
protectionist	4
protections	2
protective	2
protector	6
protects	2
proteges	7
protein	-13
proteins	-2
protest	-6
protestant	2
protesters	7
protesting	7
protestor	6
protests	2
protestwyr	18
prothrombotic	7
proto	6
proto-	-2
protocol	-20
protocols	-2
prototypes	6
protracted	6
protrude	7
protruding	7
proud	-21
proudly	-2
proust	7
prouvé	6
prove	-17
proved	-12
proven	-13
provender	7
proverb	6
proverbial	6
proverbs	7
proves	7
provide	-51
provided	-36
providence	4
provider	2
providers	-8
provides	-35
providing	-29
province	4
provinces	7
provincetown	6
provincial	4
proving	2
provision	-10
provisional	6
provisioned	7
provisions	-23
proviso	7
provocative	4
prow	7
prowess	6
prowl	6
proximal	2
proximity	-2
proxy	7
prudence	7
prudent	2
prudhoe	7
prune	4
prunes	7
prurient	7
prussia	7
pry	4
pryd	56
prydain	32
prydeinwyr	18
pryder	38
pryderu	18
prydferth	32
prying	7
prynais	18
prynes	18
prynhawn	37
prynodd	32
prynu	50
prysur	18
prysurach	18
prysuraf	18
ps	6
psalm	7
pseudo	7
pseudo-	7
pseudocode	-2
pseudonyms	7
psi	4
pssa	4
pst	7
psyche	-23
psychiatric	7
psychiatrists	4
psychiatry	6
psychic	6
psycho	7
psycholinguistics	7
psychological	-14
psychologist	2
psychologists	-10
psychology	-19
psychopharmacology	7
psychosocial	7
psychotherapeutic	7
psychotherapy	7
psychotic	7
psychotropic	6
pt	4
ptca	6
ptolemies	7
ptolomeys	7
pts	7
pub	-6
public	-56
publication	-18
publications	-35
publicdomain	7
publicity	4
publicize	7
publicized	7
publicly	-9
publish	-12
published	-31
publisher	-8
publishers	-10
publishes	7
publishing	-17
pubs	2
puckered	7
pudd	7
pudding	7
puddle	2
puffing	7
puinahua	7
puke	7
puked	7
puking	7
pulaski	7
pulitzer	7
pull	-21
pulled	-31
pullet	7
pulley	4
pullin	7
pulling	-13
pulls	-12
pulmonary	4
pulp	7
pulse	-4
pulses	7
pulverized	7
pulvinar	7
pum	34
pumice	7
pumkin	7
pump	29
pumping	7
pumpkin	4
pumps	7
punch	4
punched	6
punching	7
punctuated	7
pundit	7
punga	4
punish	-6
punishable	7
punished	-2
punishment	-10
punishments	6
punk	7
punks	7
puns	6
punt	57
pupils	7
puppet	-2
puppy	4
pupur	18
pur	32
purchase	-31
purchased	-10
purchaser	6
purchases	-17
purchasing	-12
pure	-14
purely	-4
purer	7
purest	6
purge	7
purged	6
purging	6
purification	7
purified	-4
purify	7
purina	7
purism	7
puritan	7
purity	-4
purling	7
purple	-2
purples	6
purports	6
purpose	-38
purposes	-20
purr	4
purred	7
purse	7
pursed	6
purses	7
pursuant	4
pursue	-13
pursues	7
pursuing	2
purview	7
purée	18
pusan	7
push	-20
pushed	-16
pushes	-2
pushing	-19
pussycat	7
put	-59
putin	7
putra	4
puts	-17
putten	7
putting	-20
putz	7
puw	18
puzzle	4
puzzled	4
puzzles	7
pwcnlkpiblytasaggvha	6
pwdin	18
pwdryn	18
pwerau	18
pwerus	50
pwnc	46
pwnd	7
pwrpas	18
pwrs	18
pwt	38
pwy	55
pwyllgor	18
pwynt	26
pwyntiau	18
pwysau	32
pwysicaf	38
pwysig	43
pwyslais	18
pwysleisio	18
pwyso	18
pxyd	7
pydredd	18
pynciau	38
pyramid	2
pyramids	4
pyre	7
pyridine	4
pyrope	7
pyruvate	6
pysgod	18
pysgodyn	18
python	19
pzo	7
p·a·a	7
p·b·c	6
p·b·c-type	7
p·b·s	4
p·c	18
p·c·i	4
p·c·t	2
p·d·a	7
p·d·g·f	7
p·d·t	-29
p·d·x	6
p·f	7
p·g	2
p·g-thirteen	7
p·g·e	-17
p·g·f	-2
p·g·i	-13
p·g·p	7
p·h·b	7
p·j	7
p·k·t	7
p·l	6
p·l·c	-2
p·l·s	7
p·m	-52
p·m·s	4
p·p·b	7
p·p·v	7
p·r·c	-12
p·r·m·d	6
p·s	4
p·s·t	-19
p·t·i	7
p·u·c	-14
pêl	32
pŵer	18
q	-26
q-	-2
qaeda	-30
qaida	4
qaly	7
qazirice	7
qc	7
qdgft	7
qec	7
qedwiki	7
qgkc	7
qhp	7
qiagen	7
qing	6
qotd	7
qpowa	6
qtd	4
quack	7
quad	7
quah	6
quaint	4
quake	7
qualification	4
qualifications	4
qualified	6
qualify	4
qualitatively	7
quality	-39
quantification	7
quantified	6
quantify	7
quantitatively	7
quantities	-2
quantity	-2
quants	6
quantum	7
quarantine	7
quark	6
quarrel	4
quarreling	7
quartal	7
quarter	-28
quarterback	6
quarterly	4
quartermaster	-4
quarters	-13
quartet	-2
quartz	6
quasi	7
quaternary	6
quayle	7
que	7
quebec	7
queen	-16
queene	7
queens	6
queensland	7
queensway	6
queer	7
quell	7
quench	7
quentin	6
queried	6
queries	7
query	-8
query_type	7
queryword	7
quesadillas	7
quest	4
question	-62
questionable	2
questioned	-8
questioner	4
questioning	-2
questionnaire	4
questionnaires	7
questions	-47
queue	6
quick	-30
quicker	4
quickest	7
quickies	7
quickly	-39
quicksand	7
quicksilver	6
quiescent	7
quiet	-28
quieted	7
quieti	7
quietly	-4
quigly	7
quill	6
quilt	7
quinine	7
quinn	6
quinoa	7
quintessential	6
quintessentially	6
quinton	38
quipped	7
quirk	7
quirky	7
quis	7
quisque	7
quit	-10
quite	-43
quits	7
quitters	7
quitting	6
quiver	7
quivers	7
quixotically	7
quiz	7
quo	-2
quondam	7
quonset	7
quota	-14
quotas	4
quotation	7
quotations	4
quote	-14
quoted	-19
quotes	-13
quotidian	7
quoting	4
qur	7
qusay	7
qxq	7
qyqb	7
q·a·a	7
q·b	7
q·j	7
q·m·x	7
q·q	7
q·s	7
r	-28
r-	-2
ra	16
rabbi	7
rabbit	-2
rabbits	-2
race	-26
racecourse	6
raced	6
racer	7
races	6
racetrack	6
racetracks	7
rache	6
rachel	-20
racial	-13
racially	7
racing	-6
racingdreamingwishingwantingall	7
racism	-4
racist	2
rack	4
racked	7
racket	7
racketball	7
racks	7
racquetball	7
rad	6
radar	6
radd	18
raddau	18
raddol	18
radiate	7
radiation	6
radiators	2
radical	-2
radicalized	7
radicalizes	7
radically	6
radicals	6
radio	20
radiocarbon	7
radiohead	6
radiology	7
radius	6
radulescu	7
rafael	7
raffaello	7
raffle	4
raft	7
rag	6
rage	4
ragetti	-38
raggett	-19
raging	7
raglen	43
raglenni	18
ragtime	7
ragweld	18
ragwelwn	18
rai	52
raid	23
raided	6
raiding	7
raids	6
rail	-14
railed	7
railing	-12
railings	-19
railroad	-15
railroads	7
rails	-16
railway	-6
rain	-33
raina	7
rainbow	7
rainbows	7
raindance	7
rained	7
rainin	7
raining	2
rainy	4
raise	-31
raised	-35
raiser	6
raises	-10
raising	-18
raisins	6
rajan	6
rakal	6
rake	7
raking	7
rakish	7
raleigh	7
raley	7
rali	18
rallies	6
rally	-17
rallying	7
ralph	-2
ralston	-2
ram	7
ramadeg	18
raman	-30
ramble	-15
ramifications	6
ramified	7
ramifying	7
ramp	2
rampage	7
rampaging	7
rampant	4
rams	7
ramsey	7
ramzi	7
ran	27
ranch	-10
rancher	4
ranching	7
rancho	7
randall	6
randolph	6
random	-18
randomgenerator	6
randomized	-2
randomizing	7
randomly	2
randomness	7
range	-34
ranger	-10
ranges	-2
ranging	-2
rank	2
ranked	7
ranking	2
ranks	-10
ranney	7
rannu	43
rannu'n	18
rannu'r	18
rant	6
ranted	7
rao	7
rap	4
rapa	4
rape	-2
raped	7
raphael	7
rapid	-12
rapidity	7
rapidly	-10
rapists	7
rappaport	-16
rapped	4
rapping	7
rapt	7
rapture	7
rare	-14
rarely	-9
rarities	7
ras	32
rascal	7
raser	7
rashid	6
rasp	7
rasta	4
ratach	18
ratcheting	7
ratcliff	7
rate	-46
rated	-9
ratemaking	-9
ratepayers	4
rates	-36
rather	-49
rathman	-6
ratification	7
rating	-4
ratings	4
ratio	-7
rationality	7
rationalize	7
rationing	7
ratios	6
ratner	7
ratners	-4
rats	-8
rattan	7
rattled	6
rattlesnakes	7
ratty	7
raucous	7
raunchy	7
ravaged	4
rave	4
raven	4
ravenous	7
ravens	7
raves	7
ravi	7
ravine	7
raw	-2
rawk	7
rawls	6
ray	-8
rayburn	6
raze	7
razed	7
razor	-2
rbmi	7
rca	7
rd	4
rdr	7
re	-53
re-	4
re--	7
re-enacter	7
re-formating	7
re-purposing	7
re-visioning	7
reach	-38
reached	-35
reaches	-21
reaching	-20
react	-4
reacted	6
reacting	4
reaction	-14
reactions	2
reactivated	6
reactive	7
reacts	7
read	-57
readability	7
reader	-18
readers	-26
readied	7
reading	-48
readings	7
readme	6
reads	-15
ready	-39
reaffirm	4
reaffirmation	7
reaffirmed	7
reaffirming	7
reagan	21
reagent	7
reagents	6
real	-55
real-estate	6
real-time	6
realestate	7
realign	7
realise	7
realised	7
realising	7
realistic	4
realities	4
reality	-26
realization	-2
realizations	6
realize	-22
realized	-28
realizes	4
realizing	4
really	-64
realm	-15
realms	7
realness	7
realtime	6
realtor	7
reaped	7
reaping	7
reappear	6
reappeared	7
reappearing	7
reappears	7
reappraised	7
reared	7
rearing	7
rears	7
reason	-49
reasonable	-23
reasonably	4
reasoned	2
reasoning	-9
reasons	-42
reasor	7
reassembling	6
reassert	7
reasserts	7
reassess	7
reassurance	7
reassure	7
reassuring	4
reat-pleats	7
reauthorize	7
reawakened	7
rebarred	7
rebate	7
rebates	7
rebecca	6
rebel	4
rebelled	6
rebelling	7
rebellion	4
rebellious	7
rebels	4
reborn	7
rebound	6
rebuild	-9
rebuilding	-9
rebuilt	-6
rebuttal	4
rebuttals	7
rebutting	7
rec	7
recalibrate	7
recall	-34
recalled	-9
recalling	6
recalls	-2
recanted	7
recapitulated	7
recapitulation	-12
recapture	6
recaptured	7
receeding	7
receipt	-10
receipts	7
receive	-43
received	-40
receiver	2
receivers	7
receives	4
receiving	-16
recent	-38
recently	-36
receptacle	6
reception	6
receptive	4
receptors	-14
recess	4
recessed	7
recession	-17
recessionary	6
recessions	7
recharge	7
rechargeable	7
recieving	7
recipe	2
recipes	4
recipient	-33
recipients	-36
reciprocities	7
recitals	7
recitation	7
recite	7
recited	7
reckless	7
recklessly	7
reckon	7
reckoning	7
reclaimed	-6
reclamation	2
reclassifying	7
recliner	7
reclining	6
recluse	7
reclusive	6
recognised	7
recognition	-14
recognize	-17
recognized	-20
recognizer	7
recognizes	2
recognizing	-12
recoil	7
recoiled	7
recoils	7
recollect	7
recollection	-6
recombinant	7
recombination	6
recombined	7
recombines	7
recommendation	-16
recommendations	-8
recommended	-19
recommending	7
reconcile	6
reconciliatory	7
reconfigure	7
reconfirm	7
reconfirmation	7
reconnect	6
reconnected	7
reconsider	6
reconsideration	-2
reconsidered	7
reconstruct	7
reconstruction	7
reconstructions	7
reconvene	7
recopyrighted	7
record	-16
recorded	-18
recorder	2
recordiadau	18
recording	-12
recordings	6
recordio'r	18
records	-34
recount	7
recover	-14
recovered	4
recovering	-6
recovers	6
recovery	-6
recreated	7
recreation	2
recreational	6
recruit	-6
recruited	4
recruiting	4
recruitment	7
recruits	6
rectangular	6
rectory	7
recurrent	4
recycle	7
recycled	2
recycling	7
red	-45
redden	6
reddened	7
redder	7
redeem	6
redeemed	7
redefine	7
redefinition	7
redeg	48
redemption	6
redesign	7
redesigned	7
redevelopment	7
redhead	4
rediffmail	6
redirect	6
redirected	7
redirecting	7
rediscover	7
rediscovered	7
rediscovering	7
rediscovery	6
redistribution	7
redit	7
redlining	7
redman	7
redmond	7
redneck	6
redo	7
redressing	7
reds	4
redskin	6
redskins	4
reduc	7
reduce	-31
reduced	-29
reduces	4
reducing	-18
reductase	7
reduction	-29
reductions	-30
redundancy	7
redundant	6
redwood	7
reed	4
reeder	4
reef	2
reefs	6
reek	7
reeking	7
reeks	7
reelfoot	7
reeling	4
reemerged	7
reemerging	7
reenacted	7
reentering	6
reentry	7
rees	18
reestablished	7
reeves	6
reexamines	7
ref	4
refashion	7
refer	-18
refered	7
reference	-20
referenced	-6
references	-16
referencing	4
referenda	7
referral	7
referrals	7
referred	-21
referring	-9
refers	-10
refi	7
refill	6
refilled	4
refine	7
refined	-2
refinement	6
refinements	7
refining	6
refinish	7
reflect	-18
reflected	-6
reflecting	2
reflection	-9
reflects	-10
reflex	7
reflexes	6
refocused	7
reform	-23
reformed	6
reformer	7
reforming	6
reforms	6
refrain	4
refrained	7
refraining	7
refresh	6
refreshed	4
refreshes	6
refreshing	6
refreshingly	7
refreshment	7
refueling	7
refuge	-6
refugee	6
refugees	-2
refuges	4
refund	-4
refunded	-4
refusal	4
refuse	-12
refused	-4
refuses	6
refute	7
reg	6
regain	-10
regained	6
regal	6
regan	-4
regan-	6
regard	-23
regarded	-2
regarding	-35
regardle-	7
regardless	-20
regards	-27
regency	7
regenerating	7
regenerative	7
regents	6
regfeydd	18
reggae	7
regime	-13
regiment	2
regimented	7
regiments	6
regimes	7
region	-35
regional	-26
regionalism	-2
regionalistic	7
regions	-26
regis	4
register	-4
registered	-20
registrar	7
registration	-20
regressed	7
regression	6
regret	-18
regretfully	7
regrets	-2
regretted	6
regretting	6
regs	7
regular	-27
regularity	7
regularly	-17
regulate	2
regulation	-18
regulations	-27
regulators	-20
regulatory	-24
rehabilitated	7
rehearsal	7
rehearsing	7
rehm	-13
rehospitalization	2
reid	16
reidio	18
reif	-9
reif/	6
reign	7
reigned	7
reilffordd	18
reimburse	6
reimbursed	7
reimbursement	7
rein	4
reincarnation	7
reincarnations	7
reine	7
reinforced	6
reinforcement	7
reinforces	6
reining	7
reins	4
reinstalled	6
reinstate	4
reinstating	7
reinterpret	7
reinterpretation	7
reinterpreted	7
reinterpreting	7
reinterprets	7
reintroducing	6
reintroduction	7
reinvented	7
reinventing	7
reinvestment	7
reinvigorate	7
reis	48
reit	18
reiterate	6
reiterated	6
reiterating	7
reithgorau	18
reject	6
rejected	-9
rejecting	6
rejection	7
rejects	7
rejoice	7
rejoicing	7
rejoin	7
rejoining	7
rejuve	7
rejuvenated	7
relate	-8
related	-41
relates	-6
relating	2
relation	-20
relations	-16
relationship	-31
relationships	-28
relative	-28
relatively	-35
relatives	-4
relativity	6
relaxation	6
relaxed	6
relaxes	7
relaxing	-9
relay	4
relearn	7
release	-31
released	-21
releases	-4
releasing	6
relegate	6
relegated	7
relenos	7
relent	7
relentless	6
relentlessly	4
relevance	6
relevant	-23
reliability	2
reliable	-8
reliably	7
reliance	6
reliant	7
relic	7
relics	7
relied	2
relief	-27
relies	6
relieved	7
reliever	7
religion	-33
religions	-4
religious	-29
religous	7
relinquish	6
relish	7
reloaded	7
relocate	4
relocated	7
relocating	7
relosegui	7
reluctance	2
reluctant	6
rely	-4
relying	7
remain	-24
remainder	6
remainders	7
remained	-17
remaining	-15
remains	-24
remake	6
remanded	7
remark	6
remarkable	-4
remarkably	6
remarking	7
remedied	7
remedies	6
remedy	7
remember	-56
remembered	-8
remembering	-9
remembers	7
remembrance	7
rememvberd	7
remick	18
remind	-13
reminded	-9
reminder	-10
reminders	6
reminisced	7
reminiscence	7
reminiscent	6
reminiscing	7
remix	7
remixes	7
remnants	4
remodel	7
remodeled	7
remorseless	7
remote	-16
remotely	6
removal	2
remove	-22
removed	-17
removes	7
remus	6
renaissance	-12
renal	7
rename	6
renamed	6
renaming	7
rendered	-6
rendering	2
renderings	6
renditions	7
renee	7
renegade	7
reneged	7
renegotiating	7
renewable	6
renewal	6
renewed	-9
renewing	2
renfrew	-2
renovate	7
renovated	7
renovating	7
renown	7
renowned	7
rent	-6
rentable	7
rented	7
renting	7
rents	7
renunciando	7
renwick	7
reoccurrence	7
reoli	18
reopen	7
reopened	2
reopening	6
reorganization	-19
reorganize	6
reorganized	4
repackaged	7
repackaging	7
repaid	7
repair	-6
repaired	7
repairing	6
repairs	6
repartimento	6
repartimentos	7
repay	7
repayments	6
repeal	4
repealed	7
repealing	7
repeat	-17
repeated	-16
repeating	4
repentence	7
repercussions	7
repertory	6
repetitious	7
repetitiously	7
repetitive	7
repetoire	7
repine	6
replace	-18
replaced	-22
replacement	2
replaces	2
replacing	2
replete	7
replica	7
replicas	4
replicate	7
replied	-36
replies	-6
reply	-36
reply-	-20
repo	6
repopulated	7
report	-47
reported	-37
reportedly	6
reporter	-24
reporters	-36
reporting	-16
reports	-31
repository	6
repossessed	7
repotting	7
represent	-14
representation	-16
representations	2
representative	-18
representatives	-18
represented	-15
representing	-20
represents	-17
repress	7
repressed	6
repressing	7
repression	7
repressive	7
reprimand	7
reprimanded	7
reprint	7
reprinted	7
reproduce	6
reproduced	-4
reproduces	7
reproducing	6
reproductions	7
reprove	7
reps	7
reptile	7
reptition	7
republic	2
republican	-13
republicans	-16
repudiates	7
repulse	4
reputable	6
reputation	-10
reputational	7
reputed	7
reqcode	7
request	-39
requested	-10
requests	-13
require	-30
required	-40
requirement	-13
requirements	-34
requires	-22
requiring	-4
requisition	7
rerun	7
reruns	7
res-	7
resale	6
rescession	7
reschedule	7
rescue	-23
rescuer	7
rescuers	7
rescues	7
rescuing	6
rese	7
research	-48
researched	4
researcher	-9
researchers	-12
researching	6
resemblance	2
resemblances	7
resemble	-9
resembled	7
resembles	2
resembling	4
resend	2
resending	6
resent	6
resentation	7
resented	4
resentencing	7
resentment	6
reservation	7
reservations	4
reserve	-26
reserved	-10
reserves	-9
reservists	6
reservoir	2
reservoirs	6
reset	-9
resetting	6
resettlement	6
resguardos	7
reshuffled	7
reside	6
residence	-4
residences	6
residency	7
resident	2
residential	-18
residents	-14
resides	7
residing	6
residual	4
residue	7
residues	2
resignation	6
resilience	7
resin	7
resist	-2
resistant	-2
resisting	7
resists	7
resold	7
resolute	6
resolutely	7
resoluting	7
resolution	-15
resolutionpanel	7
resolutions	-17
resolve	-16
resolved	-6
resolves	6
resolving	6
resonates	7
resort	-19
resorted	6
resounding	7
resource	-4
resources	-33
resp	7
respect	-43
respectable	6
respected	-9
respectful	4
respectfully	6
respective	2
respectively	-22
respects	-6
respelled	7
respiration	7
respirator	6
respirators	7
respond	-30
responded	-12
respondent	6
respondents	7
responder	7
responders	7
responding	-10
response	-41
responses	-14
responsibilities	-10
responsibility	-32
responsible	-29
responsive	7
rest	-42
restated	7
restaurant	-24
restaurants	-25
restenosis	7
resticted	7
resting	4
restless	7
reston	4
restoration	-4
restore	5
restored	-10
restores	7
restoring	6
restr	18
restrain	6
restraining	7
restraints	7
restrict	7
restricted	2
restricting	7
restriction	4
restrictions	-6
restrictive	7
restroom	-2
restru	18
restructure	7
restructured	6
restructuring	-8
rests	6
result	-47
resultant	6
resulted	-20
resulting	-15
results	-45
resume	-10
resumes	7
resuming	7
resurrect	7
resurrecting	7
resuscitated	4
resuspended	4
reswm	43
resymau	18
resymol	38
retail	-24
retailer	6
retailers	-13
retain	-9
retainer	7
retaining	6
retake	6
retaliated	6
retaliation	7
retard	7
retarded	6
retell	7
retention	2
retention-	7
retested	7
rethink	6
rethinking	6
reticent	4
retina	7
retire	6
retired	2
retirees	6
retirement	-16
retool	7
retouched	7
retract	7
retractable	7
retracted	4
retracts	7
retraining	6
retreat	-6
retreats	4
retrench	7
retrial	7
retrieval	7
retrieved	7
retriever	4
retrievers	6
retrieving	7
retro	6
retroactive	2
retroactivity-prospectivity	7
retrofit	6
retrofits	7
retromodo	7
retrospective	-16
retrospectively	4
retrospectivity	2
return	-44
return-	6
returned	-32
returning	-28
returns	-19
retweet	4
reunification	7
reunion	4
reunions	7
reunited	4
reunites	7
reupke	-2
reused	7
reuters	-14
rev	6
revamped	7
revascularization	-6
reveal	-14
revealed	-8
reveals	-2
revelation	-4
revenge	4
revenue	-10
reverberating	7
revered	7
reverend	6
reversal	6
reverse	-17
reversed	4
reversible	7
revert	7
reverted	6
revett	7
review	-17
reviewed	-21
reviewers	6
reviews	6
revise	6
revised	-8
revising	7
revision	7
revisionist	7
revisionists	6
revisions	6
revisit	6
revitalization	-2
revival	-8
revivalists	7
revived	6
reviving	7
revocation	7
revoke	7
revolt	6
revolted	7
revolting	7
revolution	-4
revolutionaries	7
revolutionary	6
revolutionized	7
revolve	7
revolves	7
revulsion	7
rew	18
reward	-9
rewarded	6
rewarding	2
rewards	-2
rewodd	18
rewrite	6
rewrites	7
rewritten	7
rex	-18
rexes	-8
rexroth	7
reynoldsville	7
rgen	4
rgl	4
rhad	18
rhaff	48
rhaffau	18
rhag	54
rhagair	18
rhagfarn	18
rhagfarnau	18
rhagfarnllyd	18
rhaglen	59
rhaglenni	38
rhaglennu	32
rhaglennu'r	18
rhagor	52
rhagorach	18
rhagweld	38
rhai	62
rhai'n	32
rhaid	63
rhain	56
rhan	60
rhanbarth	18
rhannau	48
rhannol	18
rhannu	32
rharmer	7
rhedeg	43
rhediad	18
rhedodd	38
rheiny	43
rhent	32
rheol	32
rheolaidd	46
rheolau	32
rheoli	18
rheoli-fy-nghyfrif/	32
rheolir	18
rhestr	51
rheswm	46
rhesymol	32
rhetorical	4
rheumatism	7
rheumatoid	7
rhieni	32
rhif	38
rhifau	43
rhifedd	18
rhifo	32
rhifyn	18
rhinal	6
rhino	7
rhinos	6
rho	32
rhoddi	18
rhoddodd	55
rhode	7
rhodes	7
rhodfa	38
rhodri	38
rhoedd	18
rhoi	59
rhoi'r	48
rholbren	18
rholiwch	18
rholyn	32
rhonc	18
rhoncus	6
rhondda	18
rhosod	18
rhostir	32
rhowch	52
rhuban	18
rhufain	18
rhufeinig	32
rhugni	18
rhuthro	18
rhwng	56
rhwybeth	18
rhwygo	18
rhwym	18
rhwystredigaeth	18
rhwystro'r	18
rhy	59
rhybuddiodd	32
rhydd	46
rhyddfrydiaeth	32
rhyddfrydig	18
rhyddfrydol	18
rhyddhad	18
rhyddhaodd	18
rhyddhau	18
rhyddid	52
rhyfedd	50
rhyfeddol	32
rhyfeddol”	18
rhyfel	50
rhyfeloedd	18
rhyfel”	18
rhyfygu	18
rhymed	7
rhymni	32
rhyngddo	18
rhyngddynt	32
rhyngom	18
rhyngrwyd	18
rhyngweithio	18
rhyngwladol	32
rhyngwyneb	32
rhys	32
rhythm	-6
rhythmic	6
rhythmically	6
rhythms	-4
rhyw	53
rhyw'r	18
rhywbeth	57
rhywbryd	18
rhywfaint	32
rhywun	53
ri	4
ria	-14
rib	4
ribbed	7
ribbon	2
ribeiro	7
ribosome	6
ribs	6
rica	-9
rice	-26
ricemail	7
ricevm	-8
rich	-27
richard	1
richards	19
richardsonian	6
richer	6
richest	4
richey	7
richley	7
richmond	2
richochets	7
rick	-26
rickety	6
rickie	7
rickshaws	6
ricyt	2
rid	-4
ridden	7
ridding	7
riddled	7
riddoch	7
ride	-33
ride-	7
rider	7
riders	4
rides	-4
ridge	2
ridgepoles	7
ridicule	7
ridiculed	6
ridiculous	-9
ridiculously	6
riding	-14
rieni	38
rife	7
riff	7
rifiera	18
rifkind	7
rifle	-9
rifleman	7
rifles	7
rift	7
rig	6
rigg	7
rigging	-4
righ	7
right	-64
right-handed	7
righteousness	4
rightful	7
rightfully	7
rightly	4
rights	-45
rightwing	7
righty	6
rigid	6
rigor	7
rigorous	6
rigorously	7
rigors	7
rigueur	7
rihanna	7
rili	18
rimmed	6
rindner	7
ring	-10
ringed	7
ringer	7
ringl	7
rings	-2
ringtone	7
rink	7
rinse	7
rinsed	7
rinweddau	18
rio	4
rioed	18
riot	4
riotous	7
rip	6
ripened	7
ripens	6
ripert	4
ripley	7
ripoffs	7
ripped	6
ripple	6
rippled	7
ripples	7
rippling	7
ris	7
rise	-29
risen	4
rises	-8
rising	-18
risk	-47
riskier	4
riskiest	7
risking	6
risks	-24
riskwaters	-26
risky	-15
risotto	18
rita	6
ritalin	7
rite	-8
ritsilverclovesog	7
ritual	2
ritualistically	7
rival	2
rivaled	7
rivalry	6
rivals	4
rivault	7
river	-46
rivera	7
riverfront	7
riverhead	7
rivers	-26
riviera	7
rivulet	7
rivulets	7
rj	7
rjw	7
rli	7
rly-xd	4
rn	7
rna	-24
rnase	4
rneasy	7
rnjvbtogu	7
ro	4
ro'n	32
roach	6
road	-43
roadblock	7
roadhouse	7
roadmap	7
roadmapped	7
roads	-2
roadside	6
roadtrip	7
roadway	6
roam	6
roaming	7
roanoke	7
roap	7
roar	4
roared	7
roars	7
roast	4
rob	4
robbed	6
robber	6
robe	2
robert	-10
roberta	7
roberts	23
robertson	7
robes	6
robhooperthemovie	7
robin	43
robinson	6
roble	7
robomole	7
robot	-36
robotic	4
robotics	2
robots	-13
robust	-6
robustness	7
roby	7
robyn	7
rochelle	7
rochester	7
rock	-35
rocked	7
rocker	6
rockers	7
rocket	4
rocketboom	7
rockford	7
rockin	4
rocking	2
rockland	7
rocks	-9
rockwell	6
rocky	2
rod	7
rodale	7
roddaf	18
roddir	18
roddodd	18
rode	2
rodent	7
rodfa	18
rodgers	6
rodham	7
rodriguez	6
rods	6
roe	-4
roed	32
roedd	64
roedden	52
roeddent	46
roeddwn	53
roeddynt	43
roe”	18
rofadictosaltrabajodoz	7
rogers	-12
roi	56
roi'r	38
roky	7
roland	-28
role	-40
roles	-8
rolex	2
rolfe	18
roll	-21
rolland	-6
rolled	-8
roller	6
rollers	6
rolling	-16
rollingstone	7
rollover	7
rolls	-10
rom	4
romaine	7
roman	-26
romance	-2
romances	7
romanesque	4
romanette	18
romania	6
romans	2
romantic	2
romantically	7
romanticism	4
romanticized	7
romanus	7
rome	-15
romp	7
roms	7
ron	-16
ronald	4
ronchamps	7
ronda	7
rong	38
rongorongo	6
roof	-15
roofed	4
roofs	-6
rooftop	7
rooftops	7
rookie	7
room	-53
room-	7
roommate	2
rooms	-13
roomy	7
roosevelt	20
roost	7
rooster	6
root	-6
rooted	4
rooting	6
roots	-17
rope	-23
rory	6
rosa	4
rosado	7
rosalie	7
rosalind	4
rosandich	4
rosanne	7
rosario	7
rose	-27
rosekoffi	7
rosemary	7
rosen	6
roses	7
rosetta	7
rosewood	7
rosily	7
rospars	7
ross	7
rossio	7
rosten	6
rosy	-4
rot	7
rotary	7
rotate	-27
rotates	4
rotational	7
roth	2
rothschild	7
rotting	6
rotund	7
rouen	7
rouge	19
rough	-8
roughened	7
roughly	-10
roughness	6
roughy	7
roulette	6
round	-26
rounding	7
rounds	4
roundtable	7
roundtables	7
rousseau	-4
route	1
router	7
routers	7
routine	2
routinely	-2
routines	2
rouvelas	7
rouvelin	6
rovaniemi	7
rove	6
rover	4
roving	7
row	-20
rowboats	7
rowenta	7
rower	7
rowing	-4
rowland	6
rowling	18
rowlio	18
rown	18
rownd	43
rownderi	18
rows	-4
roy	-34
royal	-21
royals	7
royalty	7
rpm	6
rr	6
rroads	7
rror	6
rs	6
rsander	7
rspec-installed	7
rss	2
rt	6
rte	7
rua	7
rub	2
rubbed	7
rubbish	4
rubble	6
ruble	4
rubs	6
ruby	-4
ruckus	7
rudder	6
rude	6
rudely	7
ruder	7
rudiger	7
rudiment	7
rudimentary	7
rudiments	2
rudner	7
rudolph	7
rudy	7
rue	6
ruefully	7
rufeinig	18
ruffles	7
rugby	4
rugged	6
rugs	6
ruhul	7
ruin	-6
ruination	7
ruined	2
ruining	7
ruinous	7
ruins	-8
ruiz	7
rule	-33
ruled	-15
rulemaking	-6
rulemakings	7
ruler	6
rulers	2
rules	-47
rulings	6
rum	-12
rumania	7
rumbling	7
ruminated	7
rummy	18
rumor	6
rumored	7
rumors	4
rumpled	6
rumsfeld	-15
run	-49
run-	6
run-d	7
run-on	7
runaway	7
rundown	7
rungs	7
runner	4
runners	7
runnin	7
running	-45
runs	-27
runway	4
rupert	7
rupture	7
rural	-4
rush	-12
rushed	-8
rushes	4
rushing	6
ruskin	7
ruskinian	7
russ	7
russel	7
russell	-9
russert	7
russet	7
russia	-28
russian	-36
russians	4
rusted	6
rustic	2
rusticated	7
rusticating	7
rusting	7
rut	7
rutgers	2
ruth	7
rutherford	6
ruthin	32
ruts	7
rwanawr	32
rwanda	-4
rwsieg	32
rwtsh	18
rwy	43
rwy'n	61
rwydwaith	18
rwyf	62
rwyt	38
rxp	-4
ryan	4
rydc	7
ryddfrydig	18
ryddhau	32
ryddhau'r	18
rydd”	18
ryder	7
rydw	60
rydych	32
rydym	50
rydyn	57
rye	2
ryfel	18
rygbi	48
rym	18
rymoedd	18
ryngwladol	18
ryukyu	7
ryw	38
rywbeth	48
rywbryd	18
rywfaint	32
rywun	32
rzm	7
r·b·i	4
r·c	7
r·d	18
r·f·c-	7
r·f·p	6
r·f·w	4
r·i	7
r·m	4
r·m·b	7
r·m·s	4
r·n	6
r·n·p	6
r·p·r	6
r·r	4
r·s	-16
r·s·a	7
r·s·s	2
r·t	-45
r·v	7
räsänen	7
rŵan	43
s	-64
s'e_x	7
s-	-23
s-sorry	7
s-there-a-bell	7
sa	2
saad	7
sabbath	7
sabrina	6
sac	7
sach	18
sachs	4
sack	4
sacrament	7
sacramental	7
sacred	-4
sacrifice	4
sacrifices	6
sacs	2
sad	-19
sadat	7
saddam	-19
sadder	7
saddest	4
saddle	6
sadistic	7
sadly	-2
sadness	2
sadwrn	46
saekel	6
saesneg	56
saesnes	18
saeson	38
safari	18
safbwynt	18
safdie	4
safe	-13
safe-o	7
safeguard	6
safeguarding	7
safeguards	2
safely	-12
safer	-9
safest	7
safety	-19
saff	38
safire	-10
safle'r	38
safodd	18
safon	50
safonol	32
saga	6
sagan	7
sage	6
sagging	7
sahabat	7
sahara	7
sai	4
said	-64
saigon	7
sail	2
sailed	7
sailing	2
sailor	-18
sailors	2
sails	4
sainsbury	7
saint	8
saint-	6
sainte	7
saints	-4
saipan	7
sais	32
saith	18
saja	7
sake	-14
sakya	7
sal	7
salaam	7
salad	25
salade	7
saladin	7
salam	6
salami	18
salamis	7
salaries	4
salary	4
sale	-26
saleable	6
salem	2
sales	-27
salesclerk	7
salesforce	7
salesman	6
salesperson	7
sali	18
saliency	7
salient	6
saline	7
salisbury	7
salivary	-4
salivate	7
sally	6
salmon	4
salons	7
saloons	6
salsa	7
salt	-23
salted	7
saltines	7
salute	2
salutes	7
salvador	7
salvagable	7
salvage	4
salvaged	7
salvagin	6
salvation	4
salvoes	7
salwch	32
sam	4
samara	6
sambito	4
same	-64
sami	7
sammi	6
samos	2
sampans	6
sample	-23
sampled	6
sampler	7
samples	2
sampling	7
samuel	-18
san	-16
sanau	32
sanchez	-36
sanctaidd	32
sanction	7
sanctioned	6
sanctions	-16
sanctity	4
sanctuaries	-2
sanctuary	-6
sand	-32
sandallowing	6
sandals	7
sandbanks	7
sanders	6
sanders-	7
sanders--	6
sanders_james	-12
sanderson	7
sandi	7
sandinistas	6
sandomir	7
sandra	-4
sands	2
sandwich	-8
sandwiches	-2
sandymount	7
sane	6
sang	18
sanguine	7
sanity	4
sank	6
sannau	18
sans	2
sanskrit	7
sant	18
santa	-12
santiago	6
santorini	6
sanudo	7
sanusi	7
sanyo	7
sanz	7
sao	7
sap	7
sapcihotels	6
saper	7
sapien	6
sapiens	6
sapling	7
saplings	7
sapphire	7
sappho	6
sar	7
sara	34
saracen	7
sarah	-13
sarcasm	7
sarcastic	7
sarcastically	6
saretha	4
sarhaus	18
sariah	7
sart	7
sashimi	7
sassy	6
sat	-17
satc	7
satellite	6
satire	6
satirical	7
satisfaction	-4
satisfactory	-2
satisfied	-12
satisfies	6
satisfy	6
sattler	-26
saturda	7
saturday	-26
saturdays	7
saturn	7
sat­ur­day	7
saucier	7
saudi	-14
saudis	7
sauvignon	7
savage	2
savants	7
save	-43
saved	-17
saver	7
saves	-2
savetheunicorns	7
saving	-18
savings	-19
savior	6
saviors	7
savonlinna	7
savor	7
savory	7
savvier	6
savvy	4
saw	-47
sawed	7
sawfish	7
sawl	52
sawmill	7
saws	38
sax	6
saxenian	-16
say	-64
saya	6
sayeedma	7
sayers	7
sayin	7
saying	-47
sayings	6
says	-58
sb	7
sbaen	43
sbectol	32
sbel	18
sbon	32
sboncian	18
sbwriel	38
sc	7
scabbard	7
scabrinodis	7
scaffold	4
scalding	7
scale	-17
scaled	4
scalia	6
scalp	4
scam	-9
scammed	-2
scammers	7
scampers	4
scandal	4
scandals	7
scandinavia	7
scandinavian	7
scandinavians	7
scanned	4
scant	7
scantily	7
scapegoat	6
scarce	4
scarcities	7
scare	-4
scared	-14
scarely	7
scares	6
scarf	7
scaring	7
scarlet	19
scarlett	6
scarred	7
scarring	7
scars	7
scarus	7
scarves	7
scary	-10
scattering	7
scavenge	7
scd	-29
scenario	-2
scene	-42
scenes	-4
scenic	4
scents	7
scepticism	7
schaefer	6
schafer	-2
sched	7
schedule	-26
scheduled	-20
scheer	7
schema	-17
schemata	6
scheme	-14
schemes	7
schenker	7
schenkerman	7
schinkel	7
schlemiel	6
schlemmer	7
schlep	6
schliemann	7
schlimazel	6
schlitt	6
schlock	7
schlub	7
schmeer	7
schmegegge	7
schmendrik	7
schmidt	4
schmo	7
schmuck	7
schmucks	7
schnook	7
schnoz	7
scholar	6
scholarly	4
scholars	2
scholarship	-10
scholastic	7
school	-62
schoolchildren	7
schooldays	7
schooling	7
schoolofrock	7
schools	-8
schoolteacher	7
schoolwork	6
schrader	18
schrapps	18
schroder	7
schubert	6
schulman	6
schulte	4
schumm	-18
schuster	2
schuyler	7
sci	-2
sci-fi	6
sciam	7
science	-44
scientific	-40
scientifically	6
scientist	-6
scientists	-19
scien­ce	7
scintillating	7
scion	7
scissors	6
sclerosing	7
sclerosis	7
scoffed	7
scolded	7
scoop	7
scooping	6
scoops	7
scooter	7
scoots	7
scope	-24
scoping	6
scorches	7
scorching	7
score	-4
scorecard	6
scored	4
scores	-2
scoring	6
scorn	7
scorpion	7
scot	7
scotland	6
scott	7
scottishness	7
scourge	7
scout	4
scouted	6
scouts	6
scowl	7
scowling	7
scrabulous	6
scraggly	7
scramble	7
scrambled	2
scrambling	7
scrap	-2
scraped	7
scrapes	7
scrapping	7
scraps	7
scratch	2
scratchandgnaw	7
scratching	6
scrawling	7
scrawny	6
scream	-2
screamed	-12
screaming	-13
screams	-9
screech	7
screen	-33
screening	2
screenings	4
screenplay	6
screens	-2
screwdriver	6
screwdrivers	7
screwed	2
screwing	7
screwup	7
screwy	7
scribble	7
scribbled	6
script	-2
scripted	7
scripting	7
scripts	6
scripture	4
scrivere	7
scroll	7
scrolled	7
scrolls	7
scrooge	7
scroungiest	7
scrub	6
scrubbed	7
scrubber	6
scrubbing	7
scruff	6
scruffy	7
scrumptious	7
scrunched	7
scrutinized	7
scrutiny	-6
scruton	6
scs	-20
scsi	7
scuffing	7
sculpted	6
sculptor	6
sculptural	4
sculpture	-8
sculptures	7
scum	7
scurried	6
scurries	7
scurry	7
scuttle	6
scuttled	-4
scuttles	7
sd	7
sdk	7
se	-13
sea	-37
seabass	-15
seabees	6
seaboard	7
seaborne	7
seac	7
sead	7
seafarers	6
seafaring	7
seafood	-16
seafoods	6
seagal	7
seagate	7
seal	-9
sealed	4
sealer	7
sealing	7
seals	-2
seam	7
seaman	-27
seamless	7
seamlessly	2
seance	7
seaport	7
sear-	7
search	-37
searched	-4
searches	6
searching	-10
searchlight	7
sears	2
seas	-2
seaside	4
season	-38
seasonal	6
seasoned	7
seasoning	6
seat	-20
seatbelts	7
seated	2
seater	7
seats	4
seattle	-6
seaweed	2
seaworthy	7
sec	2
secessionists	7
second	-57
secondarily	7
secondary	-21
secondlife	7
secondly	-13
seconds	-20
secrecy	2
secret	-32
secretarial	7
secretaries	7
secretary	-33
secretary-	7
secrete	7
secreted	7
secretion	4
secretive	6
secretively	7
secretly	4
secrets	-8
secretshopper	7
sect	7
section	-45
sectioned	7
sectioning	7
sections	-24
sectol	18
sector	-17
sectorau	18
secular	6
secularism	7
secure	-28
secured	-8
securely	2
securing	2
securities	-31
securitization	-2
securitized	6
security	-44
securityrequests/	7
sed	2
sedan	6
sedaris	7
sedate	7
sedd	18
seddi	18
sediment	-24
sedimentary	6
sedimentation	6
sediments	4
sedley	6
see	-64
seeber	7
seech	7
seed	-4
seedbomb	6
seedbombing	2
seedbombs	2
seeds	-17
seedy	7
seeing	-28
seek	-24
seekers	4
seeking	-18
seem	-40
seemed	-37
seeming	6
seemingly	-4
seems	-46
seemyinserts	7
seen	-54
seep	4
seeped	7
seeping	7
seeps	7
sees	-30
sef	56
sefydliad	48
sefydliadau	38
sefydliadol	18
sefydlodd	32
sefydlu	18
sefydlwyd	18
sefyll	52
sefyllfa	32
sefyllfa'r	18
sega	7
segi	7
segment	20
segmentation	7
segmentau	32
segmented	6
segments	-4
segur	18
segway	7
sei	7
seibu	7
seidlitz	7
seiliedig	43
seine	7
seinfeld	7
seismic	6
seize	2
seized	4
seizes	4
seizing	7
seizures	7
selby	7
seldom	2
select	-14
selected	-10
selecting	2
selection	-25
selections	6
selective	7
selectively	7
seleri	18
seleucid	7
seleucids	7
self	-42
self-	4
self-aggrandizing	7
self-confident	7
self-conscious	6
self-consistent	7
self-control	-23
self-defense	6
self-generaticity	7
self-governing	7
self-interest	7
self-organization	7
self-referential	7
selfconsciencely	7
selfish	4
selforganise	7
selfsame	7
sell	-26
seller	2
sellers	7
selling	-23
sells	7
selog	32
selves	7
selway-	7
selwyn	6
sem	6
semanar	6
semantic	6
semantical	7
semantically	6
semantics	-16
semblance	6
semesters	6
semi	-6
semiconductor	-6
semiconductors	6
seminal	7
seminar	2
seminars	4
semiotic	7
semitic	4
sempo	7
semua	7
sen	-6
senado	6
senate	-38
senator	-38
senators	-10
send	-46
sender	-13
sending	-27
senedd	48
seneddol	18
seneddwr	32
senescence	7
seng	6
senility	6
senior	-25
seniors	-18
sennacherib	7
sensation	6
sensations	7
sense	-50
sensed	6
sensemaking	2
senses	-6
sensibilities	7
sensibility	4
sensible	2
sensibly	7
sensing	-4
sensitive	-20
sensitivity	4
sensor	4
sensorimotor	7
sensors	-27
sensory	6
sensual	7
sensuous	6
sent	-52
sentelle	6
sentence	-26
sentences	-10
sentencing	2
sentient	7
sentiment	2
sentimentality	7
sentiments	6
sentinels	7
sentries	7
seo	-4
seok	7
seokwhee	7
seoul	7
sep	-23
separate	-27
separated	-12
separately	-2
separates	7
separating	7
separation	-12
separator	7
separators	7
seperate	6
sept	-4
september	-38
seq	6
sequeled	6
sequels	-53
sequence	-15
sequences	-8
sequential	7
sequestering	6
sequestration	6
ser	7
sera	2
serbia	2
serbian	6
serch	32
seremonïau	18
seren	18
serendipitous	7
serendipity	7
serene	7
serenity	6
serge	7
sergeant	7
sergeants	7
seri	7
serial	-6
serialized	6
serials	7
series	-29
serious	-38
seriously	-18
seriousness	6
sermon	4
sero	-1
serological	2
serpant	6
serrano	6
serum	-8
servant	6
servants	6
serve	-35
served	-20
server	-9
servers	6
serves	-16
service	-63
service-	6
serviced	7
servicemen	6
services	-51
servicing	7
serving	-9
servitude	4
sesame	7
sesquipedalian	7
sess	7
session	-22
sessions	-4
set	-43
set-up	7
setback	4
setbacks	7
seth	-12
seto	7
sets	-36
settable	6
settin	7
setting	-36
settings	2
settle	-12
settled	-6
settlement	-14
settlements	-2
settlers	-2
settles	7
settling	7
setup	7
seung	7
seur	7
seve	7
seven	-64
seven-	7
sevenand	7
sevens	7
seventeen	-52
seventeen-	7
seventeenth	-13
seventh	-20
seventies	7
seventy	-42
sever	4
severable	7
several	-51
severance	7
severe	-15
severed	7
severely	-2
severing	7
severity	2
severson	7
sew	6
sewage	6
sewn	7
sex	-30
sexes	7
sexism	7
sexlessly	7
sexological	7
sexologist	7
sexology	7
sexual	-23
sexuality	-9
sexually	2
sexxy	7
sexy	-2
seymour	7
seyprel	7
señor	2
sg	6
sgen	18
sgetshis	18
sgidiau	18
sgipio	55
sgipiodd	18
sgleiniog	18
sglodion	18
sglods	18
sgml	7
sgorio	18
sgovenar	7
sgramblo	18
sgrin	50
sgrîn	18
sgt	-10
sgtadam-caldwell	7
sgweier	18
sgwenna	32
sgwennu	51
sgwennu'r	18
sgwrs	38
sgwrsio	32
sgwrsiol	32
sgwâr	32
sgyrsiol	18
sh-	2
sha	-6
shack	-8
shackles	2
shade	4
shaded	4
shades	6
shadow	-2
shadowed	6
shadows	-12
shadowsitting	7
shadowy	7
shae	7
shaft	6
shah-i-	7
shaila	7
shake	-15
shaken	6
shakes­peare	18
shakeup	7
shaky	6
shalim	4
shall	-36
shallow	-4
shallows	4
shalom	7
shalt	7
sham	6
shamans	6
shame	-10
shameful	6
shameyou	7
shamian	7
shampoo	6
shamsuddeen	7
shan	4
shanbhogue	2
shanghai	6
shanghaied	7
shangri-	6
shankar	7
shannon	2
shape	-24
shaped	-8
shapes	-4
shaping	2
shaq	6
shaquille	7
shard	7
shards	6
share	-49
sharecroppers	7
shared	-24
shareholder	-2
shareholders	-10
sharepoint	7
shares	-35
sharia	6
sharif	7
sharing	-15
shark	-8
sharks	6
sharma	7
sharon	-2
sharp	-1
sharpe	7
sharpies	7
sharply	2
shattered	4
shattering	4
shave	7
shaven	7
shaver	7
shawl	7
shay	6
she	-64
she-	7
shea	7
shean	7
sheath	7
sheathed	6
shechem	6
shed	-4
sheds	7
sheen	7
sheep	2
sheepish	7
sheepishly	6
sheer	6
sheet	-10
sheets	-9
sheik	7
sheikh	2
sheila	6
shek	6
shekou	6
shelby	6
shelf	2
shelk	7
shell	-4
shelley	6
shells	4
shelly	7
shelter	-10
shelterand	7
sheltered	7
shelters	2
shenzhen	-8
shepard	6
shepherd	6
shepherds	7
shepperd	7
sher	6
sheraton	7
sherbrooke	7
sheree	7
sheri	7
sheriff	7
sherk	7
sherman	19
sherman_brown	7
sherri	4
sherrick	6
sherry	2
shetterly	6
sheung	6
shhh	6
shi-	7
shibboleths	6
shield	2
shifft	32
shift	-24
shifted	-8
shifts	-9
shih-	6
shiite	7
shimmer	6
shimmered	7
shine	-4
shines	2
shing	4
shingle	-2
shingled	7
shingles	6
shining	4
shinola	7
shiny	-4
ship	-46
shipbuilding	7
shipment	6
shipments	6
shipped	-2
shippers	2
shipping	-15
ships	-9
shipwide	7
shipyard	2
shipyards	7
shiran	7
shirley	-4
shirt	-20
shirted	7
shirts	6
shish	7
shit	-8
shitting	7
shiv	7
shivered	2
shivering	4
shivers	6
shkz	7
shock	-16
shocked	-15
shocking	4
shockingly	4
shoddy	7
shoehorns	7
shoelaces	7
shoeless	4
shoes	-20
sholicatchvieli	7
shona	7
shone	7
shoo	2
shook	-27
shoop	6
shoot	-26
shooting	-4
shootout	7
shoots	7
shop	-23
shopgreen	7
shopkeepers	7
shoplifter	7
shopped	7
shopper	4
shopping	-32
shops	-27
shore	-17
shored	7
shoreline	4
shorelines	6
shores	6
short	-43
short-	7
short-lived	7
short-term	-12
shortage	2
shortages	4
shortcomings	7
shorten	-8
shortened	4
shortening	4
shorter	-9
shortest	4
shortly	-16
shorts	4
shot	-26
shotglass	7
shotgun	7
shotguns	7
shotpak	4
shotted	7
should	-64
shoulda	7
shoulder	-26
shouldered	6
shoulders	-16
shouldn	-9
shout	2
shouted	-15
shouting	-8
shovel	-6
shovelful	7
shovels	7
shoves	7
show	-49
showcases	7
showed	-23
shower	-6
showered	6
showers	7
showing	-23
showmanship	7
shown	-41
showroom	7
showrooms	7
shows	-39
showtime	7
shoyu	7
shred	7
shreds	7
shrek	7
shriek	7
shrieked	7
shrieking	7
shrill	7
shrimp	6
shrimper	-2
shrine	6
shrines	7
shrinking	-2
shriveled	6
shrubbery_nee	18
shrubs	7
shrug	7
shrugged	-16
shrugging	6
shrugs	6
shrunk	7
shrunken	7
shuddered	6
shue	6
shuey	6
shuffle	7
shuffled	4
shuffles	7
shuffling	2
shui	-2
shun	7
shunned	7
shunted	7
shure	2
shures	7
shuster	6
shut	-27
shutdown	4
shuts	4
shutters	7
shutting	6
shuttle	7
shuttled	7
shy	2
shying	7
shyly	7
shysters	7
si	-2
si/@m·h·s	7
siaced	18
sialadenitis	7
siarad	59
siaradodd	38
siaradus	18
siart	18
siberia	7
siblings	4
sibrwd	18
sic	4
sicca	2
sicheia	7
sicherle	7
sick	-20
sicker	7
sickly	7
sickness	4
sicr	48
sicrhau	52
sid	4
side	-51
sideburns	7
sidelight	7
sidelong	7
sides	-14
sidewalk	-2
sidewalks	7
sideways	-2
siding	4
sidled	7
siebel	7
siege	13
siegel	-6
siegwart	7
sierra	6
sierra-	7
sifil	32
sift	7
sigh	-2
sighed	-9
sighing	7
sighs	4
sight	-21
sighting	7
sights	-6
sightseeing	2
sigma	6
sigmund	6
sign	-38
signage	7
signal	-6
signaled	6
signaling	-8
signals	-15
signatories	7
signature	2
signatures	6
signaturprojekt	6
signed	-26
significance	-13
significans	6
significant	-44
significantly	-32
signified	2
signifies	2
signify	7
signing	-12
signs	-23
sikharulidze	4
silence	-20
silenced	6
silences	7
silent	-10
silently	-13
silffoedd	18
silhouette	6
silicon	-21
silk	-10
silken	7
silks	2
silky	7
sill	18
sillafu	18
sills	7
silly	2
silt	7
silts	7
silva	7
silver	-20
silverclove	7
silvermine	4
silverplate	6
silversun	7
silvia	7
similar	-43
similarities	4
similarly	-13
simon	-9
simone	7
simonsen	7
simple	-43
simpler	-2
simplicity	-4
simplifies	7
simplify	6
simplistic	6
simply	-44
simpson	6
simpsons	7
sims	7
simulacra	7
simulate	7
simulated	4
simulates	7
simulation	6
simulations	7
simultanenously	7
simultaneous	6
simultaneously	-10
sinai	7
sinatra	6
since	-60
sincere	-4
sincerely	-9
sincerest	7
sincerity	7
sinclair	7
sinema	18
sinful	7
sing	-12
singapore	-4
singed	7
singeing	7
singer	4
singing	-16
single	-40
single_nw	7
singled	-2
singling	7
singlish	6
sings	4
singular	-2
singularly	6
sinister	7
sink	2
sinking	4
sinknowing	7
sinks	2
sino	7
sino-	7
sins	6
sintef	2
sinuosity	-20
sinuous	-9
sioc	43
siocled	18
sioe	55
siom	18
siomedig	18
siomi	46
siop	55
siopa	18
siopwr	18
sior	18
sioux	18
sip	-9
sipped	6
sir	-7
sire	7
siren	6
siriol	18
sissors	7
sissy	7
sista	7
sister	-28
sisters	-20
sisyphian	7
sit	-33
site	-44
site--	7
sites	-27
siting	2
sits	-15
sitting	-42
situ	-8
situated	-9
situation	-42
situational	6
situations	-20
siu	7
siw	18
siwgr	18
siwr	48
siwt	18
six	-64
six-	7
six-keto-p·g·f	-4
sixand	7
sixteen	-51
sixteen-	7
sixteenth	-6
sixteenths	6
sixth	-17
sixties	7
sixty	-64
sizable	7
size	-39
sized	-6
sizes	-6
siân	32
siâp	18
siôn	32
siŵr	54
sj	7
sjerven	7
sjones	4
sjögren	-2
sk	7
sk-	7
skala	7
skate	6
skated	7
skaters	7
skating	-10
skean	-12
sked	7
skeeters	7
skeleton	-2
skeptical	6
skepticism	7
sketch	7
sketchbook	7
sketchy	6
skid	6
skidded	7
skids	6
skiers	6
skies	4
skiing	4
skill	-4
skilled	-4
skillful	6
skillfully	7
skilling	-9
skills	-29
skimmed	4
skimming	7
skimpy	7
skin	-26
skinned	7
skinny	2
skins	6
skip	7
skipped	6
skipper	7
skips	7
skirt	-6
skirting	7
skirts	4
skis	7
skittered	7
skoll	7
skrocki	4
skulduggery	7
skull	-2
skulls	6
skunk	7
sky	-24
skydiving	2
skydrive	7
skylights	7
skyline	4
skylit	7
skym	7
skype	25
skyrocket	7
skyrocketed	7
skyrocketing	7
skyscraper	4
skyscrapers	-2
skyward	6
slab	7
slabs	7
slack	6
slacker	6
slain	7
slam	-9
slammed	2
slamming	4
slams	2
slang	2
slanguist	7
slant	7
slanting	7
slap	6
slap-stickish	7
slapped	7
slaps	2
slapstick	7
slash	4
slashes	7
slate	2
slation	7
slaughter	6
slaughtered	6
slaughtering	6
slave	4
slavery	4
slaves	4
slavic	6
slaving	7
slavish	7
slay	7
slayer	7
sleazy	4
sledgehammer	7
sleek	2
sleep	-39
sleepiness	4
sleeping	-20
sleepless	6
sleeps	6
sleepy	-4
sleet	7
sleeve	6
sleeves	6
sleigh	7
sleight	7
sleisen	18
slender	4
slew	7
slice	6
sliced	4
slices	2
slicing	7
slick	7
slid	-2
slides	2
slidewalks	7
sliding	-4
slight	-8
slightest	2
slightly	-29
slightly--	7
slimy	7
sling	6
slinging	7
slinks	7
slip	-12
slipped	-17
slipper	7
slippery	7
slips	2
slit	6
slithered	7
slithering	7
sliver	7
sloan	7
slob	18
slobs	18
slofeneg	18
slogan	19
slogging	7
sloguing	7
slop	7
slope	-28
slopes	6
sloping	7
sloppily	7
sloppy	7
slot	-2
sloth	6
slovak	7
slow	-28
slowest	6
slowing	6
slowly	-34
slows	6
slug	6
slugging	7
sluggish	7
sluggishly	7
slugs	7
slumbering	7
slummy	7
slump	4
slumped	4
slurping	6
slush	7
slut	7
slw	7
sly	4
sm	7
smack	4
smacked	7
smacks	7
smalay	7
small	-57
smallbusiness	18
smaller	-24
smallest	6
smallish	7
smallweed	7
smart	-16
smart-ass	7
smartest	7
smarty	7
smashed	6
smashes	6
smashing	7
smcrm	6
smeargate	7
smell	-12
smelled	-2
smelling	4
smells	6
smelly	7
smelt	7
smile	-29
smiled	-21
smiling	-9
smirk	6
smirked	6
smirking	7
smith	-27
smithills	7
smithiown	7
smiths	7
smithsonian	4
smog	4
smoggiest	7
smoke	-6
smokers	6
smoking	-12
smoldering	6
smoooooth	7
smooth	-21
smoothed	7
smoothest	7
smoothie	7
smoothing	7
smoothly	6
smoothness	7
smothered	4
sms	6
smtps	7
smug	7
smuggle	7
smuggled	7
smuggler	7
smugglers	7
smuggling	4
smugly	7
smwddio	32
sn	6
snack	4
snaek	7
snagged	7
snake	-33
snakes	-4
snap	4
snapped	-6
snapping	2
snaps	4
snapshot	7
snapshots	7
snare	7
snarky	7
snarled	6
snarling	7
snarls	2
snatched	-2
snatches	7
snazzy	7
sneak	7
sneakers	7
sneaking	4
sneaks	6
snedden	18
sneered	6
sneeze	2
snickel	6
snicker	6
snickers	18
snider	7
sniffing	6
sniffles	4
snigger	7
sniggered	7
snip	6
sniper	7
sniping	7
snippets	7
snipr	2
snips	7
snook	7
snooty	6
snooze	6
snore	7
snoring	6
snort	7
snorted	4
snotty	7
snow	-20
snowballs	7
snowed	7
snowflakes	7
snowing	4
snowshoeing	7
snowstorm	7
snowy	6
snskl	7
snuck	4
snug	4
snurl	7
so	-64
so-called	-12
soaked	7
soaking	4
soaks	6
soap	4
soapy	7
soar	2
soared	7
soares	7
soaring	4
sob	6
sobbing	6
sober	6
soberly	7
sobo	7
sobriety	4
sobs	7
sobule	7
soc	7
soccer	6
social	-46
socialisation	6
socialised	6
socialism	2
socialist	6
socialite	7
socialize	4
socialized	4
socially	4
social–psychological	7
socian	18
societal	6
societies	-8
society	-42
socio	7
sociologist	7
sociologists	7
sock	7
sockets	6
sod	7
sodium	7
sodomy	7
sofa	-9
soffa	18
sofia	2
sofietaidd	18
soft	-23
softball	2
soften	7
softened	6
softening	6
softens	7
softer	6
softly	-8
softness	7
softwalks	7
software	-24
sogned	7
soho	4
soiffer	-6
soil	-10
soiled	2
soils	7
sok	7
sol	7
solano	6
solar	2
sold	-28
soldier	-2
soldiers	-14
sole	-12
solely	-4
solemnly	7
soler	7
soles	7
solevgrad	7
solicit	6
solicitation	6
solicitations	4
solicited	4
soliciting	4
solicitor	4
solid	-18
solidarity	4
solidifying	6
solidity	4
soliloquy	4
solo	7
solomon	-2
solubilization	7
soluble	-9
soludo	7
solution	-30
solutions	-16
solve	-24
solved	6
solvency	2
solvent	4
solving	2
som	7
som-	7
somali	7
somalia	4
somaya	18
somber	6
some	-64
somebody	-36
someday	7
somehow	-20
someone	-51
someplace	2
somersaults	7
somerset	7
somethin	7
something	-64
sometime	-13
sometimes	-38
somewha-	7
somewhat	-22
somewhere	-25
son	-15
sonar	-20
sonata	-4
sonatas	7
song	-25
songbirds	4
songs	18
songsmith	7
sonia	7
sonicated	7
sonja	7
sonny	2
sonograms	7
sonoma	-39
sons	2
sony	-20
sonys	7
soo	6
soon	-48
sooner	-16
soothe	4
soothing	7
sophianetwork	7
sophisticated	-6
sophistication	6
sophomore	2
sopping	7
soprano	4
sorbees	6
sorbet	7
sorcerers	7
sorely	4
sori	51
sorna	-4
soros	6
sorrow	6
sorry	-45
sort	-44
sorta	7
sorted	6
sorting	2
sortio	18
sorts	-4
sosban	18
sosbenni	18
sought	-21
soul	-16
souls	-9
sound	-42
sounded	-8
sounding	7
soundless	7
soundly	6
soundness	-2
sounds	-29
soundscan	7
soup	4
soups	7
source	-35
sourceforge	6
sources	-32
sources-	7
sourcing	2
sourdough	7
souter	2
south	-33
southeast	2
southern	-19
southoz	7
southward	6
southwest	2
southwestern	6
southwesterner	7
souvenir	7
sovereignty	2
soviets	6
sow	4
sown	4
sox	-10
spa	7
spaatz	7
space	-38
space-time	7
spaces	-8
spaceship	6
spacey	7
spacing	7
spacious	2
spades	7
spaghetti	7
spahr	6
spain	4
spam	2
spangled	18
spanier	7
spanish	-28
spank	6
spanking	6
spanner	7
spanning	6
spans	6
spar-	7
spare	4
spareness	7
sparing	7
spark	-4
sparked	2
sparkle	6
sparkling	4
sparks	6
sparling	7
sparrow	-60
sparse	4
sparsely	7
sparta	6
spas	7
spatial	7
spawned	6
spay	7
spca	7
speak	-39
speaker	-4
speakerphone	4
speakers	-14
speaking	-31
speaks	-10
spear	7
spearheaded	7
spearing	7
spears	2
spec	-12
special	-49
special-	7
specialist	7
specialists	6
specialized	-12
specializes	4
specializing	6
specially	4
specie	6
species	-45
specifiactions	7
specific	-38
specifically	-25
specifications	6
specifics	6
specifies	4
specify	-19
specifying	4
specimen	6
specimens	6
speck	6
speckled	7
specks	7
spectacle	6
spectacled	7
spectacular	-6
spectator	7
spectators	6
spector	7
spectrometer	7
spectrometry	7
spectroscopic	7
spectrum	-20
speculated	7
speculating	7
speculation	-4
speculative	2
speculatively	7
speculators	6
sped	4
speech	-28
speeches	7
speechless	7
speed	-30
speeding	2
speeds	6
speggetti	7
speier	7
spellbinding	7
spellbound	7
spelled	4
spelling	-2
spellings	7
spells	6
spelt	2
spencer	-2
spend	-37
spending	-26
spends	6
spenser	7
spent	-36
sperling	7
spewed	7
sphere	-2
spherical	6
spice	4
spiced	6
spicegirlz	18
spices	7
spiders	6
spies	4
spike	6
spiked	6
spilled	6
spilling	7
spills	4
spin	-4
spinaddiction	7
spinal	6
spindaily	7
spinifex	7
spinner	7
spinning	-9
spino	2
spinosaur	-16
spinosaurus	4
spins	7
spiral	6
spiraled	7
spiraling	6
spiralling	7
spirduso	7
spires	7
spirit	-22
spirited	7
spirits	-6
spiritual	-4
spirituality	-4
spite	-2
spitting	7
splash	7
splashed	7
splashes	7
splashing	2
splendid	2
splendor	4
splendors	7
spliced	7
splicing	7
splint	7
splinted	7
splintering	7
splinters	7
splintery	7
split	-17
splits	7
splitting	6
splutters	7
spmi	7
spmk	7
spock	7
spode	7
spoil	6
spoiled	6
spok	7
spoke	-34
spoken	-17
spokesman	-12
spokesperson	6
spokeswoman	4
sponge	7
spongebob	7
sponges	7
sponsor	-16
sponsored	-6
sponsoring	4
sponsorisation	7
sponsoriser	7
sponsors	2
spontaneous	7
spoof	7
spool	4
spoonerisms	7
spoons	7
sporades	7
sporadic	7
sporadically	7
sport	-19
sporting	6
sports	-18
sportsmen	4
sporty	6
spot	-29
spotlight	7
spotlights	7
spots	-14
spotted	2
spotting	6
spouse	2
spouting	6
spouts	7
spp	7
sprain	7
sprang	4
sprawl	7
sprawled	7
sprawling	4
spray	-4
sprayer	7
sprayers	6
spraying	7
spread	-28
spreading	2
spreads	6
spreadsheet	2
spree	-6
spridgen	7
spring	-29
springboarded	7
springer-	7
springfield	4
springs	-8
springtime	7
springtown	7
sprinkles	7
sprint	4
sprinted	7
sprow	7
sprung	6
spun	-2
spur	6
spurious	4
spurned	7
spurred	6
spurring	7
spurs	6
spy	6
spyglass	2
sqeuazing	7
sql	44
squabbles	7
squander	7
squandered	6
squandering	7
square	-34
squared	2
squares	4
squash	7
squashes	7
squats	7
squealed	6
squeals	7
squeeeeeeeallll	7
squeeze	4
squeezed	4
squeezes	7
squeezing	7
squid	7
squishy	7
sr	7
sri	7
ss	-32
ssrn	-9
st	-15
stab	-2
stabbed	4
stabbing	2
stability	-17
stabilization	7
stabilizes	7
stabilizing	7
stable	-20
stables	7
staccato	7
stacey	6
stack	-6
stacked	4
stacking	6
stacks	4
stadium	-9
stafelloedd	18
staff	-9
staffer	6
staffers	6
staffs	7
stage	-28
staged	4
stages	-14
staggering	7
staggers	7
staging	7
stagnant	7
stagnating	7
staid	4
stain	2
stained	-8
staining	4
stains	6
stair	4
staircase	6
staircases	7
stairs	-16
stake	-20
stakeholders	7
stakes	2
stalemate	6
stalin	7
stalk	4
stalked	7
stalker	7
stalking	4
stalks	-13
stall	6
stalled	7
stalls	4
stamford	7
stammering	7
stamp	4
stamped	7
stampiau	18
stamps	-4
stan	7
stance	6
stanch	7
stanchions	6
stand	-40
stand-by	6
stand-up	7
standard	-33
standardization	4
standardize	7
standardized	2
standards	-40
standback	6
standers	7
standing	-38
standoff	7
standout	7
standouts	7
standpoint	-6
stands	-27
standstill	7
standup	6
stanford	-22
stanger	7
stanley	-10
staple	6
star	-6
star-	7
starbies	7
starboard	-4
starbuck	7
starbucks	-2
stare	-6
stared	-13
staring	-20
stark	-4
starke	-14
starkly	7
starlight	7
starr	7
starring	7
stars	-24
start	-47
started	-44
starter	6
starting	-28
startled	2
startling	-2
startlingly	6
starts	-24
startup	7
starvation	7
starve	7
starved	4
starving	2
starz	7
stash	7
stasis	7
stat	6
state	-62
state-of-the-art	-2
stated	-13
statehood	7
stately	6
statement	-42
statements	-27
statename	6
states	-62
statesman	4
statesmanship	6
statezipcode	7
static	6
statin	-9
stating	-8
statins	-8
station	-24
stationery	7
stationing	7
stations	-2
statistic	7
statistical	-6
statistically	-2
statistics	-6
statuary	7
statue	-8
statues	-15
statuette	7
stature	6
status	-36
statuses	7
statute	-21
statutes	2
statutory	-8
stauton	7
staves	7
stay	-39
stayed	-10
staying	-12
stays	2
ste-	7
stead	6
steady	-15
steaks	7
steal	-9
stealin	6
stealing	2
steals	6
stealthily	7
steam	2
steamboats	7
steaming	7
steamship	7
stearns	-4
steel	-39
steelworkers	7
steep	-2
steeped	7
steepen	6
steepened	2
steepening	-2
steeper	-2
steeplechase	7
steepled	6
steered	7
stefani	7
steffan	18
steffes	-9
steffew	6
stein	6
steinbeck	7
stelde	7
stellar	7
stellwagen	7
stelzer	6
stem	-4
stemmed	4
stemming	-2
stems	2
stench	4
step	-39
stephanie	6
stephanopoulos	-19
stephen	10
stephenie	7
stephens	-13
stephenson	38
stepmother	7
stepped	-24
steppes	7
stepping	-6
steps	-31
stepwise	7
stereo	2
stereotype	7
stereotypes	7
sterile	4
sterilized	7
sterling	7
sternberg	6
sternly	7
sterry	38
stethoscope	6
steve	-7
steven	-36
stevens	-2
stevenson	7
steward	7
stewardess	7
stewards	4
stewardship	6
stewart	-8
sti-	7
stick	-15
sticker	4
stickers	-8
sticks	-4
sticky	2
stieglitz	6
stiff	28
stiffen	7
stiffly	7
stifle	6
stifled	6
stifling	6
stiglish	7
stigma	7
stigmatize	7
stijn	7
stiletto	7
still	-64
stillness	7
stilts	6
stilus	4
stimpson	7
stimulants	7
stimulate	2
stimulated	-16
stimulates	-2
stimulating	7
stimulation	-6
stimulithe	7
stimulus	-8
sting	2
stink	7
stinking	6
stint	7
stipulation	6
stir	7
stirling	7
stirred	7
stirring	2
stirs	7
stitch	7
stitcher	4
stitchers	7
stitches	7
stiwdants	18
stld-writethru-	7
stld-writethru-nyt	7
stlp	4
stm	6
stoc	46
stock	-35
stockdale	-9
stocked	7
stockholders	7
stocking	7
stocks	7
stoic	7
stoker	7
stole	7
stolen	-6
stomach	-14
stomped	7
stomping	4
stomps	4
stone	-37
stoneman	7
stones	-2
stonework	7
stony	7
stood	-39
stooge	7
stoop	7
stooped	7
stoops	6
stop	-31
stop-	7
stopboxes	2
stophr	7
stopio	18
stopover	6
stopped	-34
stops	-21
stopthe	7
stopthepikehike	7
storage	-8
store	-33
stored	2
storefront	7
storefronts	7
stores	-20
storey	7
stori	56
stori'	18
stories	-41
storing	7
stork	7
storm	15
stormed	6
storming	4
storms	4
stormy	7
story	-51
storyteller	6
storytelling	7
stoutness	7
stove	6
stovohobo	-4
stowaway	6
stowe	6
straddle	4
straddled	7
straddles	6
straen	32
straeon	46
straight	-28
straighten	4
straightener	6
straightening	4
straightens	7
straighter	7
straightforward	-6
strain	4
strained	4
straining	7
strait	7
straits	7
strand	2
stranding	7
strands	4
strange	-28
strangely	6
stranger	-4
strangers	6
strangest	7
strangle	6
stranglehold	7
strap	6
strapped	6
straps	4
strata	7
stratagene	7
stratalinker	7
strategic	-12
strategies	-14
strategist	7
strategists	7
strategy	-25
stratford	18
strathmore	4
straus	7
strawberries	7
strawberrys	7
strawman	-19
strays	6
streak	6
streaked	7
streaking	7
streaks	7
stream	-32
streamed	7
streaming	6
streamline	-2
streamlining	6
streams	-16
street	-21
streetlamps	7
streetlarry	7
streetlights	6
streetname	7
streetnumber	7
streets	-22
streic	18
strength	-19
strengthen	2
strengthened	4
strengthening	6
strengthens	6
streptomycin	7
stress	-8
stressed	4
stresses	7
stretch	-4
stretched	-14
stretcher	6
stretchers	7
stretching	4
stribed	18
stricken	7
strickland	7
strict	-4
stricter	7
strictly	2
stricture	6
stride	7
strident	7
strider	7
strides	7
strife	4
strike	-12
strikemy	7
strikes	-15
striking	-14
strikingly	7
string	-16
stringency	6
stringent	6
stringers	6
strings	-9
strip	-8
stripe	4
striped	7
stripes	7
stripped	-4
stripping	7
strips	6
strive	4
strived	7
striving	6
strobe	2
strode	2
stroh	7
stroke	-8
stroked	7
stroll	7
strolled	6
strollers	7
strom	7
strong	-44
stronger	-16
strongest	-12
stronghold	6
strongly	-24
strongman	7
struck	-4
struct	-4
structrue	7
structural	-21
structure	-34
structured	6
structures	-20
strug	7
struggle	-6
struggled	-8
struggles	2
struggling	-6
strung	4
struts	6
strutting	4
strwythur	43
stryd	48
strydoedd	18
stu	7
stuart	4
stubborn	4
stubbornly	7
stubby	7
stucco	4
stuck	-18
studded	7
student	-29
students	-40
studied	-25
studies	-34
studio	-4
studios	6
study	-43
studyin	7
studying	-6
stuff	-39
stuffing	6
stuffy	7
stumble	6
stumbled	2
stumog	18
stump	-2
stumped	6
stung	6
stunned	-6
stunning	-2
stunted	7
stupid	-24
stupidity	-2
stupor	7
sturdy	4
stutter	7
stwff	38
stwyrian	18
style	-49
styled	7
stylehive	7
styles	-17
stylish	-9
stylishly	7
stylist	7
stylistic	-10
stylistically	7
stylized	7
stylobate	7
stylus	7
stylus-	7
stymied	7
styrofoam	7
styx	6
stêc	18
sub	-26
sub-	7
subandean	7
subcategories	7
subclass	7
subclasses	7
subclinical	7
subcontinents	7
subcontractors	4
subculture	7
subdivided	7
subdivision	7
subdued	7
subdues	7
subexpressions	-2
subfamilies	7
subgroup	4
subgroups	7
subject	-64
subjected	4
subjecting	7
subjectively	7
subjects	-23
subjugate	7
submarine	4
submarino	7
submental	6
submerge	7
submerged	7
submerges	7
submission	7
submit	-19
submits	7
submitted	-15
submitting	7
subnet	7
suboptimal	6
subordinate	4
subordinated	7
subordination	7
subpart	6
subpoena	7
subpoenaed	6
subpoenas	7
subprime	-8
subregions	7
subroutine	-6
subroutines	2
subs	6
subscribe	-6
subscribed	-9
subscriber	7
subscribers	7
subsection	4
subsections	4
subsequent	-9
subset	-4
subsets	7
subside	6
subsided	7
subsidence	-2
subsides	7
subsidiaries	7
subsidiary	4
subsiding	6
subsidizing	4
subsidy	7
subsistence	7
subsisting	-10
substance	2
substances	7
substantial	-16
substantially	-12
substantive	-2
substantively	7
substitute	-6
substituted	7
substitutes	7
substituting	7
substitution	2
substrate	6
substrates	6
subsumed	7
subsumption	6
subtext	7
subtheme	7
subtitles	4
subtitling	7
subtle	-10
subtler	7
subtleties	7
subtract	-4
subtraction	6
subtropical	6
subunit	6
subunits	7
suburb	7
suburban	2
suburbs	7
subventricular	7
subway	4
succeed	-16
succeeds	4
success	-34
successes	-9
successful	-41
successfully	-16
successor	6
successors	7
suce	7
sucessful	7
such	-64
suchoff	7
sucient	7
suck	2
sucked	-4
sucker	-10
suckers	2
suckin	7
sucks	4
sucpat	2
suction	7
suctioned	7
sudafed	7
sudaker	2
sudan	7
sudbury	7
sudd	18
sudden	-15
suddenly	-32
suddenly-	7
suddo	18
suds	7
sue	6
sued	4
sues	7
suetonius	18
suffer	-13
suffered	-4
sufferer	7
suffering	-15
suffers	6
suffice	6
sufficed	7
sufficiency	7
sufficient	-18
suffocate	6
suffocating	6
suffuse	7
sufl	7
sugar	4
suggest	-33
suggested	-30
suggesting	-20
suggestion	-6
suggestions	-2
suggestive	7
suggests	-27
sugh	7
sugi	7
sugj	7
sugk	7
sugl	7
sugm	7
sugn	7
sugo	7
sugq	7
suharto	7
sui	6
suicidal	7
suicide	-4
suit	-28
suitability	7
suitable	2
suitcases	7
suite	-10
suited	4
suiters	7
suites	7
suiting	7
suitor	7
suitors	7
suits	-4
sukarnoputri	7
sul	32
sule	7
suleiman	6
sulfate	6
sulfur	-2
sulking	7
sullied	7
sullivan	7
sully	7
sultanate	7
sum	-8
summarily	7
summarize	4
summarizes	4
summary	-8
summation	6
summed	4
summer	-39
summerlin	7
summers	6
summertime	6
summit	-4
summits	7
summoned	4
summoning	7
sumptuous	7
sums	2
sun	-38
sunbathers	7
sunburnt	7
sundance	6
sunday	-28
sundays	4
sundown	7
sunflower	4
sung	2
sunglasses	7
sunk	4
sunklands	7
sunlight	-2
sunmaid	7
sunny	-8
sunnydale	7
sunrise	-12
sunrises	7
suns	7
sunsets	7
sunshine	-6
sunteen	7
super	-16
superb	6
superbug	7
superceded	7
supercharge	7
superconductor	7
superfamily	7
superficial	4
superfluous	6
superimposed	2
superior	4
superiority	-4
superiors	6
superlative	7
superman	6
supermarket	6
supermarkets	7
supernatant	6
supernatants	6
supernatural	2
supernova	7
superose-twelve	7
superposed	7
superpowers	7
superscripts	7
superseded	7
supersedes	6
superstitious	6
superted	18
supervised	4
supervisor	4
supervisory	7
supp	7
supper	6
supplement	-6
supplemental	-2
supplemented	6
supplied	6
supplier	7
suppliers	-6
supplies	-19
supply	-29
supply--	7
supplying	7
support	-33
supported	-29
supporters	-9
supporting	-19
supportive	4
supports	-19
suppose	-27
supposed	-21
supposedly	-2
supposing	7
suppress	6
suppressed	6
suppressing	7
suppression	7
supra	6
supreme	-10
suprising	7
sur	4
surbey	7
surcharge	6
sure	-62
surely	-19
surest	6
surf	7
surface	-29
surfaced	6
surfaces	-8
surfboard	7
surficial	7
surfin	7
surfing	4
surge	4
surged	7
surgeon	4
surgeons	7
surgery	-4
surgical	7
surly	7
surmise	7
surmounted	7
surpass	7
surprise	-23
surprised	-24
surprises	6
surprising	-15
surreal	7
surrender	7
surrendered	4
surrey	7
surround	4
surrounded	-17
surrounding	-24
surroundings	-8
surrounds	2
surveillance	6
survey	-19
surveyed	7
surveying	6
surveyors	7
surveys	6
survival	-21
survive	-16
survived	-2
survives	7
surviving	4
survivor	4
survivors	-9
susan	-17
susceptible	6
sushi	6
susie	7
suspect	-4
suspended	-18
suspendisse	7
suspenseful	4
suspension	2
suspicion	7
suspicious	-13
suspiciously	7
sussex	7
sustain	-9
sustainability	7
sustainable	4
sustainably	7
sustained	-8
sustaining	2
sustains	6
sut	60
sutoraike	7
sutra	6
suv	7
suzanne	7
suzy	7
svenja	7
svn	7
swabbing	7
swagger	7
swahili	7
swallowed	7
swampland	7
swampy	7
swann	-45
swansea	18
swap	2
swapped	4
swapping	6
swaps	7
swarm	6
swarms	7
swastikas	7
swath	7
swatted	7
sway	4
swaying	7
swear	2
swearengen	7
swearing	6
sweat	-2
sweated	7
sweater	7
sweaty	4
sweden	7
swedish	2
sweep	6
sweeps	7
sweet	-23
sweetened	7
sweetest	4
sweetie	6
sweetly	4
sweetwater	7
sweety	6
swelled	4
swelling	4
swells	7
swept	-6
swerved	7
swf	7
swift	4
swiftly	2
swig	7
swigod	18
swim	-9
swimming	-15
swims	4
swinbanks	7
swindle	7
swindled	4
swing	-12
swinging	-2
swings	6
swirl	7
swirled	6
swirling	4
swirls	7
swished	7
swiss	4
switch	-24
switchblade	6
switchboard	4
switches	6
switching	-20
switsfwrdd	18
switzerland	7
swiveled	7
swmpus	18
swnio	18
swnllyd	18
swollen	7
sword	-30
swordfish	6
swore	7
sworn	-8
sws	18
swung	2
swydd	51
swyddau	18
swyddfa	32
swyddfa'r	32
swyddfeydd	18
swyddi	32
swyddog	18
swyddogaeth	18
swyddogion	32
swyddogol	18
swyngyfaredd	18
sxer	7
sy	19
sy'n	62
sych	43
sychdwr	18
sychu	18
sydd	62
sydney	-6
sydyn	32
syed	7
sylfaen	18
syllable	6
syllables	7
syllabus	7
syllu	32
sylsapcihotelsvod	6
sylw	51
sylw'r	18
sylwadau	18
sylwadau'r	18
sylwch	18
sylweddol	18
sylweddoli	38
sylwi	48
sylwodd	18
symbian	7
symbiotic	7
symbol	-13
symbolic	-6
symbolise	7
symbolism	6
symbolizes	7
symbols	-10
symiau	32
syml	48
symlach	18
symmetric	7
symmetrical	4
symmetries	7
symmetry	-2
sympathetic	6
sympathetically	6
sympathizers	7
symphonies	7
symposium	7
symptomatic	6
symptoms	-4
symud	46
symudodd	32
symudol	38
symudon	18
synaptic	7
sync	7
synchronized	7
synchrony	7
synclines	7
syndicate	-4
syndicator	7
syndod	32
syndrom	18
syndrome	-21
syndromes	4
synergistic	7
synhwyrol	18
syniad	56
synnu	38
synnwyr	50
synonym	-4
synonymous	4
synonyms	-13
synonymy	7
syntectonic	7
synth	7
synthesis	-8
synthesize	7
synthesizing	7
synthetase	6
synthetic	-10
syracuse	7
syria	7
syrian	6
sys	7
syslab	7
system	-27
system-	6
systematic	6
systematically	7
systemic	-10
systems	-35
systolic	7
syth	38
sythallanocompton	18
szostak	7
s·a·e	7
s·b·s	4
s·c	7
s·c-talk-show	7
s·c·v	7
s·d	7
s·d·k	7
s·d·s	4
s·d·s-page	7
s·e·k	4
s·f	4
s·g·m·l	-17
s·h·t·p	2
s·k·c	7
s·m	7
s·o	2
s·s·a	7
s·s·c·p	6
s·s·l	-2
s·s·r·n	7
s·t·f·b	7
s·t·g	4
s·t·j-five	4
s·t·j-four	4
s·t·j-six	4
s·t·j-three	4
s·t·j-two	4
s·t·l·d-	7
s·t·l·d-write	7
s·t·l·p	-23
s·w	7
s·y	38
sâl	38
são	7
sêr	18
sôn	56
sŵn	48
t	-58
t-	-9
t-care	7
t-rex	6
t-shirt	-2
t-shirts	6
t-tests	6
ta	18
ta-	7
tab	16
tab-z	6
tabernacle	7
tablau	18
table	-42
tablecloth	7
tables	-10
tablet	2
tacate	7
tache	7
tacit	2
tackled	7
tackling	6
tacsi	18
tact	7
tactful	7
tactics	2
tactile	4
tad	25
tad-z	6
tada	7
tael	7
taf	18
taf-z	6
tafell	18
taffi	46
tafla'r	18
tafod	18
taft	18
tag	-12
tagell	18
tagged	-15
tagging	4
tagliatelle	18
tags	-15
tahu	7
tai	17
taijiquan	7
tail	-13
tailbud	2
tailor	4
tailored	2
tailors	4
taint	6
tainted	6
taipa	-6
taipans	7
tair	9
taivanchik	7
taiwan	6
taiwanese	6
taj	7
tak	6
take	-64
takedown	7
taken	-45
takenon	7
takento	7
takeover	-2
takeovers	7
takes	-41
taking	-47
tal	18
talaf	32
tale	-6
talebau	32
taleithiau	18
taleithiol	18
talent	-10
talented	-2
tales	-16
taliban	-26
talk	-46
talked	-34
talker	7
talking	-47
talks	-19
tall	-20
taller	7
tallest	6
talleyrand	7
tally	7
talodd	18
talu	51
tamaid	18
tambala	-9
tame	6
tamerlano	7
tammy	7
tamper	7
tamping	7
tams	7
tamworth	7
tan	34
tancred	7
tandem	-21
tang	4
tangerine	7
tangible	6
tangle	7
tangled	7
tangles	7
tania	7
tank	-9
tanker	7
tankers	7
tanks	7
tanlinellu'r	18
tanning	7
tanseilio'n	18
tantalizing	7
tantamount	7
taoiseach	18
taoist	-2
taos	6
tap	4
tape	-12
taped	6
taper	7
tapes	-12
tapestry	7
tapi	7
tapped	2
tapping	-2
taps	7
taptcp	7
tar	6
tarantino	6
tardar	7
tarde	7
targedu	18
target	-24
targeted	2
targeting	4
targets	-6
tariff	6
tariffs	7
taro'i	18
tarodd	18
tarp	6
tarragon	7
tarrin	6
tarts	7
tasha	-36
tashkent	7
task	-35
task-	7
tasked	2
tasking	7
tasks	-16
tass	7
taste	-21
tasted	6
tastefully	7
tasteless	7
tastes	-4
tasting	6
tasty	7
tat	7
tate	19
tatiana	7
tattoo	6
tattoos	7
tatws	18
taught	-23
taunt	6
taunting	6
taunts	7
taut	7
tautological	7
tavern	4
tavárez	7
taw	18
tawelwch	32
tawny	7
tax	-47
taxation	7
taxed	7
taxes	-25
taxi	6
taxing	7
taxis	4
taxpayer	2
taxpayers	2
tayari	6
taye	7
taylor	16
tb	7
tca	6
tcha	7
tcl-	7
te	32
tea	-31
teabag	7
teabagger	6
teabaggers	6
teabagging	4
teach	-24
teacher	-24
teachers	-21
teaches	6
teaching	-24
teachings	7
teacups	7
teak	6
teal	7
team	-38
teamed	7
teammate	7
teammates	4
teams	18
teamwork	4
teapublicans	7
tearfully	7
tearing	-4
tears	-15
teas	7
tease	7
teased	6
teaser	7
teasers	7
teases	6
teasing	7
teasingly	7
tebow	7
tebyg	50
tebygol	32
tech	-10
tech-	7
techiaith	18
technegol	18
technic	7
technical	-18
technically	-6
technician	2
technicians	7
technique	-6
techniques	-18
technisub	7
technoleg	18
technological	2
technologically	7
technologies	-14
technologist	6
technology	-43
technophile	7
teclyn	18
tecnología	7
tectonic	-15
tectonics	-15
ted	-6
teddy	7
tedious	7
tedtalks	7
tee	7
teed	7
teeming	7
teen	6
teenage	2
teenager	-4
teenagers	2
teens	-2
tees	7
teeth	-13
teg	38
tegan	32
tegannau	18
tegell	18
tei	6
teigrod	18
teimlad	18
teimladau	32
teimlai	18
teimlai'n	18
teimlai'r	32
teimlo	52
teimlo'n	55
teipio	18
teisen	18
teithio	51
teithio'n	18
teksystems	6
tel	-24
telapia	7
telecommunications	7
telecommute	7
teleconf	6
teleconference	6
teleconferences	7
teledu	46
telegenically	7
telegraph	7
telekinesis	7
telematik	6
telephone	-34
telephones	4
teleported	7
telerate	-2
telerau	18
telescope	7
televisa	7
televised	7
television	-26
telex	7
tell	-61
teller	6
tellers	6
telling	-30
tells	-26
telstra	7
tembo	-23
temp	-9
tempation	7
tempe	4
temper	4
temperament	7
temperature	-24
temperatures	7
tempered	7
tempermental	6
template	7
temple	-38
temples	-6
templeton	7
tempo	4
temporal	7
temporarily	7
temporarly	6
temporary	-19
temptation	2
tempted	-2
tempting	7
ten	-64
ten-	6
tenand	7
tenants	4
tenau	32
tend	-14
tendencies	6
tender	-2
tendered	4
tendering	7
tenderly	7
tending	7
tendjewberrymud	7
tendon	7
tendons	7
tends	4
tenet	-2
tennant	7
tennessee	11
tennis	4
tenor	7
tense	7
tensed	7
tension	-4
tensional	6
tensions	6
tensiynau	18
tenskwatawa	18
tensors	2
tent	11
tentacle	-9
tentacles	-15
tentative	7
tentatively	7
tenth	4
tenths	7
tents	7
tenuous	7
tenure	6
tenured	7
teraace	7
terance	7
terence	6
teresa	7
teri	7
term	6
terman	6
termau	56
termed	4
termiadur	32
terminal	-19
terminals	7
terminated	2
termination	2
terminology	2
terminology--	7
terminus	6
terms	-44
terra	2
terrace	-6
terraces	-16
terracotta	7
terrain	7
terran	4
terraso	6
terrell	7
terrible	-14
terribly	4
terrific	-6
terrified	4
terrify	7
terrifying	6
territories	-21
territory	-15
terroir	7
terror	-6
terrorism	-32
terrorismand	7
terrorist	-24
terrorists	-20
terry	-4
terse	7
tertiary	4
tesco	7
test	-39
tested	-13
testified	-13
testify	-24
testifying	-8
testimonial	7
testimonials	-4
testimony	-35
testing	-23
testis	7
tests	-26
testun	52
tethered	6
teubner	7
teulu	46
teuluoedd	18
tevee	7
tevin	7
texas	-24
text	-48
textbook	-23
textbooks	7
textiles	7
texts	6
textual	4
texture	6
textured	7
teyrngar	18
tgfβ	2
th	-30
th-	-21
tha	7
thackeray	6
thad	38
thailand	16
thalweg	2
thalwegs	7
than	-64
thank	-52
thanked	7
thankful	6
thankfull	7
thankfully	7
thankfulness	7
thanking	4
thanks	-48
thanksgiving	6
thanx	2
tharo'i	18
that	-64
that's	7
that-	7
thatall	7
thats	4
thatws	32
thawed	4
the	-64
the-	-2
theater	-12
theaters	-2
theatr	32
theatrau	18
theatre	-17
theatres	7
theatrical	6
thebyg	18
thechnoleg	32
thecrowds	7
thee	7
thee”	18
thefirst	7
theft	13
thei	7
theigrod	18
theimlad	18
theimpressive	7
theinquiries	7
their	-64
theirs	6
theirw	18
theithio	32
them	-64
them-	7
thematic	4
thematically	6
theme	-34
themes	-2
themlau	18
themoon	6
themself	4
themselves	-43
themâu	18
then	-64
then-	7
thence	7
theo	-14
theocracy	7
theodor	19
theodore	-2
theologian	7
theological	7
theology	4
theonion	7
theoretical	-8
theoretically	6
theoricians	7
theories	-23
theorists	7
theorized	6
theory	-39
therapeutic	2
therapist	7
therapy	-23
there	-64
thereafter	-8
thereby	-2
therefore	-38
therein	7
theres	7
theresa	7
therm	18
thermometer	-2
thermostat	7
thes-	7
thesaurus	7
these	-64
thesis	7
theta	7
thetaliban	4
thethe	7
theulu	18
thewe	7
they	-64
thi	44
thibodeau	7
thick	-12
thick-soled	7
thicker	7
thickness	2
thief	-9
thiene	7
thieves	7
thieving	7
thigh	7
thighs	6
thilo	7
thin	-19
thing	-59
things	-62
thingy	7
think	-64
thinkgeek	7
thinkig	7
thinkin	7
thinking	-42
thinks	-23
thinned	7
thinner	7
thinning	7
thira	6
third	-45
thirdly	6
thirds	4
thiriogaethau	18
thirsty	-2
thirteen	-51
thirteen-	7
thirteenths	7
thirties	7
thirty	-64
thirty-five	6
thirty-ft	7
this	-64
this-	7
thisis	4
thissss	7
thistles	7
tho	7
thom	7
thomas	14
thompson	-3
thor	7
thorin	2
thorn	4
thornbushes	7
thorned	7
thorns	7
thorough	-2
thoroughfares	7
thoroughly	-9
those	-64
thoses	7
thou	6
though	-53
thought	-60
thoughtful	2
thoughtfully	7
thoughtless	7
thoughts	-29
thousand	-63
thousands	-35
thousandth	7
thraddodiadau	18
thraed	18
thraethau	32
thrashing	7
thre	18
threads	6
threadsand	7
threat	-26
threaten	-4
threatened	-2
threateningly	7
threats	-8
three	-64
three-	7
three-dimensional	7
three-hour	7
three-hydroxy-three-methylgluatryl	7
three-quarters	6
three-year	6
three/	7
threeand	7
threfol	18
threshold	-17
thresholds	-4
threw	-9
thri	18
thrift	-6
thrill	7
thrilled	2
thriller	7
thrin	18
thrive	2
thro	7
throat	-16
throats	7
throaty	7
throbbed	7
throdd	18
throes	7
throi	18
thromboxane	2
throne	-14
throngs	6
throsodd	18
through	-52
throughout	-39
throw	-23
throwing	-15
thrown	-14
throws	-9
thru	2
thrust	-4
thrusting	7
thrusts	7
thrwy	18
thrwydded	38
thrydar	18
thu	-15
thud	7
thug	4
thugs	4
thumb	4
thumbed	7
thumbprint	7
thumbs	6
thumping	4
thumps	7
thunberg	18
thunderbird	7
thundercats	7
thunderstorm	6
thunder­ing	7
thunk	7
thursday	-26
thus	-35
thwart	4
thwarted	4
thwristiaeth	18
thwtio	18
thwyllo	18
thx	7
thy	7
thyfodd	18
thylwyth	18
thyme	-33
thymer	18
thynnu'r	32
thyroid	7
thystio	18
thân	18
thŷ'r	18
ti	63
ti'n	61
tia	-32
tiantan	7
tibbets	-26
tiberias	7
tibet	7
tibetan	-8
tibetans	7
tic	18
ticiwch	18
tick	7
ticked	7
ticket	-8
ticketed	7
tickets	-9
ticking	4
tickle	7
tidal	7
tide	-8
tides	7
tidiness	7
tidy	7
tie	-10
tied	-12
tiempo	6
tier	2
ties	-9
tiff	7
tiffany	-13
tiger	2
tigers	-8
tight	-15
tighten	4
tightened	4
tightening	7
tightly	-10
til	19
tilbury	7
tile	2
tiled	7
tiles	4
till	-4
tilman	7
tilt	-2
tilted	-2
tilting	-15
tilts	7
tim	-9
timbaland	7
timberlake	7
timbers	7
time	-64
time-	6
timed	6
timeframe	7
timeframes	6
timeless	2
timelessness	7
timeline	7
timelines--	7
timely	6
timeout	7
timer	-12
timers	7
times	-57
timetable	-2
timetables	7
timethen	7
timetoast	7
timex	4
timidly	7
timing	-15
timor	4
timothy	4
tin	1
tincidunt	7
tingled	7
tingling	6
tingly	7
tinian	-6
tiniest	7
tinkered	7
tinkering	6
tinks	7
tinos	6
tins	7
tinton	7
tints	7
tiny	-19
tinyurl	-46
tip	-8
tipped	6
tipper	6
tipping	6
tips	-6
tiptoe	7
tipyn	48
tir	18
tiramisu	7
tired	-25
tirelessly	7
tires	4
tiriogaeth	18
tirweddau	18
tis	18
tisian	18
tissue	2
tissues	-18
titanium	4
titech	6
titicaca	7
title	-31
titles	7
titus	7
tivoed	6
tix	6
tlawd	32
tlc	7
tls-draft	-18
tls-draft-request	7
tlws	18
to	-64
to-	4
to--	7
toads	6
tobacco	-6
tobi	7
toby	7
tocharian	7
today	-63
todd	-8
toddlers	7
todoist	7
toe	6
toed	7
toes	25
tof	7
tofu	7
together	-51
toiled	18
toiledau	32
toilet	-10
toiletries	7
toilets	4
token	4
tokenizer	7
tokens	7
tokhtakhounov	-23
tokio	7
told	-56
toledo	7
tolerance	4
tolerant	-4
tolerate	4
tolerated	7
tolling	7
tolls	7
tolo	7
tolong	7
tom	-19
tom--	6
tomato	28
tomatoes	7
tomatos	32
tomemos	6
tomer	7
tommie	7
tomobiki-cho	2
tomorrow	-36
tomorrows	6
tompkins	7
toms	7
tomste	-2
tomwellt	18
ton	6
tonal	-28
tonalities	7
tonality	-2
tonally	6
tone	-23
toned	7
tones	6
tong	4
tongs	7
tongue	-12
tongues	7
tonic	-4
tonics	6
tonig	7
tonight	-20
tonite	4
tonkin	7
tonnau'n	18
tons	-6
tony	-15
too	-64
toodle	7
toof	7
took	-53
tool	-15
toolkit	6
tools	-18
tools/	7
toolsliterally	7
toolsto	7
toothache	7
toothfish	7
toothpaste	7
toothpicks	6
tootsie	6
top	-51
topic	-23
topics	-13
topless	7
topographic	6
topped	7
topple	7
tops	7
tora	7
torah	7
torch	7
torchbearer	7
torched	7
torches	7
tore	4
toriadau	18
torino	7
toris	18
torment	7
tormented	7
tornado	6
toronto	2
torpedo	-10
torpenhow	7
torpor	7
torrent	7
torrentfreak	7
torrents	7
torri	38
torri'r	38
torricelli	-30
torrodd	18
torrwch	38
torso	4
tortoise	7
tortoises	7
tortuga	-8
torture	2
tortured	4
torturous	7
torula	7
torïaidd	18
tos	4
tosca	7
toshiba	7
toss	-2
tossed	-6
tosses	6
tossing	4
tossy	7
total	-34
totaled	6
totaling	6
totally	-30
toting	7
toto	7
tots	7
tott	7
totters	7
touch	-25
touched	-6
touches	4
touching	-6
tough	-22
toughen	4
toughened	7
tougher	2
toughest	7
tour	-20
tourism	-4
tourist	-24
tourists	-4
tournament	4
tournaments	7
tours	-4
tout	7
tow	7
toward	-41
towards	-36
towel	7
tower	-16
towered	7
towering	4
towers	-6
town	-41
towns	-18
townsend	-10
township	-4
toxic	-9
toxicity	7
toy	-6
toyoo	6
toyota	6
toyotas	7
toys	6
tp	7
tper	6
tq	7
tr	-4
tr-	7
tra	44
tra'n	18
tra'r	18
trace	-6
traced	4
tracing	7
track	-26
tracked	7
tracking	-13
tracks	-12
trackway	7
tract	2
tractor	7
tracy	7
trad	7
traddodiad	38
traddodiadol	18
traddododd	18
trade	-44
tradekey	7
trademark	7
trader	-8
traders	2
trades	4
trading	-34
tradition	-16
traditional	-37
traditions	-4
trados	18
traeth	43
traethawd	18
traethed	18
traethodau	32
trafferth	32
traffic	-22
trafficker	7
trafficking	7
trafod	32
tragic	7
tragically	7
trail	-28
trailblazing	7
trailer	2
trailers	6
trailfollow	6
trailing	6
trailpatrol	-2
trails	-13
train	-30
trained	-8
trainer	6
training	-36
trains	6
traipse	7
traipsing	7
trait	4
traits	2
trallod	18
trallwng	18
tram	-6
trampled	7
trampling	7
trams	4
tranquil	7
trans	6
transact	7
transacting	7
transaction	-21
transaminase	7
transbronchial	7
transcend	7
transcendence	6
transcriber	6
transcript	-19
transcription	7
transcripts	-9
transfected	7
transfer	-35
transfer-	-28
transferase	6
transfering	7
transferred	-9
transferring	6
transfers	6
transform	2
transformation	-2
transformed	7
transforming	6
transforms	7
transgenes	7
transgenic	7
transgressions	7
transgressive	7
transient	7
transit	-4
transition	-19
transitional	6
transitioned	7
transitioning	7
transitions	-9
transitory	7
translate	-8
translated	-12
translatein	7
translates	7
translating	6
translation	-11
translational	6
translators	7
translocation	6
translucent	6
transluminal	6
transmission	-2
transmit	7
transmits	7
transmitted	-2
transnational	7
transparency	-4
transparent	7
transparently	7
transpired	7
transplant	4
transplantation	4
transplanted	7
transpo	7
transport	-17
transportation	-10
transported	2
transporting	4
transports	7
transposed	2
transposition	7
transpositional	7
transsexual	6
transtensional	7
transylvania	7
trap	4
trapped	-6
trappers	7
trapping	6
trappings	7
trappist	7
traps	4
trash	-2
trashed	7
trauma	7
trav	6
travel	-33
traveled	-2
traveler	6
travelers	-4
traveling	-19
travelled	7
travelling	7
travels	-6
traversal	7
traverse	7
travis	7
trawiadol	18
tray	-2
treachery	6
treading	4
treadmill	7
treads	7
treasure	13
treasured	7
treasurer	7
treasury	-15
treasury-	7
treat	-9
treated	-23
treaties	7
treating	2
treatise	7
treatment	-29
treatments	4
treats	2
treaty	-10
tree	-37
trees	-21
treese	-8
trefn	18
trefniadau	38
trefnwyr	18
tregarth	32
treiddgar	18
treiddio	18
trek	2
tremble	7
trembled	6
trembling	7
tremendous	-4
tremendously	4
tremor	6
trench	6
trench-evrythng	7
trenchard	18
trenches	7
trend	-10
trending	6
trendio	18
trends	-15
trent	7
trenton	7
trepidation	6
trespass	7
trespassing	7
trethi	32
trethi'r	18
treuliau	18
treulient	18
treulio	43
treulio'u	32
treuliodd	18
tri	14
tri-a	7
triad	4
trial	-37
trial--	7
trials	-27
triangle	7
triangular	6
triangulate	7
triangulation	7
tribes	4
tribesmen	7
tribune	4
tributaries	4
tributary	-4
tribute	6
trick	-4
tricked	7
trickery	6
trickle	7
trickled	6
tricks	-2
tricky	7
tricycles	7
tried	-42
tries	-6
trieste	18
trifle	7
trifles	7
trifling	7
trifluoroacetamide	6
trigger	2
triggered	6
triggering	7
triglyceride	7
trigolion	18
trillion	-15
trim	-13
trimester	6
trimethylsilyl	2
trimmed	6
trimming	7
trin	18
triniaeth	18
trinity	7
trio	48
trip	-26
triphosphate	7
triple	-4
triple-	4
triplet	6
triplets	7
tripoli	7
tripped	4
tripping	7
trips	-15
tris	4
tris-	6
tris-hcl	7
trist	32
tristan	18
tristique	7
tritone	4
tritone-spanning	7
triumph	2
triumphantly	6
triumphed	7
triumphing	7
trivial	-2
trivialities	7
trivializes	7
triwch	18
trizin	7
tro	60
tro'r	18
troad	38
trodd	32
troed	32
troedfedd	32
troi	43
trombone	2
troop	6
troops	-9
troopship	7
trop	6
trophies	7
tropical	4
troth	-15
trotted	7
trotting	4
trouble	-28
troubled	-8
troubles	-4
troublesome	7
troubling	6
trough	7
troupes	7
trousers	4
trout	2
troy	-6
truce	7
truck	-18
truckloads	7
trudged	7
trudy	6
true	-50
truer	7
truest	7
truism	7
trulo	7
truly	-29
truman	28
trump	18
trumpeters	7
trumpets	7
trumps	7
truncated	7
trunk	2
trunked	7
trunks	-4
truro	-4
trusses	6
trust	-32
trustco	7
truste	7
trusted	-4
trustee	4
trustees	7
trusting	2
trusts	7
trusty	6
truth	-35
truthfully	2
truths	4
trwm	18
trwsus	18
trwy	60
trwy'r	48
trwydded	18
trwydded-am-ddim/	32
trwyddedi	18
trwyddi	18
trwyddyn	18
try	-50
trydar	18
trydarodd	18
trydydd	48
trying	-50
trylwyr	18
tryna	4
trypsin	7
trystan	18
trywydd	18
trên	32
trîo	18
trît	18
trîtio	18
tröedigaeth	18
ts	6
tschumi	7
tse	7
tsechen	7
tseun	7
tsianos	7
tsieina	18
tsim	-14
tsk	4
tsm	7
tsmith	7
tsu	7
tsuen	6
tsui	-14
tsuris	7
ttc-z	7
ttd-z	6
tu	48
tu-ilmenau	-8
tua	46
tua'r	38
tuag	50
tubes	2
tucked	2
tucker	-19
tucking	7
tucks	6
tudalen	43
tudor	6
tuduriaid	18
tudying	7
tue	-35
tueddi	18
tueddu	38
tuen	6
tuesday	-34
tuesdays	6
tuesday–	2
tuf	7
tuff	7
tugendhat	4
tugged	6
tugs	7
tuition	2
tuitions	6
tukanoans	7
tulane	7
tulkinghorn	7
tumble	7
tumbleweed	-6
tumbling	7
tumblr	7
tumors	7
tuna	4
tundras	7
tune	-6
tuned	4
tunes	7
tung	4
tunics	7
tuning	4
tunnel	4
tunnell	18
tunnels	7
tupayhey	7
tupelo	-4
tupelohoneycafe	7
tupinambaranas	7
turbo	6
turbojet	7
turbulent	7
turf	4
turing	7
turkestan	7
turkey	-10
turkeys	4
turkish	-2
turkmenia	7
turkmenistan	7
turkpower	7
turmoil	6
turn	-46
turnbuckles	7
turnbull	7
turned	-47
turner	-53
turning	-23
turnings	6
turnover	6
turnpike	6
turns	-33
turntable	7
turntables	7
turpis	7
turquoise	6
turrets	7
turtle	2
turtles	-4
tuscan	4
tuscany	6
tusk	4
tutorials	7
tv	-20
tveit	2
tvs	7
tw	7
twain	4
tweaking	7
tweeked	7
tween	4
tweens	7
tweet	-9
tweeted	7
tweets	-10
twelfth	-4
twellow	7
twelve	-59
twelve-	7
twentieth	-13
twentieth-	7
twenty	-54
twenty-five	4
twenty-four	2
twenty-three	7
twenty-two	6
twf	18
twhirl	7
twice	-24
twidale	7
twigs	6
twiiter	7
twilght	7
twilight	4
twin	7
twins	-9
twirl	7
twirling	7
twist	-6
twisted	-4
twister	7
twisting	4
twistings	7
twists	7
twit	7
twitbin	7
twitch	7
twitched	2
twitching	7
twitpic	-6
twitted	7
twitter	-9
twitterholics	7
twitterim	7
twittering	6
twitterlings	6
twitters	6
twittersphere	7
twitthis	7
twitting	6
twittr	7
twix	18
twixt	7
twizzler	7
twlc	18
twm	32
twmpathau	18
two	-64
two-	7
two-day	6
two-dimensional	7
two-thirds	7
two/	7
twrnai	32
twt	7
twtsh	18
twttr	7
twurl	-9
twyllo	32
tx	7
ty	7
tybed	32
tybia	18
tycoon	7
tyddyn	18
tydi	32
tyfodd	32
tyfu	46
tyfu'n	43
tying	6
tyler	2
tylwyth	18
tymor	38
tyngu	32
tynnodd	18
tynnu	38
tynnu'r	18
tynnwch	18
tynnwyd	18
typ	7
type	-48
typed	6
typeface	4
types	-35
typeset	7
typesetting	7
typhoon	6
typhoons	7
typical	-18
typically	-4
typifies	7
typing	4
typo	7
typograhpical	7
typographical	2
typos	4
tyrannosaur	6
tyrannosaurus	7
tyranny	4
tyrant	7
tyrd	18
tyson	7
tyst	18
tystiolaeth	18
tystiolaethu	18
tywod	18
tywydd	52
tywyll	18
tywynnu	18
tywysog	38
tywysydd	18
t·b·d	2
t·b·r	-2
t·b·s	7
t·c·p	7
t·e	7
t·f·g	4
t·g·i	-4
t·h·a	7
t·h·e·r·o·c·k	-13
t·h·x	4
t·l·s	7
t·n·f-α	6
t·n·f-α-stimulated	7
t·n·t	7
t·r·k·p	6
t·t·b	6
t·x	-8
t·x·a	-13
t·x·b	-10
t·y·j	7
tân	46
tîm	43
tôn	18
tŷ	59
tŷ'r	18
u	-53
u-	-6
u-tokyo	6
uber	7
ubiquitous	7
ubru	7
ubuntu	7
uc	7
ucamara	4
ucayali	6
uchaf	38
uchafbwynt	18
uchder	18
uchel	51
uchelgais	18
uchod	46
ucla	7
uday	7
udealor	7
udoris	7
uea	7
ueber	6
ueda	6
ufcwe	7
ufuddhau	18
ugain	53
uganda	6
ugeinfed	18
ugetsu	4
ugg	7
ugh	7
uglier	7
ugly	-12
uh	-62
uh-oh	7
uhh	7
uhhh	7
uhhhhhhh	7
ui	7
uk	19
uk/	18
uk/>	18
uk_politics	7
ukrainian	7
ulg	4
ullamcorper	6
ulrichs	2
ulster	7
ulterior	7
ultimate	-15
ultimately	-24
ultra	6
ulysses	6
um	-56
umbagog	7
umbrella	-4
umbrellas	6
umpteenth	7
umvshivkumaran	7
un	37
un-	4
un-machinelike	7
una	7
unabated	7
unable	-16
unabridged	7
unacceptable	6
unaccompanied	6
unaccountably	7
unaccounted	7
unaccustomed	6
unaffected	6
unaffiliated	7
unaffordable	7
unalterable	7
unamendable	7
unanimity	7
unanimous	6
unanimously	4
unassuming	7
unattainableyet	7
unattractive	7
unauthorized	4
unavailability	6
unavoidable	6
unaware	4
unbalanced	7
unbearable	7
unbearably	6
unbelievable	-2
unbelievably	7
unbiased	7
unbilled	7
unblacked	7
unblinkingly	7
unbridled	6
unbroken	6
unbundle	7
uncaring	7
uncensoring	7
uncertain	-6
uncertainly	7
uncertainties	6
uncertainty	-16
unchallengeable	7
unchallenged	6
unchangeable	7
unchanged	2
unchanging	7
unchecked	7
uncivilized	7
unclaimed	6
uncle	-26
uncomfortable	-2
uncommon	6
uncompressed	7
unconcerned	7
unconditionally	7
unconditioned	4
unconfirmed	4
unconscionable	7
unconscious	4
unconsciously	4
unconstitutional	4
uncontrolled	6
unconventional	7
unconvinced	6
uncoordinated	7
uncorrected	7
uncovered	7
uncovers	7
und	18
undated	7
undead	6
undeb	43
undebaeth	18
undebwyr	38
undecided	6
undeliverable	7
undelivered	7
undeniable	7
under	-45
undercover	7
undercut	7
underdog	7
underestimate	4
underestimating	7
underfoot	7
undergo	4
undergoes	6
undergoing	7
undergone	6
underground	-8
underlies	7
underlying	-10
undermine	2
undermines	7
undermining	7
underneath	-8
underperforming	7
underpinning	7
underpinnings	7
underrepresented	7
underscored	7
underscores	7
undersea	7
undersider	6
undersiders	4
understand	-49
understandable	4
understandably	4
understanding	-42
understandings	7
understands	-9
understatement	4
understood	-18
undertaken	-4
undertaker	4
undertaking	7
undertook	7
undervalued	7
underwater	-4
underway	7
underwear	4
underweight	-17
underwent	4
underworld	4
underwriting	4
undeserved	7
undeserving	7
undesirable	7
undetectable	7
undetected	2
undetermined	7
undeveloped	7
undid	6
undies	6
undignified	7
undisciplined	7
undisclosed	-24
undissuadable	7
undistinguished	6
undisturbed	6
undo	2
undogmatic	6
undone	6
undoubtably	7
undoubtedly	-4
undressed	7
undue	6
undulates	7
une	6
unearned	7
unearthed	7
unearthly	7
unearths	7
uneasiness	7
uneasy	7
uned	32
unedig	18
uneducated	6
unelectable	7
unelected	7
unembarrassed	7
unemployed	-2
unemployment	-12
unequal	7
unequaled	7
unequivocally	4
unesco	2
unethical	-4
unethically	6
uneven	7
unexpected	-8
unexpectedly	4
unexpired	7
unexplained	7
unexplored	7
unfailingly	7
unfair	-6
unfairly	6
unfamiliar	6
unfarn	18
unfathomable	7
unfavorable	7
unfed	38
unfinished	7
unfolded	7
unfolding	2
unfolds	4
unfollow	7
unfollowing	7
unforeseeable	7
unforget­table	7
unforgiveable	7
unforgiving	7
unfortunate	-6
unfortunately	-21
unfv	7
ungodly	4
ungraded	7
unh	-2
unhappiness	6
unhappy	2
unharmed	7
unhealthily	7
unhealthy	-2
unheard	6
unhelpful	6
unhindered	7
uni	7
uniaith	43
unicode	7
unicorn	6
unicorp	6
unidentifed	7
unidentified	4
unification	7
unified	4
uniformity	4
uniforms	4
unify	7
unifying	7
unig	58
unig'	18
unigedd	18
unigol	38
unigolion	32
unigryw	32
unilateral	-2
unilaterally	6
unimaginative	7
unimpeachable	7
unimportant	2
unincorporated	7
uninett	7
uninitiated	6
uninspected	7
uninsured	-8
unintended	2
unintentionally	6
uninvited	7
union	6
uniongyrchol	32
unionoheadffice	7
unions	7
uniqness	7
unique	-30
uniquely	6
uniqueness	7
unison	7
unit	-23
unite	6
united	-59
uniter	6
unites	7
uniting	7
units	-16
unity	7
univ	6
universal	-17
universalcard	7
universally	6
universe	-20
universities	2
university	-43
univesit	7
unix	4
unjustifiably	7
unjustified	7
unjustly	7
unkempt	7
unkillable	7
unknown	-17
unknown-	6
unlatched	7
unleash	6
unleashed	2
unleavened	7
unless	-31
unlike	-9
unlikely	-13
unlimited	-17
unlinked	7
unlisted	6
unload	7
unlock	4
unlocked	6
unlocking	7
unlocks	-2
unloose	6
unlucky	7
unmanned	7
unmatched	7
unmentionable	7
unmidas	6
unmistakable	7
unmistakably	6
unmitigated	7
unmotivated	7
unnamed	7
unnecessarily	2
unnecessary	-10
unnerved	6
unnerving	7
uno	19
unol	54
unorthodox	6
unpacking	7
unpaid	6
unpainted	7
unparalled	7
unpatriotic	7
unpeeled	7
unpleasant	2
unplug	6
unplugged	7
unpopular	7
unpracticed	7
unprecedented	2
unpredictability	7
unpredictable	4
unpreventable	7
unproductive	7
unpropitious	7
unprotected	7
unravel	2
unraveling	7
unread	7
unreasonable	-4
unrecognizable	7
unredacted	7
unregenerate	7
unrelated	7
unreliable	6
unremarkable	7
unrepayable	7
unrepressed	7
unresolved	2
unrest	7
unrevised	7
unrhwy	18
unrhyw	60
unrhywbeth	43
unrivaled	7
unrivalled	4
unsafe	4
unscientific	7
unscrew	7
unsecured	4
unseen	4
unsentimental	7
unserved	6
unsettled	7
unsettling	7
unsettlingly	7
unseverable	7
unshakable	7
unshined	7
unshortening	7
unsightly	7
unskilled	6
unsold	7
unsolicited	7
unspecific	7
unspecified	6
unspoiled	7
unspoken	6
unstable	-10
unstimulated	4
unstop	7
unstopped	7
unsub	7
unsubscribe	-8
unsuccessful	-10
unsuccessfully	4
unsuitable	7
unsupported	7
unsuspecting	2
unsustainable	7
unsympathetic	6
unsympathetically	7
untamable	7
untangle	7
untended	7
untested	7
unthinkable	7
unthreatening	7
untidy	7
untied	6
until	-55
untill	7
untimely	4
unto	7
untouchable	7
untouched	7
untrained	7
untram­meled	7
untrue	6
unusual	-21
unusually	7
unveiled	4
unvoiced	7
unwaith	50
unwanted	6
unwary	7
unwavering	6
unwelcome	7
unwieldy	7
unwind	6
unwitting	7
unworthy	7
unwraps	7
unyielding	4
up	-64
up-front	7
upbringing	4
upcom	7
upcoming	-13
update	-21
updated	-9
updatedepartament	7
updates	-10
updating	-12
upfront	7
upgrade	-10
upgradearea	7
upgraded	6
upgrades	7
upgrading	7
upheaval	6
upheld	2
uphill	6
uphold	2
upholds	6
upholstered	7
upholstery	7
upjohn	-8
upkeep	7
upland	7
uplands	7
uplift	-16
uplifted	4
uplifting	7
uplifts	7
upon	-45
upper	-16
uppercut	7
uppermost	7
upregulated	7
upregulates	7
upregulation	6
upright	6
uprights	7
upriver	7
uproariously	7
uprooted	4
ups	-12
upscale	4
upsell	7
upset	-13
upsetting	2
upside	-4
upsides	7
upslope	7
upstairs	-2
upstate	4
upstream	-22
upswept	7
upthrow	7
uptilt	7
upto	6
upward	2
upwardly	7
upwards	2
upwarp	6
ur	2
uranium	7
urban	-18
urbanized	7
urchins	6
urdd	38
urddas	32
urge	-4
urged	6
urgency	2
urgent	-6
urgently	-2
urges	6
urging	-2
urheimat	7
urhyw	18
uri	7
urinates	7
urine	7
url	-29
urmigroup	7
urna	7
urning	7
urnings	4
urns	7
ursodeoxycolic	7
ursprache	7
uruguay	7
us	-60
us/	7
usa	-22
usability	7
usage	-12
usages	6
usain	18
usalim	7
usand	7
usat	2
usb	7
use	-64
useable	7
used	-60
usefu	7
useful	-27
usefully	7
usefulness	6
uselessly	7
user	-31
username	7
users	-30
uses	-24
usher	7
ushered	6
ushering	7
ushers	7
using	-52
usman	7
uss	7
ussr	6
ussrsos	7
ussé	7
usual	-13
usually	-32
usurp	7
usurpation	7
usurping	7
uswa	-9
utah	4
ute	7
utensils	6
utilities	-20
utility	-13
utilization	4
utilize	2
utilized	6
utmost	4
utopaidd	18
utopias	7
utter	6
utterance	6
utterances	7
utterly	-14
utters	7
utube	7
uv	7
uw	7
uwch	50
uwchben	18
uwe	18
uwsa	6
uwsav	7
uyj	7
uyuni	7
uz	7
uzbekistan	6
uzis	7
u·a·e	6
u·b	6
u·b·s	7
u·c	7
u·c·i	7
u·c·s	-8
u·d	32
u·f	7
u·g	7
u·n·m	7
u·p·a	7
u·r	7
u·s·d	-19
u·s·d·a	-9
u·t·c	-4
u·t·p	7
u·w·a·x	7
v	-16
v-	4
v-box	7
v-rack	7
v_	6
vacant	7
vacate	7
vacating	7
vacation	-19
vacationers	7
vacationing	6
vacations	7
vaccinations	7
vaccine	-2
vaccines	7
vachon	7
vacuous	7
vacuum	-4
vaginal	7
vagrants	7
vague	-6
vaguely	6
vain	7
vainly	6
valacar	4
valastro	7
valdez	-2
valencia	7
valentine	4
valery	4
valiantly	6
valid	-12
validate	-2
validated	7
validating	6
validations	7
valley	-52
valleys	2
valleywag	7
valor	7
valuable	-21
valuation	6
value	-42
valued	-9
values	-36
valve	7
valves	7
vampire	-27
vampires	-6
vamps	7
van	-20
van-den-beld	7
vanadate	7
vanadyl	-2
vancheri	7
vancouver	4
vandalism	7
vandals	7
vanderbilt	2
vandy	7
vanessa	4
vangas	7
vanicek	7
vanilla	6
vanished	-4
vanity	-4
vanna	4
vanowen	7
var-	7
vargas	7
variability	2
variable	-6
variables	-10
variance	6
variant	6
variants	-6
variation	2
variations	-10
varied	4
varies	6
varietal	7
varieties	-2
variety	-20
various	-35
variously	6
varsity	-16
vary	2
varying	2
vasant	2
vasculature	7
vase	6
vassar	6
vast	-18
vastine	7
vastly	4
vat	7
vatican	7
vaughan	7
vault	-8
vaulted	2
vaults	6
vaunted	7
vaupes	7
vay	6
vaz	7
ve	-14
veal	7
vecchio	7
vector	2
vectors	4
veered	4
veering	7
vegas	-41
vegetable	4
vegetables	-4
vegetarian	4
vegetated	7
veggie	7
veggies	7
vehement	7
vehi	7
vehicle	-14
vehicles	-8
vehicula	7
veil	7
vein	6
veined	6
veins	7
veis	7
vel	7
velcro	7
velit	4
velocity	2
velvet	-2
velvety	7
venables	7
vencedores	7
vending	7
vendor	4
vendors	4
veneer	4
venenatis	7
veneration	7
venes	7
venetian	2
venetians	7
vengo	7
venho	7
venice	7
venkataraman	7
venkatarmani	2
venom	7
vent	7
venti	2
ventilator	6
ventilators	7
ventral	7
ventrally	7
ventricular	4
ventris	6
vents	7
venture	4
ventured	6
venturi	-8
venue	-2
venues	4
venus	4
ver	7
ver-	7
veracity	6
verb	-8
verbal	7
verbalizing	7
verbatim	-6
verdade	7
verdamp	6
verde	7
verdi	6
verdict	2
verifiable	4
verification	-2
verify	-9
verifying	7
verizon	6
verlag	7
vermont	2
vernacular	4
vernal	7
verniero	7
vernon	6
verry	7
versa	7
versatile	6
versatility	7
verse	7
version	-44
versions	13
versus	-17
vertebrae	7
vertebrates	7
vertical	-13
vertically	7
vertigo	7
very	-64
vessel	-4
vessels	6
vested	2
vet	2
veteran	6
veterans	-8
veterinarian	-2
veterinary	6
veto	2
vetoed	7
vetted	7
veut	7
vex	7
vexed	7
vexes	7
vey	7
vg	7
vhs	7
vi-	7
via	-31
viability	-17
viable	-15
viagra	2
vial	6
vibrant	2
vibrantly	7
vibrated	7
vibrational	7
vibrations	7
vibrator	7
vibrissae	-12
vibrissal	4
vic	7
vicarious	6
vice	-44
vice-	6
viceroy	6
vices	7
vichyssoise	6
vicinity	2
viciously	7
vickers	7
victim	-2
victimized	7
victims	-10
victoria	-14
victorian	4
victories	2
victors	7
victory	-13
victrola	7
vid	6
vida	7
video	-33
videogames	7
videos	6
videotaped	7
vie	7
vienna	4
vietnam	-8
vietnamese	6
view	-31
viewed	-10
viewer	2
viewers	-2
viewership	7
viewing	-8
viewpoints	6
views	-26
vigil	7
vigilance	7
vigilant	7
vignes	7
vigorous	4
vigorously	7
viigo	7
viktor	7
vile	7
villa	6
village	-23
villagers	7
villages	-13
villainess	7
villainous	7
villas	4
vim	7
vince	-35
vincent	6
vindex	7
vindicates	7
vine	7
vinegar	6
vines	4
vineyard	4
vinho	7
vintage	4
vintages	7
vintners	-10
violas	6
violate	-4
violated	-4
violates	4
violating	2
violation	-6
violations	-4
violence	-28
violencia	7
violent	-15
violently	4
violin	7
violins	2
vip	7
viper	7
viral	-2
virgilia	7
virgin	-2
virginia	-6
virginia”	18
virgins	7
virtua	7
virtual	-2
virtually	-12
virtue	2
virtues	4
virtuously	6
virulently	7
virus	-10
viruses	2
vis-à-vis	6
visa	-13
visas	7
visceral	7
visibility	6
visible	-8
visigoths	7
vision	-19
visionaries	7
visionary	7
visions	2
visit	-42
visitation	7
visited	-8
visiting	-15
visitor	-12
visitors	-22
visits	-6
vista	-2
vistas	7
vistronix	7
visua	7
visual	-14
visualization	7
vita	7
vitae	6
vital	-17
vitale	7
vitality	4
vitally	7
viticultural	4
viticulture	6
vitreous	7
vitro	2
vitruvius	7
vituperative	7
viva	7
vivamus	7
vive	6
viverra	7
vivid	-8
vividly	6
vivisimo	7
vivo	4
vj	7
vkamins	-2
vkaminski	-4
vm	6
vmh	7
vnc	6
vnf	2
vnzs	7
vo	-41
voa	7
vocal	-6
vocational	7
voce	7
vod	7
vodka	-2
vodpod	6
voeux	7
vogue	4
vohora	6
voice	-39
voiced	4
voiceless	6
voicemail	7
voices	7
voicing	7
void	-21
voiding	7
voinovich	6
vol	-4
volatile	6
volatility	4
volcanic	6
volga	6
volkov	7
volley	7
volleyball	7
volpi	7
volt	4
voltage	7
volte	7
volume	-6
volumes	6
voluminous	7
voluntarily	4
voluntary	2
volunteer	-2
volunteered	6
volunteering	7
volunteers	-9
voluptuous	7
volutpat	6
vomit	7
vomits	4
vonnie	7
vonster	7
voor	7
vortex	7
vory	7
vote	-29
voted	-24
voter	2
voters	-10
votes	-6
voting	2
votos	7
voussoirs	7
vow	7
vowels	6
vows	7
voyage	6
voysey	6
vp	4
vs	-20
vs-	7
vt	6
vu	38
vuitton	7
vulgar	6
vulgarity	7
vulnerabilities	6
vulnerability	7
vulnerable	-8
vy	7
vying	7
v·a	-17
v·b	7
v·c·r	7
v·c·r-owners	7
v·g·k·n	7
v·h·q·c	7
v·m	6
v·n·c	7
v·o·a	32
v·r	7
v·w	4
w	-32
w-	-17
w-what	7
wa	-6
waaaaaaaay	7
wabbit	7
wacko	7
wacky	7
wad	7
wada	2
waddled	7
wade	-12
wadi	7
wading	4
waed	32
wael	43
waertsilae	-9
waeth	46
waethaf	18
wafer	7
wafers	6
wag	40
wage	-16
wager	6
wagering	6
wagging	7
waging	6
wagner	7
wags	7
wagyu	18
wag”	18
wah	7
wahanol	55
wahl	7
wahm	7
wahooooo	7
wahân	18
waiohine	6
wairarapa	7
waist	-8
waistband	7
waists	7
wait	-40
waited	-10
waith	58
waiting	-40
waitng	7
waitress	4
waitresses	6
waive	4
waived	6
waivers	4
wake	-23
wakening	7
wakes	4
waking	2
wal	48
wal-mart	7
walbrecher	7
walczak	7
waldo	7
waldorf-	7
wales	26
walgreens	7
waliau	18
walk	-40
walk-in	6
walkabout	7
walked	-38
walkers	6
walking	-34
walks	-34
walkway	7
wall	-13
wallace	-2
walled	-4
wallenbrock	7
wallets	7
wallgof	18
walloped	7
wallow	7
wallowing	6
wallpaper	7
walls	-32
wallt	32
walmart	6
walnut	6
walpole	7
walsh	7
walt	7
wamu	7
wan	-4
wanchai	7
wand	7
wander	-4
wandered	4
wanderlust	7
wanders	7
wane	7
wangling	7
wanna	-24
want	-64
wanted	-50
wanting	-6
wants	-42
war	-32
waradwyddo	18
warbler	7
warbling	7
warburton	6
warchae	18
ward	2
wardrobe	2
wards	7
ware	4
warehouse	6
warehouses	6
wares	7
warfare	2
warga	7
warground	7
warily	7
wark	7
warlords	2
warm	-26
warmed	7
warmest	4
warming	-10
warmth	-6
warn	-8
warned	-2
warner	5
warning	-23
warnings	-2
warns	2
warped	7
warrant	-4
warranted	4
warrants	6
warren	-19
warring	6
warriors	6
warsoff	7
wartenberg	7
wartheg	38
wartime	7
warwick	18
warzone	7
was	-64
was-	7
wasaff	6
wasanaethu	18
wasgar	18
wasgu	18
wash	-17
washed	-8
washfngton	7
washington	-41
washington's	18
wasn	-30
wasnt	6
wasover	7
wasps	7
wastad	54
wastadol	18
waste	-15
wasted	2
wasteful	6
wastes	7
wasting	2
wastraff	38
wastrodyn	18
watch	-42
watchdog	6
watched	-21
watchers	7
watches	-16
watchful	6
watching	-46
watchlist	4
watchmen	6
water	-52
watercolour	18
watered	6
waterfall	7
waterfalls	7
waterfront	-4
waterfronts	7
watering	6
waterloo	7
waters	-19
watershed	7
watersheds	7
waterway	6
waterwheel	4
watery	4
watkins	18
watkiss	6
watson	6
wattage	7
waud	18
wave	-24
wavefiles	7
waveform	-6
waveforms	6
waver	7
wavered	7
waves	-8
waving	-2
wavy	7
waw	18
wawr	18
wax	4
waxing	7
way	-64
wayne	6
ways	-38
waythat	7
wayward	4
wbalson	-4
wc	45
we	-63
we-	7
weak	-19
weaken	6
weakened	4
weakening	6
weaker	2
weakest	4
weakly	6
weakness	6
wealth	-10
wealthiest	-2
wealthy	-12
weapon	-2
weapons	-26
wear	-22
wearable	7
wearer	7
weariness	7
wearing	-26
weary	2
weasel	7
weather	-26
weatherby	7
weathered	7
weathering	7
weatherman	7
weaves	7
weaving	4
web	-38
webapps	7
webbed	7
webeo	7
webex	7
webinar	-2
weblog	7
webmail	-15
webmaster	2
webpage	4
webreference	7
webs	7
website	-33
websites	6
webster	-2
wechat	18
wed	-30
weddaidd	18
weddill	18
weddillion	18
wedding	-6
weddol	32
weddus	18
wedgwood	7
wedi	64
wedi'i	58
wedi'r	51
wedi'u	52
wednesday	-33
wednesday–	7
wedyn	55
wed­nesday–	7
wee	4
weed	4
weeding	7
weeds	7
weeee	7
week	-52
weekday	7
weekdays	7
weekend	-27
weekends	-6
weeklong	6
weekly	-9
weeks	-41
weems	7
weensy	7
weep	7
weevil	7
wefan	58
wefannau	38
wehilion	18
wehner	6
weibel	7
weick	-12
weiddi'n	32
weider	6
weigh	-2
weighed	2
weighing	7
weighs	2
weight	-36
weighted	2
weightlessness	7
weights	6
weigle	7
weiglestown	7
weinberger	6
weini	32
weinidog	18
weinrich	2
weinyddes	18
weird	-22
weirdly	7
weirdness	7
weirdos	7
weisfield	4
weit	18
weithgar	18
weithgareddau'r	32
weithiau	54
weithiau'n	18
weithio	54
weithio'n	18
weithlu	32
weithred	18
weithredol	18
weithredu	38
weithwyr	18
weizmann	6
wel	31
welaf	18
welais	38
welch	7
welchs	7
welcome	-32
welcomes	4
welcoming	6
weld	61
welding	7
welfare	-24
welir	18
well	-17
well-being	-2
well-known	-2
wella	32
wella'i	32
wella'r	18
welliant	18
welling	7
wellington	7
wellness	6
wells	-2
welodd	46
welon	18
welsh	18
welwch	18
welwn	32
welwyd	32
wely	46
wendidau	48
wendover	-4
wendy	6
wenger	7
went	-55
wenvoip	7
wenwynig	32
wept	7
weqxmusic	7
werden	6
were	-64
weren	-2
werewolf	7
werewolves	7
werner	7
wernyfed	18
wers	18
wersi	38
werslyfrau	18
wersyll	18
wersylla	32
werth	55
wertheim	7
werthiant	18
werthoedd	18
werthu	32
wesley	2
west	-23
westbury	7
westchester	6
westeion	18
western	-38
western_unionoheadffice	7
westheimer	7
westmoreland	7
westnet	6
weston	7
westview	7
westward	4
west­ern	7
wet	-9
wetlands	-4
wetness	6
weyded	7
weydert	7
wgs	7
wh-	6
wha	7
wha-	7
wha-huh	7
whack	4
whale	6
whalen	6
whales	-2
whaley	7
whaling	7
wharf	6
what	-64
whatcha	7
whatever	-39
whatsamatta	2
whatsoever	-10
wheaton	7
whec	7
whedon	6
whee	7
wheedling	7
wheel	-27
wheelchair	7
wheelchairs	7
wheeled	7
wheeler	7
wheeling	7
wheels	-4
wheelspokes	7
when	-64
whence	4
whenever	-13
where	-64
where-	7
whereabouts	7
whereas	-17
whereby	7
whereupon	4
wherever	-9
whether	-54
whetstone	7
whew	6
which	-64
whichever	7
whiff	7
whil	7
while	-64
whim	7
whimpered	6
whimpers	6
whims	7
whimsical	7
whine	7
whined	7
whinger	6
whining	7
whiny	7
whinyard	7
whipped	4
whipping	7
whips	7
whir	7
whirled	6
whirls	7
whirlwind	7
whirring	7
whisked	7
whiskey	2
whisper	2
whispered	-8
whispering	2
whispers	7
whistles	6
whistling	6
white	-57
whited	7
whiteness	7
whites	-6
whitewash	7
whitewashed	7
whitewater	7
whitman	11
whitney	-8
who	-64
who-	7
whoa	7
whoever	-6
whol-	7
whole	-53
wholeheartedly	6
wholesale	-9
wholesaler	-2
wholesalers	-23
wholesales	7
wholly	2
whom	-28
whomever	6
whoo	7
whooosh	7
whooping	6
whoosh	7
whopsle	7
whore	7
whores	7
whos	7
whose	-41
whuffle	7
why	-64
whyte	6
wi	7
wi-	7
wib	18
wich	4
wicipedia	43
wicked	6
wicklow	4
wid	2
widdersh	7
widdowson	7
wide	-34
widebrace	7
widely	-12
widened	6
widening	6
widens	7
wider	-9
widespread	-2
widget	7
widgets	4
widler	6
widow	6
widowed	7
widows	4
width	-13
wie	6
wielded	7
wielding	7
wieuca	7
wif	7
wife	-46
wifi	-6
wig	7
wiggle	7
wigly	7
wigsphere	6
wii	-4
wiimote	7
wikholm	6
wiki	18
wikicommons	18
wikipedia	6
wil	7
wilborn	7
wild	-24
wilde	7
wildebeest	7
wildflower	7
wildlife	-44
wildlifp	7
wildly	-2
wilds	7
wildsingapore	7
wiley	7
wilfinson	7
wilkins	6
wilkinson	7
will	-64
willed	4
willful	7
willfully	7
william	-8
williams	-13
williamsburg	6
williamson	2
williamsport	7
williecrawford	7
willing	-21
willingly	4
willow	-8
willows	7
willpower	7
willy	7
wilmington	6
wilshire	7
wilson	6
wimax	7
wimby	18
win	-10
win-win	7
wince	7
wincenty	6
wind	-26
windblown	7
windboat	7
windfall	7
windo	7
window	-36
windowed	7
windowless	7
windows-ten-in-s-mode-faq	18
windowside	7
windowsill	7
winds	-14
windshield	7
windsor	18
windsurfing	7
windwos	18
windy	7
wine	-40
winegrape	7
wines	-22
wing	-12
winged	6
wingnut	7
wingnuts	4
wingo	18
wings	-9
wingspan	7
wink	4
winked	7
winking	7
winkler	6
winner	-15
winners	6
winning	-19
winnings	7
winnipeg	6
wino	7
wins	-4
winslow	6
winston	7
winston-	6
winter	-23
winters	7
winwns	18
wipes	6
wiping	4
wir	59
wire	-15
wired	-10
wireframes	7
wireless	-18
wirelessly	7
wires	4
wiretaps	4
wiring	2
wirio	32
wirion	38
wis	7
wisconsin	6
wisconsinites	7
wisdom	-15
wise	-14
wisely	4
wiser	2
wisgo	43
wish	-36
wishes	-2
wishful	7
wishing	-2
wishlist	7
wisin	7
wisse	7
wit	-4
witch	7
witch-	7
witchcraft	19
witchery	7
witek	7
with	-64
withdraw	-2
withdrawal	2
withdrawals	6
withdrawing	7
withdrawls	7
withdrew	4
withering	7
withhold	4
within	-52
without	-58
withstand	7
withstanding	7
witness	-27
witnessed	2
witnesses	-10
witold	7
wits	7
witted	6
witty	4
wives	2
wizards	7
wlad	51
wladgarol	18
wladgarwch	18
wladwriaeth	18
wleidyddol	32
wloszczowa	7
wlân	18
wmphv	7
wn	38
wna	46
wna'	46
wna'i	18
wnaeth	58
wnaethant	32
wnaethon	18
wnaethost	18
wnaethpwyd	18
wnaf	18
wnawn	18
wnawn”	18
wnba	7
wncsid	7
wnei	48
wneir	18
wneith	18
wnelo'r	18
wnes	52
wnest	32
wneud	61
wneuthum	18
wneuthuriad	18
wnewch	38
wo	-39
woah	7
wobbling	7
wobbly	7
wobr	32
woe	7
woes	7
woke	-16
woken	7
woks	7
wolak	-8
wolf	-24
wolfowitz	-4
wolfowitz-not	7
wolin	7
wolves	-25
woman	-49
womanhood	7
womb	6
women	-50
womenopausebook	7
womenopauseinteractive	7
won	-34
wonder	-34
wondered	-16
wonderful	-28
wonderfully	4
wondering	-29
wonderland	7
wonders	4
wondrous	7
wong	6
wonka	7
wont	4
woo	18
wood	-30
wooden	-20
woodlands	6
woods	-25
woodsmoke	7
woodward	6
woody	2
woof	7
woohoo	7
wool	6
wooooo	7
woot	7
woozy	2
word	1
wordand	7
worded	7
wording	4
wordpress	16
words	-48
wordt	7
wore	-13
work	-64
workability	7
workable	7
workaday	7
workbook	7
worked	-37
worker	-21
workers	-38
workflows	7
workforce	-6
workgroup	7
working	-55
workings	7
workmen	6
workout	2
workplace	2
works	-29
worksharing	7
worksharing-based	7
workshop	2
workshops	-2
workspace	7
world	-51
world-class	4
worldly	7
worlds	-4
worldview	7
worldwide	-15
worm	-2
wormhole	7
worms	7
worn	-6
worried	-13
worriedly	7
worries	6
worry	-24
worrying	2
worse	-27
worsening	2
worship	-2
worshipers	4
worshiping	7
worshipped	6
worst	-13
worsted	7
wort	7
worth	-40
worthies	18
worthwhile	7
wou	7
woud	7
would	-64
woulda	7
wouldn	-14
wouldnt	6
wound	2
wounded	-6
wounds	7
wow	-15
woychiechowski	7
wraidd	18
wraig	43
wrando	48
wrangle	7
wrangles	7
wrap	-6
wraping	7
wrapped	-10
wrapping	-4
wraps	6
wreaked	4
wreaking	7
wreck	4
wrecked	7
wrecks	7
wreiddiol	38
wren	7
wrench	4
wrenching	6
wres	32
wrested	7
wrestle	6
wrestling	7
wretched	7
wri	-6
wriggled	6
wriggling	7
wright	-13
wring	6
wrinkled	4
wrist	-6
wristlets	7
wrists	4
writ	7
write	-47
writer	-15
writers	-3
writes	-17
writhing	7
writing	-43
written	-38
wrong	-44
wrongdoers	7
wronged	7
wrongly	4
wrongs	7
wrote	-36
wrought	4
wrth	62
wrtha	18
wrthddywedyd	18
wrthfirws	32
wrthglawdd	18
wrthi	46
wrthi'i	18
wrthi'n	38
wrtho	46
wrthoch	18
wrthod	18
wrthodaf	18
wrthryfelwr	32
wrthych	18
wrthyn	38
wry	6
ws	6
wte	7
wtg	7
wtih	7
wu	7
wuite	7
wup	7
wut	7
wuth	7
wwii	7
www	13
wwwww	18
wy	38
wy'n	18
wyatt	4
wyau	43
wybod	54
wybodaeth	55
wych	52
wyddai	18
wyddai'r	18
wyddoch	18
wyddost	32
wyddwn	32
wydr	18
wyf	58
wyliadwrus	32
wyliau	46
wylio	32
wylio'n	18
wyllt	18
wyn	18
wyneb	57
wynebau	32
wyned	18
wynne	18
wynt	38
wyoming	18
wyrmtongue	7
wyt	61
wyth	24
wyth^	18
wythnos	55
wythnosau	18
wytho	18
wyvern	-8
wzor	7
w·g	6
w·g-char	4
w·i·t·r·s·f	7
w·n·w	6
w·p	4
w·r·i	4
w·r·i-centric	7
w·s·j	2
w·s·t	7
w·t·f	7
w·t·o	-8
w·u·h	7
w·v	6
w·w·a·u·k	7
w·w·w	12
wâc	18
wên	38
x	-11
x-	18
x-bcc	-8
x-cc	-8
x-fax	6
x-filename	-8
x-folder	-8
x-from	-8
x-mailer	6
x-origin	-8
x-phone	6
x-ray	7
x-rayed	7
x-to	-8
x_	-4
x_m_l	-6
x_s_l	7
xander	7
xavier	7
xb	7
xbox	6
xd	6
xerostomia	7
xerox	4
xf	7
xi	18
xian	6
xii	18
xing	7
xls	-12
xngt	7
xpress	7
xqv	7
xrror	6
xsl	7
xtensiv	7
xtrasize	4
xual	4
xubaizhi	7
xur	7
xv	7
xvii	7
xxjerseyxgirlxx	6
xxx	-57
xxxx	7
xxxxxxxxx	7
xylene	7
x·d·r	4
x·n·y	7
x·p	19
x·r	7
x·s·l	7
x·x·x·x	7
x·y	6
x·y·z	7
y	64
y-	-14
ya	-17
yaaa	7
yaaaaaaay	7
yaay	7
yace	4
yacht	4
yachts	6
yada	2
yah	7
yahoo	-5
yak	7
yale	4
yamins	7
yammering	6
yan	4
yandel	7
yang	4
yanked	6
yankee	7
yankees	2
yanni	7
yard	-13
yards	-2
yardstick	7
yardwork--	7
yarmouth	7
yarn	6
yassir	7
yat-sen	4
yau	6
yay	6
ychwanegodd	51
ychwanegol	50
ychwanegu	58
ychwanegu'r	18
ychwanegwch	54
ychydig	58
ycu	7
yda-discuss	7
yddynt	18
ydi	53
ydi'r	18
ydu	7
ydw	54
ydwi'n	18
ydwyf	18
ydy	59
ydy'r	38
ydych	59
ydym	51
ydyn	51
ydynt	32
ydyw	53
yea	7
yea-	7
yeah	-64
year	-64
yearbook	7
yearly	7
yearn	7
yearning	7
yearof	7
years	-64
yeats	6
yeeeaaaaaahh	7
yeeeah	7
yeeeee	7
yeeeeeeears	7
yeh	7
yelena	7
yell	-2
yelled	-4
yelling	-2
yellow	-13
yellowed	7
yellowstone	4
yellowy	7
yemen	7
yenta	7
yep	-17
yeromenko	7
yes	-42
yesterday	-32
yet	-51
yeung	7
yfe	18
yfe'r	18
yfed	43
yfory	51
yg	7
ygegin	18
yiddish	-21
yidish	7
yield	-2
yielded	6
yielding	7
yields	2
ying	7
yinglish	7
yju	7
yl	7
ym	61
yma	61
yma'n	18
ymadrodd	32
ymail	6
ymaith	18
ymarfer	57
ymatal	18
ymateb	55
ymbarél	18
ymca	4
ymchwil	32
ymchwilio	18
ymchwilio'r	18
ymddangos	59
ymddangosai	18
ymddangosodd	32
ymddarparu	18
ymddeol	38
ymddeoliad	18
ymddiried	18
ymddygiad	43
ymddygiadau	18
ymdrechu'n	32
ymdrin	18
ymerawdwr	18
ymestyn	18
ymgais	38
ymgartrefu	18
ymgasglodd	18
ymgasglu	43
ymgeisio	18
ymgeiswyr	50
ymgeisydd	43
ymgripio	18
ymgydnabod	18
ymgyfuno'n	18
ymgynghori	18
ymgyrch	18
ymgyrchu	32
ymhellach	18
ymhen	32
ymhle	18
ymhlith	18
ymholiad	32
ymhyfrydu	18
ymlacio	32
ymladd	53
ymladdodd	18
ymladdon	18
ymlaen	58
ymlid	18
ymlyniad	18
ymlywodraeth	18
ymn	7
ymosod	18
ymosodol	32
ymosodwyd	18
ymreolwr	18
ymroddedig	18
ymrwymo	18
ymu	7
ymuno	46
ymunwn	18
ymweld	32
ymweliad	32
ymwelwyr	32
ymwneud	38
ymwybodol	18
ymwybyddiaeth	18
ymyl	18
ym­geisydd	18
yn	64
yna	62
yna'n	43
ynadon	18
ynddi	38
ynddo	48
ynddyn	18
ynffaurllewod	18
yng	58
ynganiad	18
ynghlwm	18
ynghyd	43
ynghylch	43
ynglŷn	38
yno	62
ynon	18
yntau	43
ynteu	18
ynys	46
ynysaidd	18
ynysoedd	32
yo	-2
yoder	6
yoga	7
yogurt	4
yom	7
york	-53
yorker	6
yorkers	2
yorkshireman	7
yorkville	7
you	-64
you-	7
youin	7
youmake	7
young	-48
youngen	6
younger	-22
youngest	-6
youngster	4
youngsters	2
youngstown	-30
your	-64
youronlytw	7
yours	-30
yourself	-39
yourselves	4
yousef	6
youth	-40
youths	6
youuuu	7
ypo	6
yprifarddgw	18
yr	64
yrfa	18
yrfaoedd	18
yrriant	18
yrror	6
yrru	32
yrs	4
ysbeiliwyd	18
ysbeilwyr	18
ysbryd	46
ysbrydoliaeth	18
ysbyty	46
ysfa	32
ysgafn	43
ysgafnhau	18
ysgariad	18
ysgawen	18
ysgol	60
ysgolhaig	18
ysgolion	38
ysgrifeniadau	18
ysgrifennodd	46
ysgrifennu	46
ysgrifennydd	43
ysgwyd	32
ysgwyddau	32
ysgydwodd	18
ysmygu	18
ystafell	43
ystod	57
ystumiau	18
ystyr	48
ystyriaethau	18
ystyriaf	18
ystyriais	18
ystyried	55
ystâd	32
ysu	19
yu	6
yuan	4
yucca	6
yuck	-9
yudell	4
yuen	6
yuexiu	7
yugoslavia	7
yuletide	7
yum	-10
yung	6
yuo	7
yup	7
yuppies	7
yusuf	7
yuwe	6
yw	63
yw'n	58
yw'r	62
ywain	32
ywen	32
yxu	7
yyu	7
y·h·l	-38
y·m	7
y·o·l	-35
y·u	18
y·y·u	7
z	-54
za	7
zac	7
zacarias	7
zaftig	7
zagging	7
zalkin	7
zalmay	7
zamora	7
zap	6
zappos	7
zawahiri	6
zazzali	4
zdatny	7
zdrowie	7
zeal	6
zealand	-6
zealots	6
zealous	6
zedong	7
zeitgeist	7
zeldas	6
zen	-2
zenith	7
zeocin	7
zepu	7
zero	-64
zeroand	7
zerokaromilik	7
zeropaid	7
zest	7
zeus	-8
zhao	7
zhena	7
zheng	-22
zhenhai	7
zhou	7
zhuhai	7
zia	6
zie	7
zig	7
zig-zag	7
zigging	7
ziglar	7
zigzag	6
zim	7
zimbardo	7
zimin	6
zinc	6
zinfandel	6
zinger	7
zionism	4
zionists	4
zip	-13
zipcode	7
zippel	7
zipper	6
zipping	7
zippys	7
zisman	7
zj	7
znvg	7
zocor	6
zoetrope	7
zombie	4
zombiepocalypse	7
zombies	-8
zomg	7
zone	-22
zones	2
zoning	7
zoo	-6
zooey	6
zook	6
zookeepers	7
zoological	7
zoom	7
zoomi	6
zooming	6
zooms	6
zoot	-9
zoot-	7
zoot--suiters	7
zoot-suiter	6
zoot-suiters	4
zootoo	7
zoya	7
zozobra	-2
zu	4
zuchiewicz	6
zui	6
zunu	7
zwxslg==	7
zx	7
zxd	6
zygotes	7
zz	7
ª	-4
à	7
á	7
â	62
â'i	55
â'n	18
â'r	60
â'u	38
äã	7
äãjudith	7
äî	6
äôt	7
äû	2
æ	7
ôl	63
üarkƒ	7
üƒ	7
ŵyr	46
α	-13
β	4
β-	7
β-mercaptoethanol	7
β-phosphate	7
γ-	7
γ-amino	7
γ-phosphate	4
ε-amino	7
μg	-2
μj	7
μl	6
μm	6
σ	7
‘beth	18
‘da	32
‘di	32
‘dweud	18
‘dyn	18
‘hagr'	18
‘ni	18
‘sdim	18
‘y	18
“[wrth]	18
“amddiffyn	18
“among	18
“angor	18
“anifeiliaid	18
“ar	18
“arswydus	18
“awdurdod	18
“bargen	18
“belydryn	18
“blisgyn	18
“blodyn	18
“brwydro	18
“bydd	18
“bŵer	18
“cael	18
“camau	18
“case	18
“chenhedlu	18
“clymblaid	18
“creadigrwydd	18
“creulondeb	18
“croeso	18
“croestoriad	18
“cyflawniad	18
“cyrhaeddais	18
“datgan	18
“ddarganfod”	18
“ddeng	18
“ddychwelyd	18
“ddyn	18
“degau	18
“dieithryn	18
“dinesydd	18
“does	18
“dreulio	18
“dweud	18
“dwi	18
“dylai	18
“dyma	18
“dîm	18
“etholwyd	18
“fargen	18
“farw	18
“fe	38
“first	18
“fom	18
“fusnesau	18
“fy	18
“gadewch	18
“gael	18
“ganga	18
“ganolfan	18
“gasgen	18
“give	18
“gobaith	18
“gontract	18
“gwleidyddiaeth	18
“gyda	18
“gyfathrebwr	18
“harry	18
“hunaniaeth	18
“i	32
“ike”	18
“indiaid	18
“jane	18
“little	18
“llywodraeth	18
“lys	18
“mae	51
“mae'n	18
“mae'r	18
“maen	18
“micro-gyfrifiad”	18
“mistar	18
“my	18
“nawr	18
“newyddion	18
“ni	32
“nid	38
“nimby	18
“o	32
“ochr	18
“okay	18
“ond	18
“os	18
“pererindod”	18
“pob	18
“pobl	18
“pragmatig	18
“prifysgolion	18
“prophet”	18
“rhaid	18
“rhieni	18
“rhy	18
“rhydd	18
“roedd	32
“roeddwn	18
“rwy'n	32
“rydw	18
“rydyn	18
“rywfaint	18
“sgyrsiau	18
“teapot	18
“the	46
“tywysoges”	18
“un	18
“urddas	18
“wallgof”	18
“wan	18
“washington's	18
“wedi	18
“wel	18
“wenwynig”	18
“wirion”	18
“wnaethon	18
“y	18
“ydw	18
“ymerodraeth	18
“yn	43
“ynghlwm	18
“yr	32
€chwe	18
€pedwar	18
€saith	18
€tri	18
€un	18
€wyth	18
❶	6
❷	6
❸	6
ツ	18
